location_id,city,airport
315293a2260a8dd98ea833ba36353064,Cuba,unknown
1ba99987668cc644abab85d495208f5d,London,STN
e2290276cbc62797e1e83317359d9ccb,Philadelphia,unknown
1ffc5b5e2c1635f99d8969ea08d87fe6,London,LHR
dc82042e910d8b7acd8fb7c780f83463,Colombo,unknown
01bf003ecfc1738027cee2916262fa19,Cleveland,unknown
672ab023fc3da4ff79ebb0a9f35ed150,London,LTN
7b5cbaf8a42e72df88fddd0191e4754e,Tel Aviv,TLV
ee540b64c3e34490f862bbf83dd409df,Norfolk,unknown
fe3743931193aa4d2a2277bf34828072,Glasgow,GLA
3a397305668911d75e6a1552fbd1c4a8,Usm,unknown
9b52d23ae4365ae3870dbcdf0cdeed29,Sgn,unknown
f3d6379bc0f939a14cec29dd86fa96aa,Male,MLE
d81089656d916f6770af56af1ab2db9a,Zurich,ZRH
2c7eb5940196eeab5fa2b475830ec434,Cairns,unknown
dd185402d7e40335ca8f062d41cc937b,Trivandrum,unknown
f97c4ea7c4ebfc842d99f07a18c8755b,Naples,NAP
8ca7d6c876330cc2ff50fddf5ca4c9a6,San Jose Cabo,unknown
c895c44439d7573de566dec6e0e36213,Pune,unknown
75359f156293d52ee8d79a12f6b66e69,Springfield,unknown
4f0b8260ecddeddda95410df9ff1060d,Iasi,unknown
016fef7b450084d22d8a9ee1a57c7fbb,Calgary,YYC
1f7c40bd3de48e4a397ff84412cbe203,Hnl,unknown
d30eef3a959b1a33de10e56c44d9d6f4,Fredericton,unknown
4c4132fd93dca3c7a8d407f0e219df71,Kerry,unknown
77a69184112a8609279e9c7a03c19448,Han,unknown
e25a9302abc28c1691f488e8c7dcb2c7,San Antonio,unknown
abdeed044632d615c50b220a837e1efe,Paris,ORY
0f97122a1e80e1ff170e597bdd1d4527,Greenville,unknown
2c20ec8c460ea5085eccc2fd6c28cfc5,Ontario,unknown
331717ade2a89b3931c83ce72e95e87d,Mandalay,unknown
0ebd4420b9754e3587310ce5b29f85c6,Marquette,unknown
13b9bb261dd4c950de464aac64dfbdd7,St. Vincent,unknown
56cf7bb7b6a843459d0fe690431c3841,Aberdeen,unknown
740c177b4c04c71238f462cdcb0f1ede,Chc,unknown
db6809f5846c996b6237667fefee3f89,Dhaka,unknown
9dcdba32b0476873b16aa41655b914b2,Iran,unknown
e22e43979b2ac40980bc878e0374c531,Vvi,unknown
3ad1bdeb79c59b650b98570d94907abb,Doha,DOH
15f6cc2c4a46b5b7e38de1d14684e639,Larnaca,LCA
60111fe61874b2409a259bb007c7fe0f,Latrobe,unknown
20811c2089e53e623a0565603aeafd4e,Guatemala City,unknown
455ce3aeb1422daa02508dff95d1152e,Varadero,unknown
536df4521fbab1d6911a64d49ed505b8,El Salvador,unknown
06c8b048f12179b5b6838104230d6823,Kangerlussuaq,unknown
d15364da59925b26758461f3eb9d0c98,Tjm,unknown
f9d02d679dfbebd9e7db5afbc7c0d08e,Reykavik,unknown
4b2056bb57def774db089c132347a708,Japan,unknown
8954744cb19f983373cae5c161565322,Baku,GYD
c6e63e7d5b97cd6f3da75a53c0718c0e,A Coruna,unknown
20b03706adf4f614548e7316349f61bf,To Bradley,unknown
b77d64b45103813d809cdbd0f4bb1a5b,Podgorica,unknown
7bd56f7fce3e49e9cfd98633040984e1,Queenstown,unknown
fc928540201e44367fbe121d498baff4,Montgomery,unknown
307ffa31471d6a411a0d3d15b550dded,Bna,unknown
59406a796a36fc0dc7cfb0ac5d636573,Orh,unknown
3e3127cf04eabac2c8fe456672076906,Mot,unknown
11b1860b56ba87d0229013336c8c50f6,Gladstone,unknown
8b374fa0ee98842424fe60de413afefa,Agadir,unknown
15fb8f5c4c0a16eba8c5a7b80c303586,Belize,unknown
3f4e2a9eb0b17df30fd9754b098d7b6a,Lju,unknown
8d7973978b268e8d367a20e16c496e6e,Cgb,unknown
8913e57da5571ff54b158fdac252a59f,Clj,unknown
4634481f50809c02f94844cb20b518ce,Van Don,unknown
fb511bcad5a84150a9872885b7d1c0b4,Ixtapa,unknown
178370d78ead5075e25f88281c9fa9d1,Rgn,unknown
1a5daa6aa5a6520d1dd1ad07ba3aca1a,Sapporo,unknown
6ca23906a05df0e0671ca2e84781b2f7,Lyb,unknown
efc12ece2a8cb7601f00f8e1b312771c,Réunion,unknown
69e5bcce3f180f7c2fc36d9e2142d858,Wnz,unknown
a2204ed0d69c0a5dbf143830d2423c4b,Harbin,unknown
03aaa1667d805d435032c35b82fc3e61,Coichin,unknown
98702b07887d6ab780ee42dd2a9b432b,St Maarten,unknown
1fb72c05e6ab820a475f7e461d13d873,Kevlavik,unknown
16a5841690c004cc70c21b3038871971,Cardiff,unknown
a5362e8855f9bfc7c7f4e51e5fc7c243,Sanya,unknown
4cfe8a188e5822c6b861d2538ef7d346,Liberia,unknown
3b51e59202e6dbe2ac3fd8de3dff38e4,Coimbatore,unknown
e962ce41ee99f6c7a9b6f2c134f23996,Quepos,unknown
4dd185de88ecbc989d977e5064e3196b,Dal,unknown
c1fc07da60401f3ad4ad5d08ac153ef6,Gerona,unknown
04a6361204fa0a2f1f538a6768ca2fd4,Jammu,unknown
ff9a3c1ed8e93f163a3228a690e02cd0,Atlantic City Nj,unknown
e8649a2e4afbb9b8a9742538d93aab3f,Nwk,unknown
bcf61ccf8daf7d6bf0646b0635a6950e,Hgh,unknown
433ffcf2ae1637f4025cd6cc2f0684ad,Salvador De Bahía,unknown
5610d1a4886f8f8aed7f2d50f721e7ce,Aguascalientes,unknown
4a6fe73f4ba3cbf97f741eb42f6af94a,Wilmington,unknown
67c199c57b9be06c8e576cb5d1871178,Temuco,unknown
4a573b4fe8c868aa2fb52813c9db2f8d,Rix,unknown
0a29b9be08bb6ee186dc8a937cc8fc4d,Nha Trang Cam Ranh,unknown
a4c91f9b8b190b706f7d15a463d81ba6,Toledo,unknown
e15f11eb32145e3cb30256ecc81ed428,Greenville Spartanburg,unknown
174824b5a13fa92c3a629870eb7f5a06,Mazatlan,unknown
ecf94c53df35057ea9b3d63e3d85f639,San Andres,unknown
cc23c504ba67f0e428cb93d1722ef7fe,Quetta,unknown
6bb33f1acad0be5e8297653effee3d97,Aqaba,unknown
33f1835614b9e99b182318bcd0a4e1e9,Dla,unknown
e15044520d331ca8a2e4c3d6d28ab169,Lawton,unknown
e3c28ef48f7b5ab30ee45282c6071580,Orange,unknown
b5f370d168d66a50a818b0dd42774003,Tys,unknown
6f697b3d5b0ebb1d818ff303c36485a0,Plm,unknown
ad0e163fa6ddf094db809fa714e827ee,Gibraltar,unknown
9524d5f1edaa6b0ba781f97c9b75f0c2,Spu,unknown
642f785fc92a9ad6c15880989e42189c,Okc,unknown
f80fe5502138deeece956c2af7057cdf,St. Kitts,unknown
45b1daa3643e34aee1cb1bec0d5b02ef,Charleroi,unknown
2e23c411079fb0925099f9f3ec39ff55,Pittsburg,unknown
11265806a04278bb2f9c8928b648a994,Terceira,unknown
69f3398c77e0f087dd533922686eb077,Geg,unknown
3d1229b754ac0ab0db23b1c43f0e9346,Isle of Man,IOM
39297d1b64d781b41cfec3239987fe06,Mae Hong Son,unknown
4a40bed261ba29dc76a70bfcf607b433,Al Madinah Al Munawwarah,unknown
e71dcecca00c710d994ca56b0d4626b3,Girona,unknown
b39fe2453da73f45d8138264ff28c34f,Camagüey,unknown
88ac7b89dd204c7641ae11e06bbe67ce,Tbi,unknown
f5f2e1202d45c582533a5932baeed463,Pondicherry,unknown
6dc605ddee0db97f20d69516c9a4fed8,Mscow,unknown
c0303d4eb9bc31a46e710e2fbe08f133,Cap,unknown
7209ddc150a64a1e0e10a3a7b40259a3,Lan,unknown
a560354390fc716c95d355acb04dfe32,Yekaterinburg,unknown
cc421f20629bba0ddecdd00f9958471c,Knock,unknown
a7eb9f16fabc3bc90596242f407b50bd,Osaka - Kix,unknown
a75fa2d505ec5d15bd511d58250e03f7,Buon Ma Thuot,unknown
bc7aaccb6424774634919fb886ec179f,Kununurra,unknown
c2b7c228bd3ce84b1056a0f18e176aa9,Hișinău,unknown
832396bd42cd1ba0cc08331b62552902,Hanoi (Han),unknown
d9f39915342ca17b641493c41c1f7a80,Indianopolis,unknown
ffcb8a57b63677822f07a09edcd86cf4,Oulu,unknown
9172cdd32677927ae11484e6a11f941b,Kaohsiung,unknown
75a556676f11d41ad0de899fb1c322ce,Kuala Lumper,unknown
5fcafd5046873506467e10e8b58656d0,Panama City Beach,unknown
ff16a06df25a66ac5a2baa60606555c9,Bga,unknown
be0f533ca4286e09f83cf05284bc4f4c,Prosperpine,unknown
833be178ca16336c1eaa1fcab217c416,Hoskins,unknown
13eefddc6444cbd7b89cb9bd4a7b9667,Holguin,unknown
e56e507b00effe647b729c29425ebf87,Greater São Paulo,unknown
e3d753c026bb06c1835a03bf7b45ca39,Hervey Bay,unknown
85c92147878c2e5eeabcc7dc8804a22e,Pittsburgh Pa,unknown
67076b1ab66b00f8c67eebc56e75738d,Sharm El Sheikh,SSH
9376057484d5b55325eb1c72fef0d141,Kosice,unknown
a1c5776b7ad0a3479bf65862db310a62,Pik,unknown
b1c4ebfad6d75c9e5545b921e4ba88db,Cgl,unknown
e23a9783e494b11010c99b87a287a256,Çanakkale,unknown
f90813703298c8f848c13b5659c94f6c,Armidale,unknown
d6c6f3149468362d4749a4a148d9609e,Stl,unknown
8270f82d55b1bdd257c9298a5e632c0f,Lopndon,unknown
2b434309407dafe9f0d89d3a8ac95dbd,Pku,unknown
f89b58a714f19f1dd508272dc49d0e83,Cayo Largo,unknown
ac486de88568079b176b0bb31a67cf7b,Scranton,unknown
547fd416ab3efba865a91d26e7ac8f2b,Utopao,unknown
ddc3be9e1aa3167f43c5d4509d1c1055,Mht,unknown
8101477cfb3c79c340ce81ec55c5056a,Yuma,unknown
45725bb1f8d2615ec6f409a2b750b35c,Zhuhai,unknown
99cdaf10a8c4b98ea5b956feaace3a5b,Avani Fares,unknown
a2abf03af694e6b09fd970240c1ad109,San Juan De Puerto Rico,unknown
4e00738e626593bdd2a9cc33fdb1ecc6,Vermont,unknown
ac0576e3629f4820b20cb55e989a0708,Austin Tx,unknown
686c57cc5741776a8c57d8e9b2523939,Kaliningrad,unknown
626d168ea7f92168906f42dc28b1699a,Albany Ny,unknown
cdc9171fb16a6b0a1f0492181c37f8c8,Sardegna,unknown
7f17a0e7db946a21467fb9af35be9b70,Ogden,unknown
5bd8e41fcec657b8c5d074d93e56deb5,Constanța,unknown
791bdac037474eab549df5dc87985a9e,Ft. Wayne,unknown
ae923a8594fb8b8a0f60854927e05cb5,Athènes,unknown
96a953db02ab19f908e514b4e6fa13da,Sion,unknown
0f6db75af94b4636e25013196af34752,Ikt,unknown
aa8095857e009936472585dcae35b66b,Ghana,unknown
c6fd80fcf98f4c60f307d309d7f9724f,Mrytle Beach,unknown
d51196909347926caabbbab636e3b4f7,Heho,unknown
371806a8eeb4c27c6e48bbf277410361,Ulaanbaatar (Mongolia),unknown
b84fe346200cf2babdd1b6d868ecf3e3,Fay,unknown
2c27cf746b7023d269ead6e14bb0d7af,Pilanesberg,unknown
bbf8bac10741c97ebc7c3bf14bfa1d38,Xna,unknown
2f4b9812be9649406a6a73c75ca1a128,Loei,unknown
8a61c862a1020eb8b138a0301046fc88,Iev,unknown
5f5d0b9d4dff79d994cfd001b8462f26,Ushuaia,unknown
c2e5d908ca26c8b456b3731430bd031b,Psm,unknown
88bfab0789e29e4158f6e9a7e952fcee,Bundaberg,unknown
73045d74f9bcdab3c82849794e1d8314,Rio De Janerio,unknown
d929629eca0e5baba7ed7f069534758f,Tro,unknown
0fca107b54fba7b2c0291a4df6c11649,Oit,unknown
d19105ba56d003ca301315ac3fd21746,Montería,unknown
481df5d156b5f197706c7702f4bf7b30,Bgd,unknown
a37cc798700ba39ddfe142a58c984b51,Horta,unknown
ed77cabacea09b4a7d21641991732772,Konya,unknown
0fc21e76a343ca8b7902798ca36206bb,Ho Chin Minh City,unknown
fba347ab389e8e2cdff5b638ebb0154c,Isn,unknown
fb9fbb9175d11875bf36e1c13389dce2,Bbi,unknown
bb9539bf764634024fa8bc76cd156bfc,Rot,unknown
a0db983b2d77373293bd79a2457420af,Hartford Connecticut,unknown
f9f2be81d76bace8c02544291498e471,Edinbourgh,unknown
3301ddf1603d1ddafe91fab81ec57335,Da Nang (Dad),unknown
9288679d38864f18592b00c13e1d3b27,Jacksonville Fl,unknown
7c39f4d38f3a86ecc3bc96056eb925ff,Anderson,unknown
5d54b8d5d7b9b6a6329d6d423543d64a,Slamabad,unknown
d70c402da86574965f2a2144ee9b2976,San Paulo,unknown
9b8b6eabf2b7d40a9957e2bb824095b6,Greece,unknown
aff11b5191a05a98a2bb1c581eeda181,Durgapur,unknown
9fd69c8601d276b77286d8947f5764b4,San Josè,unknown
bb24066d29d9db3775c9508d430b1078,Beihai,unknown
d6db8c00d3d89563b4af7cc17b79aa52,Harstad-Narvik,unknown
801d7d9a26fbc77ff5eb8e8869399c9f,Jan,unknown
11ebcae16648b277aab9aab4ed790b47,Limoges,unknown
30b415457eee1397d18b9d306d63225d,Iwa,unknown
17c3d60606f05b5a1eb439520ab94d24,Rockford Il,unknown
b8a9942061d020ade1bbdcc23d3ea5eb,Ethiopia,unknown
28332748a4e8f4c519965b57ed13b199,Taiwan,unknown
06768ba22b8b6d43d124c71b829627df,Ork,unknown
ceba84fff28b2cfc30a940f073ac002f,Aitutaki,unknown
2f73d6d9722206d65567db85d8558584,Csx,unknown
b5499cfedcb60e439caa3b6b6d19c02e,Xmd,unknown
73b7e30b228a10d7f84efec01e39a781,Nwi,unknown
0db3205514f81ec4a86233c4ea76dbc7,Ft Lauderdale Florida,unknown
20023efdc0485b46bcd9d45077b9b908,Chaoshan,unknown
cb74014e3229900ed7205102f8ca86cf,Iloilo City,unknown
a0ab4bfe4df2c79a243e06c26dce85e2,Yahukimo,unknown
8ec903cadca32b2886d0f9a2da46cb30,Muskat,unknown
0710db0fb2ea23127e5917743ead16aa,Grand Forks,unknown
6bb2200fb5e4d7062445a10fc6091bef,Van,unknown
487f3d7b1f604014fc88c7ab83029b8f,Nuku'Alofa,unknown
d11095a35de377fae08a06c7c8b840da,Pleiku City,unknown
0172e75d451babce208b7f5ec44e32e4,Sulaimaniyah,unknown
3f6f1e9773ba1ed9e12041db5e36b0e3,Youngstown,unknown
926a5231626ba3778236d613cf3be1f9,Wrocław,unknown
68740849d17d3f70be246842ddd68773,Png,unknown
a99a6cac46ffceb956fa8f943a90b165,Leknes,unknown
deffa768bf704bd915eaef125c78b938,Rouyn,unknown
34ef10fda6753de3501818cd06d37f6b,Bharatpur,unknown
e3d1682eb182143d7fc45ff68839f04a,Ballina/Byron,unknown
2df213a90b6b585e6ce75d153837cfbd,Southwest Georgia,unknown
5a511db8bf021633a6edc897b136f237,Turramurra,unknown
d2da45f9fd562d4161af4771c7346c00,Fort-De-France,unknown
a9ac56358523398956ec253a04165963,Ciudad Juárez,unknown
b5396ebd538f8836866b26b9e1bab814,Riveria Maya,unknown
aca4a35c2316e77be9e22fe49c32af85,Nex,unknown
9d7d7e3ec5a722644f1ba4b25031f075,Montresl,unknown
1320d9fd29ba497921b0a71f3bfdd997,Yantai,unknown
0eacb4c35ac9e25c50d7491f8e5f01bc,Kephalonia,unknown
7bacc126ccd7c1f18797c5a9940f3482,Humberside,unknown
c64f750f264ec06363550820d7e0ecd6,Midamerica St. Louis,unknown
b6cb2d459a4f7fc9c1aee206f9f187b7,Kitchener Waterloo,unknown
4e8d941a6eb2014c67b37cb476de1b7e,Rlg,unknown
3102c33811c9acdc56eaee2b3953dc24,Palembang (Plm),unknown
839bb45e003c5f78f9cedb24c02981c3,Evansville In,unknown
c24f75372f82bcd6d42f64308aae586a,Dasllas,unknown
0acb04bd0a5e01feafc4e81608b87442,Pnom Penh,unknown
b3d86d639833ee144de3e66fc75f16c3,Cartagena To Bogota,unknown
de1059d5ed91db6dd604d47f86d40fd6,Jiuzhaighou,unknown
7f027bfd79569a536e94fcf260fcaf11,"George""",unknown
c2adb8884f265757531058b93fe3a7bc,Salisbury,unknown
2f16024559fc6d006c7e8f3e0d5eb811,Trivandram,unknown
8de76d044ab2b65144ef1a6de114fe3e,Shantou China,unknown
44d0127413a981e2c90c91147b9556d5,La Gaurdia,unknown
2622182bd45acad075206574155b4d98,Gaziantep,unknown
2fd8ebdb763a7d72399a6de4d18185ef,Hatyai,unknown
4db1db3daf44870674a8f7a193dfad41,Puerto Escondido Mexico,unknown
913f81d6ae3b9403cbe171a03210ea0a,Melpourne,unknown
1bcdc307bf76230a8faaa4d3bdadb35f,Koh Phi Phi,unknown
731959a6e427ef96c06683ad66ee32aa,Austria,unknown
65ed990b9c832ff574e5c00658190178,Ft.Lauderdale,unknown
ae56eff3246a606837bb6bdfbbc5903b,Berkeley,unknown
5337b0f8f1fb92557d3e8c74dc5a048d,Pointe À Pitre,unknown
f623d735524aa8a3ec79a2701ebb008e,Santo-Domingo,unknown
99332b04ba6c918f24d94f5a21d19649,Barce;Ona,unknown
3db34eb79710993be753c9cfffdba52b,Madris,unknown
74cb36a0313f37ae7c331b03e2249ab7,Bogotà,unknown
9b6fb4b53a09a477341614c6dc89e27b,Sft,unknown
09ef1790839ef0fc0d081781f81c307e,Yam,unknown
9ed9c2b7eb6794b4a8b6e6601d0671ff,Tericia,unknown
9334a89416f7a6a73649b1239440b5c9,Chicao,unknown
6c8297c18a86f4399a6d21989d1cefdc,Wiliston,unknown
fe4636a2e6f6aa694cf365046b3435a8,Cagayan,unknown
02b05206c6ef1c616ab9bb6aa676cab3,Savannah Ga,unknown
15a5f8e02037c2402bc8c96134eb9a00,Belagavi,unknown
184b61f5b62303ac03e14d671e428cd5,Pxm,unknown
2e7df3dfb1360ae3e26ee7b6010abddb,United States,unknown
abd41ff85273409e77aae1ee39930775,Vfa,unknown
ccad5637b114033fe920d4077dbd28e5,Harar,unknown
96376c95ac05d06f77722d59c670909d,Ende,unknown
55b72e203c0f5f5ff96bd7b006d71692,Jamica,unknown
31f396f05193eed871703f77148dcf89,Akron–Canton,unknown
937cbfac6259d5f7c3790ed9ff15cda3,Hlp,unknown
f286b1d17a528bcf166625a90fa50555,Aep-Gru And Gru-Aep,unknown
a45e1a1781b37f8247ccdae95760de52,Uyo,unknown
86f4365e8fb6759c1fa5a99125ee0a90,Maryland,unknown
48afceb8f96dd5cce2e974c8d782e8dd,West Kelowna,unknown
a57940f2fabcc5c879a218787501ef8b,Bvi,unknown
ae17b1df1428018afb58fb6e1c742846,Hdn,unknown
fe79b6954fcd26516c217beaa8641749,Cly,unknown
ea305466679885cdbfb3321333f4db7b,Montenegro,unknown
8439a2e31aa22b9e52969ca246d58793,Tarbes–Lourdes,unknown
812dbeb8761f2cb06ecfe0b1b8453025,Caro,unknown
20bee7ec5622fcc21402c52de2ae6704,San Franciasco,unknown
c08d5e33bbe62778716953cb6fc0a5ac,Beograd,unknown
2dc260e023fa24bff51d2cdfcf1a4765,Queretero,unknown
e3a5eef637d9ee18dc73e98a410f8da0,Buenos Aries,unknown
69baaf11e47020448e5cbd22527e0965,Kjevik,unknown
8c71ee240e2fc92f05df7de3ebdaddf4,Hobarat,unknown
99131fb4362320b06fef8ad451816514,Tanjung Pinang,unknown
1c368f5d8f186f83c6a5dec4521eb17c,Keyseri,unknown
398b35bdf0e92a37eadd2d49c6233b46,Greater Rochester,unknown
fbaef7522a4a272ce2967c4ecb1a707d,Szczekin,unknown
bdee8ec78f0743f85685212af8476f76,Ycd,unknown
46e2a4d5e0462245c8372eb7e35952d3,Vadadora,unknown
8f618e7c2a883851e505bc34c748b91d,Perm,unknown
b52b20b086e1dc2fd4db3dd3fb161595,Tân Sơn Nhat,unknown
34113cd91630f24a6324693fbd9717b5,Leticia Colombia,unknown
8342217eb72b8c20f324977c104e454b,Patis,unknown
ebb447df4d54ccbb3145ecf9028aba62,Tanjung,unknown
62b09cbd683f67a0feef2f9ed416a165,Mli,unknown
b343e370509629365add208ec228c2cb,Chandigargh,unknown
12a4ab1e21e05f9d545a3ae5e2951dc1,Bikaner,unknown
fa0da2e7d28e80af7b4df5d6b7908aa9,Dubuque,unknown
b428e6884ab614f0ca014ed9119163c6,Seattletojacklsonville,unknown
0ebda81dff2170a31bc64522744c848a,Mln,unknown
85e876735fded84a8fad7e5182cb46ce,Santa Maria Ca,unknown
c6bb1bad610cbb685e561984684587c1,Sbz,unknown
0f8e233506a73ba3367139cde6ea2f87,Amstsrdam,unknown
470806a289cea9194c6138a22bc85ed0,Altirana,unknown
233f33577d3c1105d50584e8f80eac70,Dothan,unknown
770e5fb8b3a3c1d887fb27f20cfc2cd8,Ayacucho,unknown
36837ec107ba21db00962509b21f97d0,Dinard,unknown
df1548d3e5f276f0db77430deda57f9a,Dubin,unknown
0a59b35b5afdeb431913fdba0eecbe3e,Miaimi,unknown
8b1bb3851234fae628b08845192c9618,Cagliari International Airport,unknown
599aecff143bd9c09fb84f458dd4352c,Vnx,unknown
b65747f0699011be4912732d139e3c7d,Washington Dc Regan,unknown
2a2dc210790a291efcbbb148ef3179f0,Jkf Tpo Kwi,unknown
4d6a0a537eea1b6cfbb590c6fcbeefc4,Nny,unknown
48e51c0a5558d64513158462068e122b,Ho Chi Minh City And Phu Quoc,unknown
adec0e48b195b84aaeb225539f111cae,Leb,unknown
c77e45b7b1fea4d81c1e58b9f7e1b216,San Jose De Costa Rica,unknown
6ed6ece37d1d78ead7f30921f3f90b2d,Eve,unknown
7fe49bb6c24b3343f2041c702c138bfb,Hubli / Bangalore,unknown
cc23158d9d5146b5f9e4afaa69d2e936,Lbo,unknown
74cd18006c4ab1c4f564e496916ca470,Calgary And Winnipeg,unknown
a0f91356e4f9d04642ec0f6689a45edb,Kiritimati,unknown
6fc9aa52b6bac1d4d9d9bf59bc788d30,Dussledorf,unknown
875af86bd32619d4b8e64fd5254dc2f8,Montreal / Doha,unknown
5ceaa27d2f3cf6ea0ccdb831756cb376,Melobourne,unknown
591625b603590df30c3b2b65e36bd466,Singaphore,unknown
3c175f61798d6c560bd149b6ea571ef3,Msp / Slc / Ams / Cdg,unknown
ade5bd964ca76a1b058a8a1cc86a9304,Moq,unknown
67d27b7499f348b011d55c9eeff03a20,D.C.,unknown
6b3e98adea76d84b0aabd3b954762fd5,Odisha,unknown
feefbe7ea27893bd5c09a5b6cf78115b,Ab Dhabi,unknown
599a29fd51bbf9b86b33db941560fcba,Минск,unknown
b6c2ea4aaa5d00b5611115f74f2a667d,North Caroline,unknown
5e6021f3b33d9aabe1e88ac5b02e92c2,Santo André,unknown
adc28ad395b0b3ec25992c50bcb7122b,Jeddah And Riyadh,unknown
992f99b5502eda466a2ae43352ed4d0f,Tequesta,unknown
01b5f90c0620cee04a9a75ceed6469c9,Warshaw,unknown
c711f04458cbad628c5df29ab6cc3eeb,Mississauga,unknown
5eef204a84722de6066d32481d711aa8,Kigali / Lusaka,unknown
0d712fd963641752ddd2c0e5f493b3be,Saint-Malo,unknown
6cf2c2ce91a2a4180dedede9923e6fb8,Fll-Iah,unknown
a5391e6d2b3cd8dda790fec5d70387c4,Munich,MUC
b894cdae8dfc2dcf53a283c25c507eca,Washington,unknown
f6239dd7ea89d9be7436ec7012804e3a,Hurghada,unknown
ab2c5facb77b730d02c3eb258a9b4937,Lisbon,LIS
81b94fce7b3430570359d7609adad806,Dallas,DFW
9c03afad7fd8f06d06ab6c859b183706,Budapest,BUD
327d4b7eea3574662cac534b29addd6b,Hagerstown,unknown
b09b4af654ddca01e2fd709af4533332,Reykjavik,unknown
1c6297e4066df1f668bfe70bbe59573d,Nashville Tn,unknown
a9c7e5ebf422371b59dc47db3cf2f831,Phuket,unknown
9f2e62ae45d9fd45799c7af44ab2025c,Bilbao,BIO
9cba239d2caf319edd58e3527bcbf6dc,Lbu,unknown
b9f9d9cf7d04a00ca44da6eb5888c3f4,Alicante,ALC
03e434f2dfaeeaf46bddf656cf30aab5,Aspen,unknown
00c49b6cdfa968ad00ef158701adda81,São Paulo,unknown
3893160007065a36ebacf0e0f7a30329,Dca,unknown
686cdb7aba20908865c6b2d618c896f3,Cobano,unknown
93199d614ad38f5c85ee176f72ece5e4,Davao,unknown
68b4dc65d9e79b605425056764cb4359,Trondheim,unknown
0a0d1b1852a7823c8a4935723b6a902f,Düsseldorf,DUS
9500ab1b8c3510cbffc1344559c5d92b,Quebec City,unknown
b244f460336927302d82bcfec85a21c2,Fort Lauderdale Fl,unknown
3dbffa47138630ce70c9d6e023a45d34,México City,unknown
3088b34090b02a0d63afa9f8c2718cc9,Vero Beach,unknown
1ed338a783268d4a9ed37fb16ee74f61,Bristol,unknown
4d8472a84fb8f555a7812b7b22ceeba0,Pty,unknown
9a5a3e25765746799505ece16d1306c4,Timisoara,unknown
f6cce5d512435e091c04076b22758a26,San José,unknown
56bdbc9f9a65ac9105d584a9abf71a63,Tromso,unknown
c1d48fa434da55adaca44d1002bcca92,Saratoga,unknown
b5365a02b258347527833e2dfdf2fd5a,Rabaul,unknown
249c2a9bb8731d070f776574990598aa,Oporto,unknown
da3655ff8708c52dbf5a558d00f3f2e4,Hurghasa,unknown
5b587dc10971b293d9c3acd9ac0748da,Nice,NCE
1bee361549a223982864d401e23161ea,Cape Verde,unknown
69dfc345b196557aabf2bfef970e8cba,Lyon,LYS
447935f1c19520bcf77a3ed9222b3014,Bey,unknown
65339614041d390c58892946f4374828,Rdu,unknown
06da55580039be4678e9c1c67d2663ba,Indire,unknown
f0a0854df4da168669618d0a81fb5eef,Innsbruck,INN
83c2a2a3622bad57b53817cfc674eb4f,Zurich,unknown
29c1bbc6efb7eb04fbe2b995563dd9be,Louisville,unknown
eea2cb7652a47703eebe562cc9880c4c,Wro,unknown
7ef595a7911af7e5ee0bc787f0ab81d7,Baton Rouge,unknown
dd6cdaa5922209076842b1f3e30d5be5,Rekjavik,unknown
6b4975242f664674532aad91da24bab1,Surat,unknown
d6ca67e7aa1ea0db97b197b59953f232,Cancún,unknown
ee57f60bc86d7e8254eed1d819546d11,Malaga,AGP
954a99a2ee6bd0afe2abef76e4ca5a3d,Phu Quoc,unknown
4a5c51089816ca10374f35b4447d8e79,Muscat,unknown
57431d3b5dc411cc60a6b90c4f3cf73f,Antigua,ANU
97e269156911eab70ae90fae10993650,Rock Springs,unknown
a85950b90a4ab485699842c86a904c0c,Ibiza,unknown
cf92b87e43083ef9cdfb8894c74362bc,Bradley International,unknown
dac5cfe1742ebafa750683514af64642,Hi Chi Minh,unknown
73c16ff77f459901ed454527d04916d2,Tel,unknown
2243bbce685008b81cdabbf65dd839bc,Inverness,INV
35a446f37fa65903eaa78c13a4b5707b,Sabiha Gokcen,unknown
09d50a24d1dad2d9fe606601b807cd30,Wilkes Barre,unknown
98d895fc2fc6849c658caae1742a69d0,Tiruchirappalli,unknown
5f183d2e8410b7e7ecc83e3b676edb55,Santa Clara,unknown
8a6ef47ab4ce70af5323fe2c95670ed9,Rotterdam,RTM
ffeb09a1c787bdb229ff9e87867c4927,Fortaleza,unknown
bdf302710cd847ff873a77da216a1fa5,San Cristóbal (Galápagos),unknown
3882e97e815e5c3479b27edcec8412f5,Krt,unknown
e4179ecbd8af8e76e41a3e0cf253b61d,Bangor,unknown
efe9cea877aedc011205e1761f40457a,Banda Aceh,unknown
e0700e3c3d098fa5ebff5f3444a2330a,Mineralnye Vody,unknown
a827f7832c8221361c2d76e2cdfd04e6,Mph,unknown
d98f2cc8f2b5bc2d549362a7fb73dbdf,Zhr,unknown
4c2bcb652c90acb39a90d2fbbd3e3403,Fez,unknown
79d5d32eec942d262d6e421a77b94d31,Yks,unknown
0c353c91ed755fc57cce44a1364d1b8e,Thandwe,unknown
6b272fb366e40762e26de90110fe5dba,Ozz,unknown
b1c11780d719f4ebf4cf82ff29db61b6,Srinagar (Kashmir),unknown
039fd3a405774e9e164a6ae2ea1bc1ee,Roma,unknown
ff512741aa8d353684a4c6426331f319,Biarritz,unknown
7d8f602d81cd8e59203db624703c301f,Saint Paul,unknown
092701e0680e80f5d6d7b03a560159fa,Biratnagar,unknown
80e7e28ebd2e67432166fd60dcce0b81,Bodo,unknown
cc35aaba97f0fc3ea928e8c89ad42089,Aguadilla,unknown
b0b11a1b6c70c5bee8b7a431fea0a1e8,Hbe,unknown
96a1f85464dc5c486b13226a27961ac0,Avp,unknown
18a986742b632b166d2104168d0e98af,Acy,unknown
f52d894638e45dad99e53d8fb8b6b621,Poznan,unknown
94266c9963271f88b6195bfda20e5c4a,Oax,unknown
1746ddf3ff6abd2dce8bd776c8282f98,Mcallen,unknown
4da0ac1cceeb1af4dcaed82d37484063,Bonaire,unknown
79d617c211654bff811a8a7735c8796c,Puerto Princesa,unknown
5d46e60a2a56aacc866358c4c7284576,Jro,unknown
2078b64930e36bc0f47ceb465f27ed36,Lubbock,unknown
5e9cec740e84ec3bcc5bfe1ebe633cae,Guerrero,unknown
63798e70a6eb7daf5630a7f00c4f7823,Wichita Falls,unknown
e8a9963e5bf8c9b9063db659978a6cd6,San Fransico,unknown
61071abfb4a0037dc571b835f5f50751,Hays,unknown
adcce262db5f26094529b39c017c8ff2,Centennial,unknown
44bd5a08f2ad06dd6c7c748c13374472,Little Rock,unknown
da776bf6d19ae27c21e54d5e47d61d5e,Sjd,unknown
2eb89f56c0689c54a07f3c4eb87d6acf,Fort Mcmurray,unknown
55ba73032883ad85ad48b1f8ff348911,\Akarta,unknown
2e56ae9ef84eab789fb5d4a0cd4339de,Great Falls,unknown
19c8deb186149335fb1306a76a70db3d,Maputo,unknown
7727a2b600e31b1d11721612509ce088,Oregon,unknown
cb3d63378b43997287e4a2c97b04bd23,Dehradun,unknown
059269d803b857414cbb2597fc75c563,Basra,unknown
0b61a66de3b251a8576a55f41a374d7b,Hailar,unknown
bec1bec8888f321511b1a90652982d76,Alb,unknown
7132bf463a29dc86ec34a259ad496c21,Thiruvananthapuran,unknown
495e1e7bf580a83a7f40625ff235ff93,Heraklio Crete,unknown
0807e6b64a4337c340f7537d392e7f22,Brazzaville,unknown
47349d3ae51d57522a6da6f2931471a4,Destin Fortwalton,unknown
cebd5553ebe1d49985cc263e8a692b7d,Torreon,unknown
d0e661c5ebe2bb9a748a756f463533f2,Ajmer,unknown
25b29d6799c74b8ea34c6be032bca5fc,Bacau,unknown
2c5c6897091832c80fbb720b54313da1,Milwaukee Wisconsin,unknown
94d4e2e9bdb90c9cf67bbb00c4dbd971,St. Croix,unknown
dd79b06f548864b48d2579b63361dbde,Ronald Reagan,unknown
64945ed6bd1ff099ee06079ea064b69c,Nome,unknown
1e57f00821ad2a763a461a52c6935592,Labuon Bajo,unknown
903fc1b3d79e4cf32b2296b8b201884d,Bre,unknown
88e086c96fcd5b970575792e0898a7c4,Mid,unknown
86869ba3818664fe3e757f9aa361f5f5,Saint Lucia,unknown
2ec239c5c7dd21757b50a832447ec44e,Dehli,unknown
2ab57b21d06d696ba02f72911881e992,Münich,unknown
0574c0afc052eb180148b8dfddd17b76,Cappadocia,unknown
82f577d817575cc26832302f93126d0d,Prn,unknown
18aa8068d376d57a518344a208496ab1,Poa,unknown
359eac1a1ffc26e1ef68ed332a51d31c,Punta Arenas,unknown
c0b0b7026ec1bb4f728fe61e8b882404,Einhoven,unknown
de90e2744118dfdab35fdf2d34bc9fe5,Rodez,unknown
fa986104b7c8ec5bd10e4c3865f03100,Anchorage Alaska,unknown
59b49403c12daf90f8553e46d76bea91,Sba,unknown
c7ac29b4a029045144c6386d2288f366,Moab,unknown
a5795d761f273d10c5643274dd367c39,Donegal,unknown
68463a5f6882251fb783c258ba8ba3e0,Ciudad Juarez,unknown
fcd92279f24e2264f7ccb86503321210,Zúrich,unknown
ab9f012044e037e9ecdad11de1b170f8,Cnf,unknown
557a7ce4ec8c8fbb03506241949d493e,Aalborg,unknown
693be544dd1cf0d69cd036895c6188ac,Casabanca,unknown
f9ee5e8b85c70d536a8e1a0ed60fa869,Smf,unknown
bc19a8d75338103e55caadfe07d4c8db,Vancover,unknown
67fe1935d36311267d94f5dc207ae85e,Sal International,unknown
43d2638b125bf3fa333c881442c7a502,Philadelhia,unknown
9a998b75330de194155138f1e4880397,Udonthani,unknown
c2f0fff7029ae1f943eaee1ae9af47fd,Ixm,unknown
4cbfec6d5be89969c0cda1f255b87c21,Chenai,unknown
7064d5e87fa75b18a67c628a687a5809,Bari,BRI
9fca13999c1d850a0f7e7d05366d8b3d,Gainesville,unknown
35c7bab6da16d35f529402a412476bcc,Yaounde,unknown
9af1d698eee9270dde6100e5ba3a46cf,Cmn,unknown
3d47c71f13b012a39d1da8aa21cd576f,Lnk,unknown
4f221ae0f4dbad993e28b65a5bc40753,Naxos,unknown
c47e083f24c83ce09ae829ed41a42c0a,Cjc,unknown
7a060794adab56a9a1b50b915882c630,Ålesund,unknown
b1fe1f5239e18631a7d428ebdc1e7839,Bzn,unknown
411b24a634591880892ce0c7e18220cc,Clq,unknown
c1a97ce90d1e415e942ade6b2b6c3f22,Mitilini,unknown
8c664455b961e510b5ff85b12ae7b145,Bhopal,unknown
9c74c20b3f45d5bd5f7cc82415ee88fe,Isla De Pascua,unknown
da3ab545e9988266002d838cd4633e0f,Kitchener/Waterloo,unknown
eaba9d7f16dac35403a24551cd2b6f05,Anjouan,unknown
aa590c4688cbccb3b3b64bdb8feb665a,Tuxtla Gutiérrez,unknown
23608ec1d59ba445d01077538d4fe3e2,Turku,unknown
6ed8ac16f453d70fe2ddbf1a7f6bb2c1,Lake Charles,unknown
fb718c7f244686fe0b127f66925a0534,Vientane,unknown
9b35ab9fc7fc4431576ed47c33b38cca,Soq,unknown
5fbad94064b411efbebbc068fc440fd9,Atlata,unknown
5827b6bfd891cd600751888aca3ca7f3,Fiumicino,unknown
200d21235933149ef3c1bb7ca9a3c439,Cgo,unknown
ffbc41ffe4fdf378abb8a0110a0c0821,Mt Kilimanjaro,unknown
3963d7c514a8193a4d77c889b065893a,Taipeii,unknown
bc1c7c211024704d58ddde7990acd8ca,San Jose Ca,unknown
db5f4a552f17b353781daee1e2efe9f2,Cox'S Bazar,unknown
86b4ea1754c3354befebc80b53c1c181,Central Nebraska,unknown
bcc54b17143452b7b9d7c98434db4cfc,Qausim,unknown
98245dbe49a41ad66381a6a590a0defd,Queensland,unknown
d0abd1152bfb9c33a9fc5afad7374548,Lck,unknown
314f4d7cc4f1287dcd273ab587fde24c,Hodaidah,unknown
cfcefd2cc4b355db01f1906967b2e82a,Washington D.C,unknown
94f9373c2f595bef75803127de5c84f7,L Guardia,unknown
f8b2b1cb81de683320c97d201cc41f97,Tsa,unknown
f91691614781dff70aedcfab4039a20b,Asmara,unknown
936b98802ca64df7ff88463e075eea87,Fih,unknown
a136d32e6e5c8dd2db245145cdb6ab17,Aho,unknown
b2aaf83c0a9dfe5a90646dcffb0a2018,San Cristobal,unknown
37804ab5d3c47ab36e4bd2fa882908c6,Dañang,unknown
a24910a6491bb868c428b7b2198979b0,Cid,unknown
aaad88b94611035c2c46e58ba88025b4,John Wayne,unknown
ac620d567f9e5df40f27cfb361ef3f7c,Joihannesburg,unknown
29730e9a8af957c51052bfe7b0515f85,Zlo,unknown
f333dcc105758df8a2ae0f3c692adb7a,Santiago De Cile,unknown
50b99c907af4f78e3adc0a057ddcf797,Ougadaougou,unknown
b786d42a68a00e33a09c0383d3600cc7,King Island,unknown
4a3ec47c2065fcca982ea3c97f6a0b0b,St.Lucia,unknown
e186c640aa5dbbce3a025c5cd3700cb9,Shiradi,unknown
b7c4dd980e7904649f728f16288cd40c,Seol,unknown
4f41edce39e4fd0326e9fa7c0fbc1f2c,Mississippi,unknown
418d87a011f00b635a3ab78c7c87baa6,Rao,unknown
5a2fc65dee64e85c0efc55fd36aec074,Brandon,unknown
eb33e87f454d1d49e372bb82a9ca1a66,Tilbisi,unknown
f2ca5bb0679b697a5018cedd2074c128,Klu,unknown
aa1ac39fb825d262551dc0d5b9c2cd39,Palmerola,unknown
b5c1acc846e856d99b7f566971a5ecf0,San Juan (Sju),unknown
99e7944c2156f5f23142f77572379300,Bandar Lampung,unknown
e27c2030d52e79b5b31cd3e5d6419d04,Pbi,unknown
d1d37f4009f0ebad77184668c3d68830,Nurnburg,unknown
c0e050fc4fc7f8067dd6cdf9fab6ac1f,Benguluru,unknown
2df7273fdb188b849d8d981f5b2c99ff,Kisumu,unknown
8237de3590c4e9f11db2293188024725,Pau,unknown
10f6555dccfda11e9c32095cef66121a,Gorakhpur,unknown
4f8e905f5e05a97b16eca3ca93283684,Toledo Express Airport,unknown
ac4444d2176e0acebbc9d0662ba9e3dd,El Calfate,unknown
bfc87a3a2d699bb2bea800f728ac08d2,Sao Miguel,unknown
b5ef09e057a77fbd90ed9dc2ab91f6b4,Nag,unknown
f28c53db59b0f49fecc4eaba288f2981,Fort Dauphin,unknown
155f5c5d89db134876850e85bf719171,Arlanda,unknown
21e2a7b568686588230a57b62b093abd,Minneapolis-Saint Paul,unknown
f21bab0950c551aa50aac49fd5d4f795,Stewart International,unknown
7cf0a6e58ffd4417e5dbd32c9807c105,Newcastle-Upon-Tyne,unknown
7d6d95bd972a8d438b3752a74f88772f,Linate,unknown
2c6f059d8edc47750ae5b418cddb9a52,Maf,unknown
3583639a859c95b9d364d920bc7e66d5,Philadelphia Then Buffalo,unknown
a289dba2d9614abba9a921255f94000c,Bamako/ Mali,unknown
77f9f1d7257e283bbd9237b5910a9c7e,Sao Paul,unknown
0a9539f9f6262f7854680190b74b7552,Portland Jetport,unknown
c40adef896880254f0368ac49f3e7996,Heraklion Crete,unknown
e97fa6253462517753e808d5f2938292,Sinagpore,unknown
d5264fb7db94a0b543b2607be2508657,Pah,unknown
cdb6057668245deb1bab040bfbc991ec,Avalon,unknown
8e50e6eefe733f466e7841c9ce9883e7,Dud,unknown
9b4cc014b80db70389865e337bc3f52e,Mtr,unknown
ce6466868cca52f4582b04581f9ab2a6,Gzp,unknown
5892cb82a96fde20545463261b7cf892,Singapire,unknown
1d827a8022f7b8f5dc36323eb0485af5,Drakes Bay,unknown
f17ad592e341fd2250799fec9df3e29a,San Bernadino,unknown
2860a1b558b95dee247930f76dc2906e,Dfx,unknown
6b1ba7bc2d3626b9a203aeb652648fa1,Yeager,unknown
84fc13dd2dcfc600d403495c0c009ed7,To Winnipeg,unknown
943af3647db5b95b146263858ffbee15,Ytt,unknown
46c7df5a50b4593c255c31dfa8484b86,Palma De Majorque,unknown
101e96e918f611109a7185227a139d6f,British Virgin Islands,unknown
8b2c93d3a7f3c05423abd6198709ecf1,Atina,unknown
851c596ccf7968c3b5e58c520ad8a773,Labasa,unknown
68b2841073308bfc432cabdd7ffd8ed6,Stx,unknown
90c88047b908d41cad9ae6476215c892,Kenya,unknown
338bd8862dadb0abccc51c6052020843,Slp,unknown
37a905c21d600c574e84cea01ab41464,Mbeya,unknown
696574586da53f8d8c365ab72494d448,Ingapore,unknown
0581fbe1d7010d309b4504aa579d16f9,South Padre Island,unknown
d9afc2e0410e9d08cfd217168a48530d,Maumare,unknown
bff18f82c05e5b02049cdaf812f8ccaf,Usa,unknown
6f08ea3699f46bdb774af2bcfb24ee70,Destin Ft Walton,unknown
d5d50d4447a7233752af40c68521dd04,Ho Chị Mình City,unknown
3b7a448bb5b38ac89a36696b386885db,Zakinthos,unknown
f80064adb77948b24b6ba13f1e536e80,Fr Lauderdale,unknown
d47d87dd2f09107a97443be372431c26,Roa,unknown
2f9502aa815e19f09d6a77fe83726f3f,Terceira Island Lajes,unknown
efa86963a6b654048fb5a649e0055e31,Bail,unknown
c52e85eafe768329b4948b47ba08cdb9,Longreach,unknown
e6addd98e9bac55c47f29b0eb9599a41,Hunstville,unknown
f38bccfeb96dfe5935f9717a051e8744,Btw,unknown
5f4565f1f5255ee5270ace04c835a962,Banyuwangi,unknown
fb677c83d521c840284d3de8aca4534a,Llibreville,unknown
633ddf315d243ca09e3fba87919ad749,Sanford Airport,unknown
ff727164cd9c961941ad79f111c069ec,Tulsa Oklahoma,unknown
9e730ec5c1bcbe7a27938a264bec6850,Kualanamu,unknown
91a114436e8d5c64b7cfb5cc9c59c2bf,Ranong,unknown
c74048d4fc5e86bc9e0fa362b2d08a95,Whyalla,unknown
1821259598aa1bfaa2fb6c6929d83c67,Topeka,unknown
8b5af21f2a4669d7148148760f9df012,Kharkiv,unknown
3e435ec1ea607f0ea108bd88b9fb5426,Khon Kan,unknown
b11c2430263098218247165c2047c1ce,Kansai Osaka,unknown
c9f778996bc568fa6dde3a6c442be94c,Ft Myers Fl,unknown
6ecc062cf9d794ec35252fa27a80f715,Whitsunday Coast,unknown
2e62d36f1ca43c4263fb24cfaabda864,Johannesburgh,unknown
e6f453db8cc31d3921d41a43451e1550,Binghamton Ny,unknown
9d425903abe5a701c86394b76dbd7491,Stocholm,unknown
3b157a40ca8b0799f19944c986658567,Smx,unknown
96d6a2ab8061cffab8e364a8bb66fbd0,Jieyang,unknown
6a2f21b5f455ecc7de5d4b41352f0ae4,Prescott,unknown
f551e0045f6f5a728ca9a139a9a88aca,Melbourbne,unknown
96c538971a504dd89d8c6463704cc4cd,Hdy,unknown
fcc407c10efdf0a24807861214d9ae96,Szeczin,unknown
9fb4639599b1404775dc546094287592,Grand Island Nebraska,unknown
bc5eb9351df59a395371705b651308af,Chc T0O Hba,unknown
6576a626a0c349bbb35aa7a718e8572d,Omsk,unknown
77b7613f0e3480512e765c21ccfc9d84,Mount Gambier,unknown
b7faeff74c24adf0d718c275e987b616,Cengkareng,unknown
726b2f20beb05450e061f35b88bcb664,Johanneburg,unknown
ad0299bcbfa456cf247bc618a178ec1d,Tijuanna,unknown
a6290ce2e32f1a93c388d1fa6c8a7532,Regan,unknown
8dccdfc457f2379a48aa8764f31ebe8d,Wagga Wagga,unknown
a3e4f01ec007149f6ba2361d9e6b69c3,Lae,unknown
658f0685e062902b0750f7b767cca5ca,Charleston Wv,unknown
142c260d828a74680877dfec089d169f,Adampur,unknown
d83014e2c18df58548069a213a2af8de,Pac,unknown
40bd12bbde2ab1a0002547dfe6b1e190,Deb,unknown
7d21a7f18fbae75e8d4caa6499ab4737,Heraqlion,unknown
0783e0778dc75ff037eb9966cfcea0bb,Medelin,unknown
77d4638b8ae70c4f27556281461973c2,Spoken,unknown
5ad2367b8f943c65a788cbee016f324b,Atrhens,unknown
b5adc6a452dba5306a67b0db04afb612,Pangkalpinang,unknown
60d46cf5695c94a6c62225638f2ce02e,Guárdala,unknown
327ab219eaa4c6be566768ea98d6798e,St Cloud,unknown
d654ed144dbcadce2c9c5d1319097765,Qatar,unknown
e4e88e07fc5ad0bd3a3e6d0f26ae61ad,Puerto Valarta,unknown
75de68baeb5edb92d64fb3c27cd01a50,Kansa City,unknown
6a935a000b4a4599638ded5997de10e8,Sandford,unknown
181e07d4ed701ea32b34b55b1c79537a,Abu Dhabi Todelhi,unknown
1e89bd49a863df2fb6799a6a4e88c27f,Christmas Island,unknown
0ad827f7e911d13caa2d2fe0ec917da5,Quinhon,unknown
bc0afb34bfa9088172f3de7aebb3f9fe,Loag,unknown
2473bcf6c8b9ccff5442f94659aea371,Cae,unknown
995bc750b06d7cac5127119f7bbed0b7,Cpp,unknown
b1d3a07014f22c4dec4083b62f4524c1,Valparaiso,unknown
9f9a6d7b183de32ac616ff56fa5f9ce7,Aqj,unknown
0fcd44ec497cb7bff18bd7027dce03f2,Portlamd,unknown
b65d365a616cfa4759c17a05406226cf,Diass,unknown
d7cf04073a71eebbc205d528879690e3,Guang Zhou,unknown
d07e864c8430679fb8e52ed106f047de,São Vicente,unknown
3ab930a4a56e331bb81903cebc77b700,Cleveland/Pittsburgh,unknown
8bd7c0c474305c3829dd5dec7fc8c393,Midura,unknown
cc2e73a272cd4247ebdb787b7f5b029c,Nuremburg Tohamburg,unknown
ea5802b5b5ec246fc7604592b037889d,Singapure,unknown
7e89faf58cc7b9918a39c841a99cd220,Ppanama,unknown
1c17b2b71e50eea47add134c4f20b019,Antanarivo,unknown
fe5c5f77ca576f865d9c8c825e388ec7,Hamiton,unknown
3a231d8f71431ffa37f533bdcac1f2b3,Nueva Loja,unknown
36f03b95690e4e4aec039f11baab2eb5,Itami,unknown
70d27ea32f5ccaee9b18fa0a5877b22c,Hongqiao,unknown
d1e168c82c8bc1943a9f9db4af9ac3a6,Singapaore,unknown
340f66febc43b28bf89d9c629b12a001,Thesalonika,unknown
a471decacce7bf0463fe38c0f3205ed4,Melourne,unknown
fe051a706f415124afa3a12ef0b4ee66,Sxr,unknown
037bacbd073bb1a2378d1b2ec543b19f,Bend,unknown
71bd9c2f9bef18d0af6f5ad1fd3afb38,Thiruvananthapu,unknown
b109c76a32afad80605925cdf1d49e9e,Halifax Stanfield,unknown
d05d1e013963ecb23528e770fd4c42aa,Puerta Gorda,unknown
f47100e85b40b78f25a42340da8e6969,Nceto Kix,unknown
61dde7ff3789d98b30351ac6d686fc1b,Chattanooga Tn,unknown
f4d7d592613df3823b6c96d7412e800e,Pasris,unknown
8ef937dc0625028e326c1434bd09a990,Bhairawa,unknown
c14d5ab43098349308ea74c41627bce2,Pamama City,unknown
01a55d95ae17bc80ecacb86a22dc2341,Kci,unknown
840015b7dc566fc3210921196ad00ebd,Athen,unknown
0dd7b83390c49692ea19cdfbf5ec5c75,Nhat Trang,unknown
9f2ed20d45432978ff4daecd9e59b0df,Lmm,unknown
392b45b2fbea9c3bc6636ccccb588c8a,Ext,unknown
dacf93c6d3d7fd1a9e6b9bb174d86a5b,Antalaya,unknown
7ad275ffc527f5775ef0025a1cf71ee0,Attadale,unknown
5bca64387ace8e8db36b6269caca3b22,Bwn & Dxb,unknown
69147be5d9f0a643a0c964698c47dca3,Sdq / Mad,unknown
e2938005244b61085385a416a200dd4b,Rejkyavik,unknown
1b215ab7eea7dabb5cea2bc3217bb5ce,Hudson,unknown
8200a1b5a704610f305c358d6eaaa872,Dussuldorf,unknown
641a6aa885e759eb5359c68b90a3fee1,Frabkfurt,unknown
4c022085763b63b452acf02f64c5e60b,Sabiha,unknown
1dee2090eb7e61f98389d41514b8a1ab,Fjärås,unknown
f4fc924e940f823bec70676516904e39,Seallte,unknown
f4586b9b3124a2844f206b561ef5b212,Cagary,unknown
4f8c1f26a8b051076a74465eab9434cb,Can/Bne,unknown
d3a3fb60a0fd4772053a9f645edb4544,Oakville,unknown
c79d3c14ff357d16a0dd9318b59884ef,Adelaide,unknown
3085c1aa3337201ca4fc24280d5ab83c,Melbourne,MEL
f1d51dcd9fda07ca9e4d55d58def4d55,Tvc,unknown
08597a905780821e3964550bdaa7d56d,Wenatchee,unknown
edc7090e6f95fe4fe9ef29747f601ac5,Milan,MXP
809698a38055d53c9fc55467784e44cc,Prague,PRG
bcaab09ade2f35d5c3311c9a1356269a,Houston,IAH
5cbc4f8dd9ce1974079cff45f6d9c657,Great Exuma,unknown
3ebfa51602f5828dbc645e56cb641f20,Buenos Aires,EZE
474f24308c66cc85ec61feeb6b85d8c0,Doha,unknown
c3a3287ea28c29d2be46af479f5f47d4,Blv,unknown
ac50152a640962e14d623dbf97551e98,Moscow,SVO
617671acc45ac947cb039fa452af0591,Vegas,unknown
0e99f6ca3db1ca0ef1f6a193b2db6d1a,Sesttle,unknown
9808fef03dc4b1a02d806bed4dc1686d,Chania,unknown
27913326c4fd55180db58f70ad6541a4,Dominican Republic,unknown
e79924510d1103a0f7011175c5c3b555,Catania,CTA
5128250dd1fc54cb970a1ec5e58ee0e9,Cvg,unknown
10af4c63d535ee88ff809804cd1e717b,Nürnberg,unknown
962eb21a1edfd73754e4dcb001fb8fc2,Aku,unknown
ba1bb099a95779114628dd003d3a6b52,Harja,unknown
e409b7c1e629d1929becdaf28801919e,Karachi,unknown
a3677abf3f40faf88da0df28ce4f53cf,Fca,unknown
3bc23d932d368440f883e004420c2779,Barbados,unknown
540e21410f5f123b19bc334515ab52cd,Ayt,unknown
553023f495b74ed3a529087927fd9d38,Kaunas,unknown
0c152de4944d0fec1fb60bc1999c795b,Grande Prairie,unknown
1568116e004bbfb88c0b4da870f1593c,Luxembourg,LUX
d888e16b7abb5ea2a76665451486df2f,Denpasar Bali,unknown
5db821b601f59e3eb166bd85e1ae72e8,Port Moresby,unknown
9dac1af0aa5140e034b3ca73b58ef6b6,Calicut,unknown
eb99d6f4e1dbcd6869d5e0ca998496e8,Lusaka,unknown
d41112f7db7d323c55c69d93eed8f66d,Raleigh,unknown
581d168038940c9874ad018c2d9f99e4,Medellín,unknown
0e75ca51e79ff35228b96736d261de8f,Bocas Del Torro,unknown
cc55120052adc6da989a9971c0f6778e,Reynosa,unknown
efdb6a9c6806d4cb21901d11a3da2443,Blaise Diagne,unknown
f56b512c0b6059ddea76ee6f68481837,Ogg,unknown
31ba5799f23df8f6e221e24f11456526,Augusta,unknown
c9936fabcdf5be0842802cf9c695f2fa,Bridgetown,BGI
5149e9ef619bf714f7e608f8a7f2cc96,Batam,unknown
8f97db677653fad1dceb2c719895ffb1,Bhairahawa,unknown
7c67d71260f5c597536191360fe9b5c1,Sez,unknown
8f396815ecc3e6176fa8f9fae0f881cc,Lih,unknown
14582c22709318462b0f652fd5b6c14b,Tortola,unknown
f29008dc7f62d827a93fae80d9ed818a,Easter Island,unknown
0b009633c99c785307a548c0468a5563,Caticlan,unknown
3a0070600e4413c3a86d778adc10aaca,Kinshasa,unknown
4d39e62a8ec1270dcb66c04fe7a35567,Caracas,unknown
2526787c0f1f7a18a3efa8ed1a1f9b1d,Banglore,unknown
785886cf606bb72e6d35a91400e3788b,Blq,unknown
33ef36ecbb38c06daed7ec849352f5f8,Yyj,unknown
d7e3b6a274abb9b2d83b7b0fcc2eb26a,Jogyakarta,unknown
5e5f8e3d7f86bdc1bf9e93d04a854101,Bozeman Yellowstone,unknown
6f8a0dc3052daf295fbcf91995099948,Krakow,KRK
f61cb1e7b8d9d4f4039083fb8c215563,Osorno,unknown
a3c78ac4ef988f978a62354f87c89046,Ukk,unknown
be02afddce7536fa4c6eea07ce077587,Fort De France,unknown
f1681ec9265089c256c2ae381218c742,White Plains,unknown
28bf8a2423a1c9967dbbac751fe804d2,Pointe A Pitre,unknown
bc03d926603caf3baf975a5fa5e4cfa5,Cardiff To,unknown
538ef1d5b1cb586400fb35589a0a1127,Recife,unknown
e49a4ab483f0fb329a4f9f717b155f83,Tos,unknown
e367d8db3066e20d5650f7543b33169d,Texas,unknown
2f96bd8194f1c27a4e7b1f4676cef47e,Kozhikode,unknown
a123407c71a6c812e3cb11ba1a7fae9c,Cmh,unknown
e6791f3b681bda01fc682bcc70a67080,Uio,unknown
cbf79b89e4c5a23d9262cb5b990802c6,Hudson Valley,unknown
ab833d404bd7135cde8f6fe29c8da985,Pqq,unknown
45e623b5f5a33c276dd8f2b60795904a,Larnaca Cyprus,unknown
5f614ba5dad814fcf7877c6f49845dfa,Moscow,DME
c7714922092d663d13c30cbf470ddce9,Salzburg,SZG
9fce9455c16b245e7fe7f8b430c05f6b,Semarang,unknown
75caed6f3fc58a876e4ded1dadb106b6,Longyearbyen,unknown
c6ad7a07fd45e4153cf151045d2af7d7,Puerto Plate,unknown
53b5661d5f14cc4c10dd5450a142793c,Dlm,unknown
a24a4f82a7f3401a2007201953a5c153,Menorca,unknown
952d493df59fe202c75146b8602f0ecc,Westminster,unknown
326eb0380a08ca350d9b85fd8135559e,Rek,unknown
5983c8d80f8b586d9e5cbfbc74a74384,Cok,unknown
47aeb5e85c973b7b6d727321916973a9,Mahon,unknown
07774666cc47dfe3f5150c95b3ff5ca6,Kalamata,unknown
a135d00329476fd35792a590f9ed6eb8,Alor Setar,unknown
82b93ebacaecd77622b7620ae9bd0cbc,Zth,unknown
4994a8b5f8ccf1557ae33e79a66bdafb,Ilulissat,unknown
f9aedd21635bd5f352a8ed5ecd00e0b7,Alabama,unknown
20542073b2be8ebcc4f7c52d9092a5f6,Rap,unknown
961d4fbd413c5c5d5e0db71a24b6dc8b,Puerto Gallera,unknown
891d310e42aee26e34dfb8e5a388f7ba,Westchester,unknown
62fa48a4e89084627957a03e1ff090d4,Astana,unknown
0a3e2e2e1fbdf9fe02c402b49f40252a,Dushanbe,unknown
842fc33422736b1b8a648dea0c886054,Pointe-À-Pitre,unknown
d1050be1e7173bf717d34aeef7755404,Coffs Harbour,unknown
6fcbe1557995cb2be640c64956aa8a04,Fat,unknown
5d3f3c09c5d5c9cdec70c344f7c4da9a,Bolton,unknown
4be2bf5ab053be65b6205bedca344926,Napoli,unknown
f97bf0fd9d1841ae3bf5927408fb2de2,Kwajalein,unknown
72c564eababac60133e9cff1850e06b6,Kch,unknown
3ceae6b96bf0ea1f8ef5ba8c3d5fac91,Victoria Falls,unknown
cf663b120105de60db57e8312687d4c5,Dar Es Salam,unknown
e05a2ffa0cd73658ce910ded9bda3c5c,Chicag,unknown
b05f445789cf9e638fc0fe7b2802f394,Queretaro,unknown
7ba25a55a978a8a8db684a4735a7ff61,Dyu,unknown
d90a911ead9834fca7681041615587ea,Geo,unknown
4d517d72ef3410bcf11c348faddea82e,Wilkes-Barre/Scranton,unknown
374323550952a546dde21304d8fa2f1a,Santa Barbara,unknown
4c7a830663a0f413d2fdd88b4a62b66b,Barcelone,unknown
0d2485a7eab268adf0038fcce4d1eaea,Bali Denpasar,unknown
593de8cc600bcdabdab0675bdef9ffef,Santarini,unknown
e4c76e55eacd4fb1414fab5cd39e054c,Rimini,unknown
a8c17d5067177a6ac82c93ca3288766d,Reu,unknown
5bd2de889fc68880238dbca68e7e9732,Zaragoza,unknown
837a2b00e6c37c6d03727d5229930b10,Rochester Ny,unknown
7a6b2bfff738f935cc21153dbfff25ae,Tofino,unknown
0458c92e08f21339c6d1dab1dff6817f,Yakima,unknown
078a1f6014ce4ac8f97495578bcd3615,Ponta Degada,unknown
842cfde2ca089383e430a2a88ccaccf9,Monterry,unknown
d6be4fdf1fac28049895fe574e560be1,Tokio,unknown
865f583aea169e25eb9b62b358d536bc,Chs,unknown
4b9fba2c6bfe0dd76349a9d48c4315e1,She,unknown
b8e85644201e3305466a8d5628a3e108,Jog,unknown
df34c0085085af735dd7b45f4d524a23,Lap,unknown
3f7ae3d055943791a462eff7dfcf86bc,Tun,unknown
ef1bc7f9983cd244ce3cc223029f9061,Samos,unknown
c4928a6ef2f4d7c7a577bd66f2a0ed8f,Shiridi,unknown
7091f1d726b50431671bf6e0573a117a,Tms,unknown
2ac4fe24424c06bccb6dd107c5d1f863,Bva,unknown
5b38e904989e65f73857f6bb937f0ff8,Miv,unknown
e13724bea3da34f92106ddf4855720dd,Ho Chi Minch City,unknown
6b2ff9b97ab3b337cedc9cd8b46745a9,Laoag,unknown
054c359a31cab6d2420c348bfec2c934,Tripoli,unknown
cd15265b768554b2ddac0d1ef575ca6c,Shymkent,unknown
ff098cbef76f277bd2124a56ab9d66e0,Maringá,unknown
e4c2b28fcf8511457202976f0cc161a8,Rampa,unknown
1c7c0a5259aee854198d08d554ce8930,Lhasa,unknown
f253003fd96275e170d1d1ddaf10bf27,Hba,unknown
1f196ea8704826e74f816578fdd47c67,Fpo,unknown
d3fda5431ace728d3b9c1efee02a91c7,Uscat,unknown
c8774081792a8c0527434fd40ac0c22c,Dmn,unknown
01c66901b74f977de6238dedb4920773,Charleston Sc,unknown
b5dc401263e8c12815aed3524e589a74,Can Tho,unknown
8c5f9252c54182a944be53ad50789183,Hoedspruit,unknown
1d092acc72ad1cb277cd07014beab9d8,Ho Chi Ming,unknown
40b75b6deea3051ac2948ce545e803fc,Sjw,unknown
0ae82f8b95ab6fcb1478198d61f42180,Kumamoto,unknown
b1635bd7736a9de69e0acdb1f02c38c0,Kinmen,unknown
1c81a2d1624e618b4bb2ea17c5aedf6d,Ipc,unknown
fd41dac77a78959577f621f3fffa5ed3,Tunisia,unknown
2094f370e14f934471152ca8d14880ae,Chenna,unknown
23379b00de497dfa0b7e85bb3496f42d,Nyaung-U,unknown
32967e84d746304ba0255c12514ccbca,San Andrés,unknown
1381081a8ec1c7662076963aa2798a2b,Terceria,unknown
8416e543ddc2a33483f627e45244d1dd,Jaclsonville,unknown
11ae0b3368a1a1328fea7f82bcfa3635,Mae Sot District,unknown
be03663832f97a68fae862bf17bef585,João Pessoa,unknown
4bf46a984c96145efe00e011c2c1f688,Ayers Rock,unknown
d0fed818ede5c497f7cda17ba7504ba1,St Johns,unknown
93cf0613dd7723366e2762dc17a3e534,Johor,unknown
e1033ec0aee45857750d86360a219d52,Urt,unknown
33752743e4e7b884780be6e3700cc0f9,México.,unknown
bef4285f91d663dd6832a5e0b5dfeeab,Bulgaria,unknown
09c66a6d370582e1264704476034f7ef,Pdg,unknown
6ee6e55ac03f446f6721ae252b220a80,Bangor Maine,unknown
5d86fda25818e2955991c8df03d3e772,Tainan,unknown
c3cc850be3fba36758fd1dd27a1710be,Hre,unknown
9e1508b7ec32150cd4110d9583af4a87,Sumbawa,unknown
c106dfdb0c275e98e861547d1bf2eb21,Flg,unknown
ac12331d26fa5ec5ad62b051655d0ed4,Chang Mai,unknown
6d4b15fe9961b390058fc7f73783bf41,Guarulhos,unknown
f6769ca05b080d29b66e2e2b9591af58,Keshod,unknown
97d46757357f6cedfe87faf72e9082bf,Brusells,unknown
b7187d7b59875f2851dbf22c69ef1aac,St Petersburg Clearwater Airport,unknown
a5ce4acdad33a32260d44d19e3a864f2,Jamnagar,unknown
7dff2b844373851ed923ea89d5088a42,Chihuahua,unknown
b75e760e39929014b37a2cce6aedd19d,Scu,unknown
dff008519cd47bd65d346eb1f8ac776c,Auk,unknown
19b21ce5dc5fec6e675351a67bb3a282,Khon Kean,unknown
be6e8bdd8a6b4e9b92ce20b8a0a99deb,Bologna Italy,unknown
ecef732d70027ad3963d7962f3b85919,Ponta Delgata,unknown
fabc7ffb0ae6bd2b7aafdcf8c354fea5,Rartonga,unknown
67f8110a0b0dd93c708b62b6db501f81,Cotonou,unknown
e2061ef6fe99eeaa18518ad5d1ab8af1,Los Angesles,unknown
563018abf7500220cac8bf0261e3e2a3,Dusserldorf,unknown
2d70b00732ce8bc252580ef79c530480,Baja,unknown
44496bb3c3eec91a470b89e53cca3e4c,Isg,unknown
76d81f99ddaaf85904c174d38ab6d9d9,Wvb,unknown
9d9991b585b2107e11abbc5eb9962eba,Bhubabneswar,unknown
947f1919f992ab8f799e0e93dee3e97a,Mexicali,unknown
e2b76347f4b29f1e135d431e7fc8713e,Minneapolis/St Paul,unknown
d7ed9cf6c1d3bf2f6efe2161bff9ace4,Boc,unknown
5e204b5925552b0869f63cdc826190c8,Ktt,unknown
2a04a0bc05f1277d05faf83b1066f610,Trelew,unknown
a5f222d34a5a102211dedc1b39cefb58,Nng,unknown
a555f7c383714069c0946af48d7b8256,Qro,unknown
7241eb1ed700c1694fda2b7385fcb17c,Ogg Maui,unknown
a8f8882cdd6f2255ad628b9a8daec0ba,Phenom Penh,unknown
1c4460d90d1b892a4c507150bf3c5dfd,C An,unknown
8d8adb10060be42aaf9bd03c0629eccf,Stockhom,unknown
b0f853c83f715cb7a3506e726c3ce4d4,Yogayakrta,unknown
b78351d943063802c314cbd5c512c7f0,Presque Isle,unknown
619b23801828f66750f4a07800351fdc,Gdz,unknown
2cc9696c9853fbd87793bb874556ac6e,Daytona Brach,unknown
17352ffe7445aa15d083588a4a5657f9,Bergamo Italy,unknown
9cb0db56da3d68bd239153acb79d4fca,Aagadir,unknown
c716a56af0e1cc9398767aa016ca2e5c,Destin Fort Walton Beach,unknown
a6d7dc032ce3099abb50b48401ef51a4,Portland Maine,unknown
39f5d6c1797aef36d1993148c94c0621,Bsb,unknown
3c52609627accfaeefb2936bbe39403e,Little Rock Ar,unknown
c5d19278fc0725d249cf0293786896c9,Gisborne,unknown
597ba6bcd1ee98f29fe2b5296b6ca0d9,Thesssaloniki,unknown
3ecf90c29f42522465326af17b8ea454,Lsbon,unknown
50345b5872abb07bf62c95b2aa28c434,Kazakhstan,unknown
8caf2287fa708cdf7be29e8ab88fd219,Ondon,unknown
bfdf1305444436b66650f96e96dd65ad,Lasi,unknown
05f7d1bed38e3b2f8083cc2f54324ee9,Cartegena,unknown
3a52d74c7bc850e255df09003ca8b627,Kimberley,unknown
de1870148cb8dbdeffeac65206271b96,Romanis,unknown
2d20fb74017c68066c510db37beacb7b,Dabolim,unknown
5a8b7e3beed2983dc8d60277487aa626,Baden Baden,unknown
be3870039e0c839fcec56cf292769cec,Athena,unknown
443051fb450b2baef738849fef1d866e,Ubai,unknown
7285e17419c5bfde0b089d507e8a5f04,Prevezza Greece,unknown
be3bdb89a9ee6cdd364cc3181fd96140,Fort St John,unknown
23bb737cfaea28b14e98613c01782a2e,Cascais,unknown
eb7165d93c1b4fe218851658c5faacf9,Edremit,unknown
92584fbe24832ea96e276f1d0b4dec78,Orlano,unknown
bff7bc388a18b8075ce1ba64799de736,São Paulo - Guarulhos,unknown
9847afaddedc74e78c84f2f051fe6ab8,Ningbo,unknown
016170097a8634de64f513906994c246,Sdk,unknown
3e174ee5f1d3e8caa3ef15d4b98b308e,Bwx,unknown
2c706c96bd9094c103e9adf1cf088ca9,Ege,unknown
7c72a782c0c758068c2e2a043b993b33,Addis Abeba,unknown
4302f9b9dfa67732aecd6acee90898d5,Monteria,unknown
98732969db50c756e47eb34cde62a963,San Jose International,unknown
a2928088d3beb97490715db5ed83f4df,Gauhati,unknown
13390cf3348a59fec4a13df1dd9c58fb,Manchestee,unknown
7f96b7fd20d2ec0968aca27216aab2eb,Chitose,unknown
f9da8d74e60f7eb9bf288a41c9a5ccb2,Phœnix,unknown
6bac270f3f3a20cc59883087c9dfe993,Jakartato Yogyakarta,unknown
4d07da4638d119558999e9dddcc807ab,Petropavlovsk Kamchatsky,unknown
1b3782bf596cbbe605740503e35b99e2,Cherry Capital,unknown
d912d7aa4c9e24159d395e5889802003,Pocatello,unknown
a79b805621ee0d3323dfa92a5ac64074,Sacrament,unknown
42581bb9f887933421e2ccaffc0b227c,Ujung Pandang,unknown
fe8dfbb63e33a08b6cd2962d2938b655,Kingscote,unknown
69621d732489b8cec4e7b820d19ec8f2,Qkl,unknown
98644ea87d18a33b7b57a4946eec2c1e,Skavsta,unknown
7f65bbdf3d9a0c282092a73cf95ec83c,Oalkland,unknown
2e4cb19b2eaf56b674578b50dcf65fd8,Pullman,unknown
08d395b2afdd2ab68c0fa67450481f0e,Killen,unknown
e574e089c8da5acb62242b8baa4136ee,Pol,unknown
456f84c8dd809c355ac786219e3c23a3,Tangiers,unknown
19907b77772a225ef44acda85984728a,Bangui,unknown
2598d26b601ef0a914b660e9d0004d58,Kuna,unknown
d53df0de155acbde53856913070a1993,Brunswick,unknown
6698f1787d8f202095b669f6adcd513c,Srinigar,unknown
4b099b7c4c4b95140fc79d1d9abeb65d,St. Loui,unknown
2053e38ee163a627f4055a2dfb0c1bb6,Largo,unknown
372933aaf0c5b30b70b9c2fa36fbb53c,Us,unknown
ec3f4c8f4e3d21567c536c70d9cfb3d4,From King Shaka,unknown
261dfceeef4194b2b7d075526e496a82,Ros,unknown
d4bafd3e95497dbc30e5eae66f0e69fd,Medicine Hat,unknown
25a6780b05cb539cb8adb4621fbe2277,Dubrovnic,unknown
e206205a6d335e864a62add4ca07a513,Tiruchirapalli,unknown
26d6210944e5d54f80fabf394422fc80,Clermont-Ferrand,unknown
9cf1492963f7cd6a3813ff9b62c56b18,Pittsburght,unknown
2d121155e37de24afda49eba8879aa85,Pokane,unknown
cdb03f261c1196b8952474e138013b03,Mikonos,unknown
7b2ae7315dd45a4a0e86dfd90f46e42f,Trivendrum,unknown
a1132a99e6bd2ff45d5484d634b3fc03,Giresun,unknown
cba2ae9ebaaa2fbddfe93c182f8234fa,Camaguey,unknown
126fb194de884cd9fcf1e19b4573211e,Newport News/Williamsburg,unknown
29cf66ced9375b4b82b6250f0d5b67a0,Guadalupe,unknown
bbea8df015b622d2941791b0f7fd5aeb,Mbs Airport,unknown
9ab5361bdbbeea03c3b8dd444296f5cc,Estonia,unknown
6ef9b02ecb04f3caa26f74c9cb6fb96e,Cnania,unknown
ef831db05bfd7105362382ecc2100173,Yka,unknown
3a3a6fe5655eb3e6738036dc6ae4c6c5,Siargo,unknown
e30933b4f196edcd68b8a96a48d5dcbb,Albuquerqe,unknown
fb795d14f3aca6ea518ec7f4dceeefa2,Tuléar,unknown
a130a7a8f718b3d172041a37ad32a2d8,Corpus Christie,unknown
ff7bdd82d0d22ccb36150120f0047461,Gatwock,unknown
c7c1460780dba00688aab88935d01c55,Ogd,unknown
99533abf7d2d825d6e94738fcee18c35,Xnn,unknown
80599661d1686b92e49adb70c996dc54,Pensecola,unknown
0f35dae141ea38b6c805efd6408014e8,Orl,unknown
a9ae6e7f3af1bc6812a91c6a5a561718,Utr,unknown
78589c70b1783a7706f5d0ce3a0d53b1,Maiduguri,unknown
73a3282ee8ec75c31989237fd1aa54eb,Destin-Fort Walton,unknown
7c4f5bf14c42a3b1d938bb4ae8e6a49c,Kearney,unknown
ac6e3e6092698863fa3728a399d0e71b,Yogakarta,unknown
a5592d0ff41cf2d23befb3d8f077f13d,Ywg-Lhr,unknown
4fca053bf7274216d78d1c7593b928fe,Montral,unknown
9b9899bbbe9616ceef13f16ee407d806,Tulihal,unknown
421e56ac4a4c33000dd6200256783c5a,Mtwara,unknown
c5888481d6de7fab909d5fcb716b04ce,Liberia Costa Rica,unknown
a06f664b75ee932138c3d9bd17ce4979,Pat,unknown
7fa9240759ca20f32cfee3a1e019df04,Sgn Ho Chi Minh City,unknown
7f63d9660a40ea6104dcab143d477f80,Dar-Es-Salaam,unknown
9b332faf219b40902a1a329c1478fa03,Muscle Shoals Alabama,unknown
ba58e6037f90e410705a5a89b71ae4c7,Toronro,unknown
3a0687c4a0a480d6558c9b87464e4aa6,Silangit,unknown
810d11458d0b5b329ac8d3fee5da6a5f,Tyr,unknown
2bafbc8c84339b2f8139956868096f75,Stanstred,unknown
ff69515af3a50d044ba5103fb79cb510,Arvidsjaur,unknown
7c27a614614bb371792e8691318a7104,Changi,unknown
0062142ade47d6b0a6f3609199be3073,Scatsta,unknown
2401464358ad00ef5c22e3fb4f0d7eee,Mismi,unknown
63797cb73891be04ebb386acbedc49ea,Saarbrücken,unknown
b5f85d5ca08f6c375588e36c4fd94915,Edinbrough,unknown
e2e25c4cfad64c21e612951bc8db98fe,Cát Bi,unknown
e27f11ce5f124a565820b4d2bb107228,Wilmington North Carolina,unknown
02af9b2a1949f62d41180e04d0e6fce6,Tijuanana,unknown
ef9a06547ac91652cb5ad897d64c2575,Btj,unknown
64c29faa52e8d2dcd6902398d583b86e,Los Angelas,unknown
6b4b0f42faae35747fe9171c658bf0eb,Almaty / Bishkek,unknown
89175c158afad4e5799e65db07e252b1,Dps / Tmc,unknown
38dfdb0b527a880c04aa59ca4fafc9d4,Manama,unknown
2893bff71d7d3b7c4df21c8646c2c1c8,South Pasadena,unknown
94cbac071773fae6efaaacdd05527de0,Borispol,unknown
d297257c189f531c1eb832a8f07cf61d,Ynt,unknown
08efe096442afa824c220a86f36e96b5,Eddah,unknown
804e14810c1b52f6714d75be7d024277,Port Saint Lucie,unknown
ade243ca863b5952167cd0c29843eded,Paris,CDG
31b7b681bbc39111e1cac5bfe268dcc9,Jakarta,CGK
28337b8b6ba31b59ed4021592fd1aba9,Bucharest,OTP
a98a68867cd88a341f68bdc883e4a98f,Malta,unknown
3f8d2c8bfe101a4fc863f710c7f2f8c1,Singapore,SIN
cf4439f1290fbf633aef87543a3ba82c,Edmonton,unknown
6cb93ba9c9904b1e21a1980906fd5536,Hartford,unknown
58127efa7c54abdb4619fb50a5a9a952,Amsterdam,AMS
1929c81de93072a03be0146e666dbf33,Southampton,unknown
6c3b3a24daddc5186b118ca8773726a4,Victoria,unknown
109596fb0b70fd123027f10b49ee85b3,Hamburg,HAM
79de700c022efb4d7d2d31c2a50edfee,Windhoek,unknown
5b2e188aa3c3278656901c841bd82bc6,Malaga,unknown
1167c541e874159e84601abce3879c24,Gdansk,unknown
cab709ab5f050c15b9be4de934cc5658,Guernsey,unknown
fbe9917438e41ccf86d7e3f3f80f8988,Panama City,unknown
7eebda515708ac81594b9649a38e3202,Italy,unknown
0883686f7e3587dc024b153bf3f28801,Osaka,unknown
f605b8483e7c6a643517d082515eae37,San Juan,unknown
5959ffc01388861720a8e52a6a5e3102,Ace,unknown
9b7a71e667d6e88fe93c5be060960fd8,Denpasar,unknown
6beb2dd9cd014862df2885c0bcd3489d,San Diego,unknown
33d31ffa6d61264f3c9ec2a8439fccbc,St. John’S,unknown
88162eaac6ef0e5a2f01112407bab803,Bahrain,BAH
3880ba2b62ad514309703599b453f91a,Pisa,PSA
f927b6e6c46a017d0cf67c099f1bfd83,San Jose,unknown
7b1cc7c24189af60efdd70ad23a846c2,Rotorua,unknown
e8004231e32d08ccfac90ba773c1a86b,Moline,unknown
8b0594b49d54b0231c30e8148ccdfa53,Myrtle Beach,unknown
d56c84982c92a8cc85afbafcc207edda,Algiers,unknown
87eebb777fd54e1c6591ab54a59a535d,Tirana,TIA
5b3d3eba012ec978ed67a7afbc133870,Xian,unknown
ae6aa68531433fae84348f99dec5cf2b,Kansas City,MCI
ac1d71d9d6467eed2a0745ae5b1c0c2d,Grand Junction,unknown
067b60adf8b4ad0ea9a719ee639ea958,Arusha,unknown
83e5e1f3fa496bb61d6b8b032e76804e,Mbj,unknown
a37a3270bb8ac85f0f9fee13ec165f19,Santa Ana,unknown
173a0025671c3d26dbafe496b36bd535,Kigali,unknown
921cabf48739dca9c473eb3a7db320f4,Mexico,unknown
4e0be5e8e48df8b678c6ed48d621b80a,Norfolk Va,unknown
b828f626b92afcdc82e0b0416d0b8d0f,Abu Dhabi,AUH
78ec74957bc93dcadc49bcfd271fd9b0,Dar Es Salaam,unknown
3f7aa5d17728704924ed7d02d46e3dfc,Santiago,unknown
6783c3deb46a97a16108be2897350d31,Memmingen,unknown
02fd500ddfea76c0bff2807cdd756976,Tarakan,unknown
9e6e91fbad6f47f1ac2bfb3f09e77dd4,Reunion,unknown
34f9d1bd920195d3c218cf05688b8a82,Lviv,unknown
eb1967f4f8bca7546be4b020339eeb37,Koa,unknown
2a26c93a7b0742f6343196720042ab20,Ashville,unknown
140d318a84062070295f0778fda4dbed,Oaxaca,unknown
0b9aa3d9a98d34fb67fb230729c405bb,Okinawa,unknown
b8cb83aed62674ad8e36caacc1b1c3b7,Finland,unknown
a929a1ad4c4a2c313fe88fdd4e4c8322,Boracay,unknown
e5e87e2f030ad0a53306b15de46d1d96,Split,unknown
d934d2d40178012c64c3b2ebe928f9dc,Mildura,unknown
0cd6a9411b39b1459b28aee21b7cdb7a,Roanoke,unknown
32ec7f4b7f32dff3f2a02cc8b6125fb0,Ppt,unknown
af50ebd5dd466f6e03611f4ba767189d,Pereira,unknown
2913c75505218053b8fbb57dc929acc9,Ponce,unknown
9c20fda6b77b5592ff5dc2f97baec773,North Eleuthera,unknown
af49d44b12a9c465a0080c98e0067c1e,Paphos,PFO
9333c9b023473664f2c94cb8b9d782fb,Terceira Island,unknown
d2f3a9bd15b706bba379bb73e80b16f3,Tsf,unknown
fa9707d1b9e96bcab50cbaad18d9d882,Kitchener,unknown
9a6a29ad08fc6b0c024474d29e4b35bb,Aruba,unknown
779d1b9e580000a0857bad0574052759,Puerto Iguazu,unknown
972849ebe437f1f7f2c1e7943e6948f3,Mendoza,unknown
22f0fd5937dfe569c120fc33d5eba4f2,Hyd,unknown
693b3696b35cb30c536452052231764c,Goi,unknown
c7b0060d77d75135b239b22e1332df59,Key West,unknown
1115e39384b92009cffb640ac37719df,Jacksonvillle,unknown
227c5a8f527366f3e76021dde333b0cf,Albury,unknown
f0ebf7c5147de4bbc14cd3409c9f7ef5,San José Del Cabo,unknown
008d81b0ad5411c9e3ebde3524e7281d,Coruña,unknown
3e58ed579f4f641da981d0786645351e,George Town,unknown
6ff516eb7217421dc97f57c246181e7c,Westchester County,unknown
f7db37417c8561da202987d25fc362bc,Tul,unknown
0de3d4e10ab8bdf10e261f2fa5ff5985,Ia,unknown
e0a4c148f42726913ddd47bff6b96622,Kos,unknown
a00ffe2eceb0e216d11db3029844b5d7,Halifax Stanfield Airport,unknown
7b1b29724c338eca72a8d645d3a735cf,Cfu,unknown
03a6278d1b270625743cd3a4643f8c58,Zihuatanejo,unknown
91cfc743c2a1d9c5293ec25feb8c99cf,Tangerang,unknown
0af80874d4fc9357caa39a93f5147768,Jodhpur,unknown
e39c871248868513aceba9c9ae40e5e4,Bloomington,unknown
eba1f9027cb895adedd46f55faeea374,Baoshan,unknown
959e820e2bdc9c5ef731d430b00a3bfa,Guam,unknown
4b4d65a108df10447c18433a13068b25,Zvk,unknown
0b469645e30c8e9c860d1dcdb7c200be,Yqq,unknown
0297ff4900c4103af23995346cc2bab0,Eagle Vail,unknown
35c0582c8ac7aaf8ecce60c968ca5052,Ssa,unknown
c2f20bb37fdf9eba2df24e9210a78269,Bho,unknown
57eccd1178c77de133076e7019a8bf83,Aza,unknown
37ae4d8db2bc3a21a6a12971e3565531,Shillong,unknown
7df40eb8eedc0f991f5b0cea29266f32,Eleuthera,unknown
9171a9feccb8159f7605c7a94870a9e1,Darbhanga,unknown
bb5df87832a1a50cd87e901df8f0151a,Bohol,unknown
c9ae41b6620ef0d19134f62e339012ab,Los Ange;Es,unknown
2013ae6a1af892e2c5e2e9d6d3156884,Deer Lake,unknown
03a44a86cb7dde0b3175027ff8ab273e,Asm,unknown
e10ce9ff61f22ce3279d95c5d034c8af,Port-Of-Spain,unknown
8c44658d805fdf10675dace8da74b783,Saint Pete,unknown
fac34b0065265cbdc8018302ba0ee8d2,Ho Chi Minh Cit,unknown
1f050b120962b16c5b506de96352d975,Sou,unknown
f261f6e267e50c04f43cc5431ef95595,Baltra,unknown
35332f3542e1e08327eb76699946260f,Abbortsford,unknown
66e0c469c537bef7f10e1d4ad2ebc48a,Malabo,unknown
0d89380a0b61ee741a2e9c9c97a0c792,Newcastle,NCL
12f478b65e6a563190cfd9d384825df8,Raleigh Nc,unknown
71343e61239fdb6fa7b1b29139e7a42c,Lbs,unknown
1a39737550d3b113d6b95ed8731aef08,Basel,BSL
16bef5b36a9c44b110c171fc9dad9ddf,Freetown,unknown
771d3e018cb67c455265f0c065972ef9,Tfs,unknown
718d0083dfdcd2aada8233da7311fcea,Cibao,unknown
deaf8ad8563cda0fa2e26016c7e7a3df,Concepcion,unknown
4948b51cbdc4d29c4423633717e90898,Cancan,unknown
e6e013d2325356083a4eda30e33d164b,Moncton,unknown
3f64c63f2168dfa5daa4a9af28709a85,Platsburg,unknown
3addc28735c44bd19d8f5525ac72528f,Jaiput,unknown
f6abc95b1663f2e59c4aef09ee9eceb3,Virgin Islands,unknown
4c12e73cf9a3477982e9fb39a598f210,France,unknown
4c896c52b4fe5ba57101bd5fe291357a,Marion,unknown
864cc0284ea0478a50bd186bb42c3593,Culiacán,unknown
bb821380fc8c3db8cf9047fbe615673b,Newquay,unknown
17c6d765e4f35c95e1b90f6fb3e31219,Kumasi,unknown
bdaf0537ed6a23557c7503c897253158,Florida Beaches,unknown
e3846b3acd39688746b2f3a428e95472,Ho Chi Minh Vity,unknown
1a35443bec25239ea204b2c0418435ce,Rab,unknown
7a85ac8976e974a2fbe5238b3e64af62,Geneve,unknown
0dee86369f74898d981f123c9e340002,Jabalpur,unknown
ae66a3f27106e588410b275841918814,Wlg,unknown
783032711fac5d5cbb1c3e22ccd8fb56,Chumphon,unknown
585bb6305bfdbd98852f0ab7d470b434,Aucklqnd,unknown
80f7923fe068551d7c333c143c21d18a,Banff,unknown
3ab2c92a17d7c552c5edefcc3e545ca2,Northwest Arkansas,unknown
662e3102ea3df12ad86e40980a776569,D0Ha,unknown
7c761879c457e43ce22205c14fc9ec1a,Savannakhet,unknown
552a7c89bdcbf9ee11f676c118f04bb9,St. Augustine,unknown
95535056578e7cd60bdbf47b30ed94b6,Upg,unknown
1e852189197aaf97770e23bf025362b8,Aomori,unknown
e5bc88453b261ea1653f586924d9fd70,Kirkenes,unknown
d34abe753adc2b637afef92e3251bd62,Haikou,unknown
0b61d94c754311eec4ff8b0619546307,Molde,unknown
cdce7c2f10b5567c421fcb579e676939,Ogl,unknown
78a450cfe893021e32ed8e1174492ced,Minnesota,unknown
3195358d3721eb5d4bea88338cf7f7e2,Milano Bergamo,unknown
626286ce4bd60de7ee1156a051646bdc,Brno,unknown
a3962784cbaf13b081f49c462df35f98,Riyadh,RUH
8211d5f60df4345f3d327eb0daca1a7e,Butuan,unknown
07832a44dceb4f42360d830477b8c726,Hui,unknown
d0f4916e6781226237d062a5b14a6a17,Bhubaneshwar,unknown
6994a8f8a7c4242d23a6e51f981baa07,Kazan,unknown
40e94bc114b0166a9563fcb32c536e63,Ho Cho Minh City,unknown
05361209827bc0c859d90bcf81a44b00,Comiso,unknown
18b389c4e2e4e54b45f1d7f02221767f,Killeen,unknown
9f7e99790e499d87d3d8321f97dfa7f4,St Martin,unknown
530f4a676eb180e785029f476e3194b2,Las Vega,unknown
66e24c3f0275becdc471b3137a14d863,Btr,unknown
1db7e1a02e980ffe9fdac5dfe7558d8e,Elp,unknown
1e9e8437b675a0ae6127f8f7f3dd5f8c,Iqaluit,unknown
2c30d865a1a0f85271f06b09a2e150d6,Palm Bay,unknown
b1cf85a16581d22ad4ef580790a15712,Zakythos,unknown
d0a7c3f4eccd24a2c48edab79c5fde20,Oskemen,unknown
d8aeb9459b41d95df723e2434585aa6b,Reus,unknown
b1afd276ff21582e6f6af827df945b2a,Lgk,unknown
116f34707cf4852d696fb4c1835bdf78,Mry,unknown
6754e2bcd845b3bf21d64c474d7d5bb4,Buf,unknown
ef28ee34d1fb2e06b4d2a38b3ee2e367,Hor,unknown
eceefca622a24cfb16193e1215e5792b,Jodphur,unknown
6e4449c53d3de84525b28777b091fd36,Alaska,unknown
52f29a149fc22452f37539d9105b652d,San Sebastián,unknown
7c876f9a5a04c668909bc333caf90ffa,Bangka,unknown
2e0754bb6f6c53f85d84a3bb6d71bd44,Carcassonne,unknown
2cac3fc185810b2a677f2094f17478f5,Sfj,unknown
36fd2b4f5f5cc5ed52fe14ef9547d02d,Port Harcourt,unknown
f0771b4360f1f5582f9b381abbea538a,Cnb,unknown
659016f59d5bac406b9b655e624559a4,To,unknown
d1358c5af33270d0a7ee82b779d93b8b,Kotor,unknown
59506988ae6cd5ff0bc8c7bbf0efc402,Invercargill,unknown
e5b974417adfc9130279eaedee15b98b,Skiathos,unknown
8963e3ded81551d4eef6a52f5133ce32,Kathmanda,unknown
e9afd44c75af39f03d3766bab1f1d008,Albeqerque,unknown
d48ee41c5f3698d653b9fb629792ca49,Ilhéus-Bahia,unknown
ebdcb65cb6cf104646c7d8b1bdf4c401,Lagos Nigeria,unknown
10ae1ae84bcb77f31cc84d1749bfa5c6,Guyana,unknown
cbf069302a961f791fba678ba15e6b4c,Batumi,unknown
2f14827818732b73670fb9b2cc6706c3,Ixg,unknown
774a23984cdaa6cb6132c734e32baedc,Ft Lauderdale Va Jacksonville,unknown
2678064467103e41682c129fca20e629,Ténérife,unknown
cc2d62a70e931e5f055b994a9832da10,Dallss,unknown
feaac1831b772182b8664cff654b1f7b,Kef To Jfk,unknown
32361cdf624f5ae1c906758b80892cc9,Ded,unknown
346173f45be62aed28ae316b634a15a0,La Romana,unknown
da7e1a8a981e3bee21baf10817a886ac,Moruya,unknown
d51f83f1eb1b0c792730c646097d9509,Aiuh,unknown
de106c7be7d157cc9033b970db0ee5c6,Ubon,unknown
8da07ffc317fb43f9bcd5f45b247b66f,Ntr,unknown
66bda3ef25310845eb8d91e95ff4a9fc,Novosibirsk,unknown
3d2911076c4005bd49ce3e063c236fb5,Saba,unknown
a0b76c2ccb349e0860ebcbb7ab57e0b4,Volgograd,unknown
c252a2735022b84575d1e8cd8c5dd179,Kkj,unknown
d61a08bff87f43c13cdc3b1650b1f4f6,Poitiers,unknown
9cacf19ae22bb471705b95ddfac4f68f,Pohnpei,unknown
8bc0d89351ea905fcbf886bb8e77fb3a,Frankurt,unknown
7db019ba045ba286a616c7ffaafba58e,Pri,unknown
9586130f67e5bbe1f51dd1698aadbb8e,Longyearbyen-Svalbard,unknown
c6d9ac1897aa7fd8c12496dcedff1963,Klo,unknown
b7b961a1877d6e4bcf2935a6ec0c9ac8,Lousiville,unknown
506fb7fc42dc27a88475436ee6d94277,Guanacaste,unknown
dd464f6475fb871407398767b470fe28,Cancun Mexico,unknown
93663940fe1d76677747207d683a1d47,Kotoka,unknown
928c4dc60a4f4e87344961a360d0104e,Sal Island (Cabo Verde),unknown
15315fff42cab009787008b087d4c657,Lla,unknown
dcc2432df40567ec5735ddadfceebea6,Kaohshiung,unknown
29002bb154ca351e07c511b224423025,Mrv,unknown
37481bdcb2eee4c423c04157017aad61,Petropavlovsk,unknown
5b57e716eacf673a61c33ce0e23359f8,Kooddoo,unknown
9c39e28130bdcbcccd9a3c7b9869d352,Cuyo,unknown
406e1a0808644a0ccd23b722fe04bb29,Juba,unknown
1801efaa47e36e733cac5e07df424d1e,Ouarzazate,unknown
952c9a68c925bd961de9fbaf6816c135,Port Villa,unknown
ea0b46f1eb3b06b1812cdc1e8030c568,Jahannesburg,unknown
c0091b0cb19ac7f4c5dd369244daf583,Pangkalan Bun,unknown
db094ff6d9f7b630349fa7841d117db7,Pnomh Phen,unknown
99315b3204c8f6243a72071dc8f0d07d,Buq,unknown
b972ffea41abd16835605de2c69e757e,Atw,unknown
217ba8bbeab927d37d9322fcbc2da6bf,Lej,unknown
4c5e1c20d20ed60332d6214af6bbf46f,Corsica,unknown
b0891a29e1cc8317debc8fbf4d0700f4,Vilnus,unknown
219fc713837de9a4ee2de42bd0c5d696,Destin/ Ft Walton,unknown
4aafd4fb1b101d1e27338a91b361d365,Kihei,unknown
b7b9cabf222274563e92b67128b301d8,Chattogram,unknown
87e1ad81a680b5d7c2479ef8bddc6651,Atanta,unknown
08ea7d9eff1c32ca00f2c1e1c9b670d0,Amarillo,unknown
9b8d784aa8fbd8fb31f8944cca13f1bf,San Ramon,unknown
ff85fdafcd551388a9ee98674c27b0f5,St Barth,unknown
b0ad68a925793c6404d8d700f5502000,Thanh Hoa,unknown
7ee4ec6f2bd18e92a561559645c66f39,Sky Harbor,unknown
6dfb41dae12f762d9234a3f78ff6d8a2,Puerto Montt,unknown
b47cd209938f23318cc156e313c659f3,Port Au Prince,unknown
d901b9d76e4526534e7445c85ace27f1,Sarasota Florida,unknown
4840bfa0b98f97ae57a5797367d65268,Gzt,unknown
6250fd843da7f4e07532c42b781eefcf,Iistanbul,unknown
0c10a2e2eee54e0e1438a950dfa04e8e,Xiengkhouang,unknown
707f8d902af25118aa41e48463ce80a9,Alexandroupoli,unknown
7dda9a45d48cc452deb27589c19bae69,Dalanzadgad,unknown
db2c7b876f518962fe15dada449430e7,Sao Luis,unknown
c694ca1b6f96a8b7c70a5924b583edfe,Taipei Songshan,unknown
3d4371a07695dbc308fc4e4d6b03da8f,Queen Alia Intl,unknown
93247b6a446be7cd37b24341623814ae,Pearson,unknown
4e7876fbb27bc8131a0b655fcddddf50,Grand Island,unknown
3c1eed35dc2233b6662d2664bc8149bb,Munic,unknown
0ec59544f73567503e971a37fd85cbed,Medelline,unknown
05f99ee89505dd1d2d8622a50c23968b,Clearwater Beach,unknown
3a21ad66da3888ff76c1d66603953a0f,Ho Chi Min,unknown
deb53679606ae31073f002ad78c90ba1,Kuala Lumpor,unknown
9f4a4b92f09706dd77a658acedad394d,Genova,unknown
4cecf833fdd3f2540c81926227334b98,Comayagua,unknown
693a9519051acf02e808a88ac320b69c,Luque,unknown
89665025806e16b20700b386caa41fba,Syhlet,unknown
ffdf2e4534f58e6672e26a26cce86366,Cbb,unknown
1a7665e8fa2e15dc84be4cfc349362fb,Presque Ile,unknown
6640248507d3c68eb6913b8b9be6c488,Mayaguez,unknown
e15f0d5cd7dab86635f72c3574298153,Csablanca,unknown
070ed685e17f7b0c69a3479cdb45d70f,Soeul,unknown
13e4b4211d20a876563f22d23985439c,Fayetteville Nc,unknown
df22edf58e5053c0430bf2e0a2175ced,Warszaw,unknown
1a35793b11a5c20471a25073e6a93322,Edminton,unknown
1eeb181f892b2c3c8ff5f161b83b525c,Fort Meyers.,unknown
85f2c00eec187b07b9d0f7a77e28c888,Dharavandhoo,unknown
e326fa8c74ce78f54153dc76aaa15738,Ras Al Khaimah,unknown
2ff53184a0867c486d4d4ad1a61f9b9e,Pudong,unknown
b966c1aedbc07cb7ff04ceeee5991ce4,San Luis Potosí,unknown
8bd2805aa55c0bc3c01b354fe98500da,Bfl,unknown
da94e2bed0157666f3d82bb6689f36be,Flint Michigan,unknown
e00ffbccfd377bdfc03b756531dccc8f,Tullamarine,unknown
ee50fd360903d784bc1f46df9b74dea1,Puerta Princessa,unknown
8a72ffc34919d6601c501024a15749ac,Amsderdam,unknown
d551c0333fd2942b4cf1679ede1de9a7,Fl,unknown
58506582db7df442bb57f0c5eb449c46,Mesa Arizona,unknown
debb2c3a1a679c2efe1e5fd3f673a2df,Tete,unknown
6430e1f0992cd8670f5869eddd063ee7,Kailua-Kona,unknown
0fe6bd9ad46a496ee71c5b4e23abfe09,Uruapan,unknown
57161726e6bb8e5a677b6e27f4d7d7a6,Sarnia,unknown
ba4f1ebe5df69c4be85a862464922a84,Toluca,unknown
a880ed4fa3ffdaf1e5bb73e2bdb94f6e,Sault Ste Marie,unknown
74e0baea2df0ad4a826f1956c9e09783,Nur Sultan,unknown
e1629945c611f6cb1e7b8b74f4abc254,Can-Cgo,unknown
af7e850f11a40f453bb951647e54c249,Norsup,unknown
63a46ce5878dfc60627be90e3093e645,Rpr,unknown
2dc4d44cb06876aeb451ccfc0dc07497,Bbo,unknown
308484a8b79f16692661c721a92c554c,Cleveland Oh,unknown
0dc7073ab45b9e7a6a9736c58c1100ad,San Franscico,unknown
518aeef32b254fcb56a5e800706a1901,Bogota Colombia,unknown
45e771e6fa42473a704d9eede637a49b,Canadian Rockies,unknown
26262cf55f0542bd57926f43ca28e791,Densapar,unknown
cc6b848f65f1741a3c1cf7295a43521a,Viru Viru,unknown
270dab7cccfd02c8633f6bd39fdeade6,Gaya,unknown
08d079aa88970148c133e4860e7d166a,Maimi,unknown
8519213f1d0d49f137cc0179bdeeb6dc,Tak,unknown
b47770bc511f130ab8743ee8622ea92b,Iguassu Fall,unknown
1d1db0c9bf10e76a6bebefbe01eb7d61,Bentonville,unknown
2c026d75ed20b9df786c37ceb8c25353,Vacvouer,unknown
dd7830297b3255635d2ac85f2e261676,Zurch,unknown
632954773f7ce471fc1faaddcdd95573,Mamoudzou,unknown
df82e62ae01eca41f36662ef04264313,Ho Chi Minh Cty,unknown
c949e2de63f666c3a535031098a9076e,Point-A-Pietre,unknown
6d00828e32d805de299b42ecd3b06c3a,Chistchurch,unknown
2f36b5cc8dee5f296d53b5a03f545511,Wilkes Berre,unknown
1003e4fc209c800c06d0333c43d5d46e,Pky,unknown
c309d106f1417f5ab6ad84bea8af1c1a,Red Deer,unknown
da0d549fff768945ccee5095eee1cb5d,Abj,unknown
8ebf12c9031e4231a92770c8b5145d00,Alta,unknown
b8665a1c3657da9b9707bd5d8925b847,Coya-Coco,unknown
34e0b2c527671a700dc22423e0192176,Madeira Funchal,unknown
60b6654c0c4bf574dc36284742b7b22b,Navegantes,unknown
c5f1b91ca44bb156f3857daa37cf2beb,Jinghong,unknown
094a2e0bbe773e25d171ae4c65ca4da5,Chinag Mai,unknown
38ab756a0d6429b2bc2d4dba1dc8f400,Praya,unknown
ef634cf65fdf7e3632c57ce580605869,Figari Corse Du Sud,unknown
393f73dd258aa3c681ac8b10eccb5ddb,Oulu,OUL
604ccdf0620aabb13e2a2ca03b96492d,Naga,unknown
1b345965dcaf7a0d554fb91812e2627f,Toowoomba,unknown
76bdaf225b1286ba6ab396e17353fb90,Patras,unknown
fa8f484c397d1ebce472e5e7297acfae,Seatle,unknown
2d8a584e6677c2ae27ae2300069dade9,Timika,unknown
693fa3caeb010b5614fe739f1b09d6f4,Richmond Va,unknown
d996bbb981c3cd909b2e6daa68b20c1e,Derhadur,unknown
ca993e602c15dd14e1fb2c848138f137,Raratonga,unknown
84073792e7f12f92fe17ea484d3d0e4b,Standsted,unknown
c45126e14a4bfb5b2568594d6a496b3b,Castellon,unknown
b23382eee5252dab9d080df8f2ee8267,Nurenberg,unknown
47a1f9741b464b05456b831d78fe827b,Changi Airport,unknown
b8809a531db4b9656e3e6cc3ffaf9930,Thr,unknown
5714068a60b2826d0f8f9e4c549c756a,Ayodya,unknown
72c564e14ce72da06547a32b91935ef1,Saidpur,unknown
e3e256f2b177e0f66aa3db59e2a185f2,Kiyv,unknown
66a966bd926e097cfc59cb1b4d3dfea3,Jeju Island,unknown
1049d5e20cf11945e87f7dc44ad1bcd8,Quad Cities,unknown
dc48e053e89ba5dc15994eceb055057c,Panama Albrook,unknown
a98486158a5e0afd725939041bdf17b7,Mont-Tremblant,unknown
9c1c0957d2b65f3d32ad35be411a868d,Cape Girardeau,unknown
fd248a277ec3ce16833f22dc00aa9cf6,Vododhara,unknown
bb14a33d4444515b381d5bda3ec3f447,Cortez,unknown
1530987e84b59610b7a53129ebcde4ed,Tuscan,unknown
8882c2cc769b8b49581f8f809b212eff,Ordos,unknown
8c7183aa508e32bdba962ec20c41aadb,Valledupar,unknown
0cd9759bfe6bde7e7beae9e744269d13,Lampedusa,unknown
2cff67fed1a8d674e9df04182bff955a,Orn,unknown
8e230bffda5534d54a9ca969b745492a,Pgb,unknown
f71f15ef9a83a289a831b0b0c77d18b3,Lewisburg,unknown
c45b5c098cfd79b364f9392cda64e1fd,Q,unknown
b2a6c7e5324453285124806ef53de635,Ohd,unknown
b01ccc86c8b619c9fdc4d5e37fd168e1,Tuson,unknown
25eb9df7311cf0b1ed473e8faf883c77,Umtata,unknown
b557a6e4cba62a76d7c7053fe4bfb011,Ft Wayne Indiana,unknown
f3597ee36df979ee291005875902f30b,Kahluhi,unknown
18a3481eb12922735e06f2b7cec5f35c,Lansing Mi,unknown
d2b7a8ecb7976a82d6fdbb91a4a4f36a,Melbourbe,unknown
8dd7a3bbff94dcfd561fdf1e78c3c49b,Los Angelesd,unknown
d14d53cf4724a5259037a1cd65394c89,Edimbourgh,unknown
fcb7abe0a3e1e34a344f4c378489f9c1,Ppp,unknown
082c32ac368b3adf62ddc9bec71e00f2,Kuala Lumput,unknown
866150364e6a14103cb98b189789abaf,Northwest Ark,unknown
571b03002e959f1690c8217d66e44a35,Phildaelphia,unknown
0cf8fa14f53fd1faf5f3e88f61c371da,Rosario,unknown
a0e883338f123fa57ce083a0fb8a852c,Diqing,unknown
4b16f59aa6dde0e94d55777ad495e246,Abu Dhabí,unknown
c263e8114c49901b7bc9ab121b19b7a1,Mount Pleasant,unknown
0f5fedff3a3705d1c40e8eeac72524a4,Maine,unknown
5a3f1039682a6f7e59c461edfe35bec7,Jouf,unknown
5a4bd22dfa6ce1d1268cb0a357af4368,Camn Ranh,unknown
5998e4d53a947906647ab9546aa45dab,Dona,unknown
897c5eb52ac013fcabdd51c17fbabaa6,Canterbury,unknown
fcdf5f5e914ce4f6c072e266ab3e4918,Nai,unknown
9c37bd90d8f8de32386e74ea74a12106,Ferankfurt,unknown
42688bf881d6fe38e98431c8ca3ed301,Kaula Lumpur,unknown
01f603ab764bb4f6ac311ba3fb653a08,Bole,unknown
9e99af6081aa719a731710c3344abc27,Keflavikl,unknown
830ffc13a5bb71ce9547fb4d8e365b23,Chi/Mia,unknown
a68eb219fb61239c21975472de177208,Doha Hamad,unknown
c9e4ff2926b8bd9e9afe9d9877dd4b37,Port Morseby,unknown
79c0f29ec846742190a4750084a70c94,Astana / Almaty,unknown
cf6daf66f486e00b61a85f2fe3d4166e,Direct,unknown
e806ae87bea883d592e30c728a06755b,Syros,unknown
99b0b6ab0b33e2b6a093bcfd03950bc4,Sherrington,unknown
6cfdb106232bc4ec567731f6546e5e82,Sept-Iles,unknown
389201ac8523e107fc352d94cf87b993,Kissimmee,unknown
e35948f2e99cc6d426b10b0638dd87b0,Ho Chi Minh & Hanoi,unknown
958fff8e48270c38cf39c038619b65cc,Auburn,unknown
841b95415ffb358e871bbabc87919745,Shenzhen & Xiamen,unknown
c535a8765e5939cdef26b903730acf9e,Guangzchou,unknown
bfb52adccdd1d766e4098febfa793501,Guam / Honolulu,unknown
e9bffa04e627f3f47c19239c2c1dc3cd,Zaporozhye,unknown
65ceec1f72258d5ec9efa7218d124c92,Panama City Pty,unknown
b548cfe63a90f5301696532c56b13c4e,Alanta,unknown
3cf43c241b7ba73a9b43aabe02728c50,Terceira / Ponta Delgada,unknown
9e40f721aba93cf898aaf6139fd11060,Guanzhaou,unknown
e1c9b1e10ba5a907b6fa9f488ae32899,Kaula Lampur,unknown
81ca5f0a06cb76ebc08920f1afe0f4c3,Dnever,unknown
d069d42ad4e4d72fe4868c57bac99067,Calgary / Edmonton,unknown
0a65e2c5ed649ca7a5c15c7b62c36617,Dilley,unknown
e049409e03b64114566389f8b3a12f49,Hcm / Han,unknown
56ed1d5ec4a132356c10f56eddd9ea0f,Khv,unknown
bcb3a5618d58de79df6619112c08a17e,Athens,ATH
5035402ccfca411112e9215084c230d4,Mauritius,MRU
fc49f6d86dd80c35dde182bd943e8ff0,New York,JFK
68ade19b54702fb620def5d43ea2a1c9,Chh,unknown
d941d51865b76ad517a742d35dd6144e,Lima,LIM
09e04cc664ea56d5bcfb321bb0748d1b,Charlotte,CLT
4f600928f4e7712fbc5b6062ee889d70,Oklahoma City,unknown
e5013b0d5441506693d209271fec85b4,Sydney,SYD
f1d6a5c7a95179dac7dc0f79ab00ddba,Vienna,VIE
aa31177f2629ad7f9f52d02659f98cef,Funchal,unknown
af9e566f16227ced4b9ec5de6a0cbdd9,Providence,unknown
9841783cf6e630cddb47c907b5c0e8a6,Bali,unknown
5251290694f0c15bf3cf7ccab5385189,Kolkata,unknown
6b7eb3451d5c991ebb843d81cd78376f,Los Angeles,LAX
8b93f13b4347ddbe98e61f93ea04ede3,Belgrade,BEG
f43725bf789de5de1d4432fd6a9d48ce,Düsseldorf,unknown
86eec4f0eabafb3b8cb04f3ed365d606,Abbotsford,unknown
5b13951ed86bb7aaa4850d9d56d8fcd4,Portland,unknown
cd074aeee3bdabf90199d98bd009d7d4,Johannesburg,JNB
29f8c797f27947e81238983a350e10f0,London,LCY
7ab8e7269a5546c4e2b71dbe96f7b6c3,Zanzibar,unknown
7fb96731cedf48b7838360263fbdece0,Chiang Mai,unknown
e3969bdac028ccddb65ae460dc60761a,Larnaca,LBA
cec3def7b1b8945a1fb27eed5d0d5e89,Pennsylvania,unknown
3fe57a1b2e792c60861aec0962205ebb,Addis Ababa,unknown
5464a395e6bd241a540d89e3998b7809,Bocas Del Toro,unknown
4119f94ac3cc3bc5fbabe2f4be9d65c9,Venice,VCE
56396daba2346ec8748e1cf9c569b529,Nairobi,NBO
07cda2a43632a74597547d0cd18cb141,Mct,unknown
83ca9c7ea432aa1d3ab489b2199cdb4b,Hong Kong,HKG
243dcb043c26c22d091c6d06305f6f54,Lanai,unknown
ead5c2ca4d3752b77065e930a25935c2,Chengdu,CTU
4a69c2251e26e9736b45616883c1a80f,Pisa,unknown
a1a567266ec391075ca5842ea4f7cdd5,Psp,unknown
afab420bd834853eafe0369736e71c57,Slc,unknown
5e9badd29438b7203ec307981e9e2ed0,Chiang Rai,unknown
8fc9f3d4cf6ba884a5aff3ebfa0fd11f,Missoula,unknown
ee5400b731d539b4209dc2c96852280b,Nelson,unknown
669bae060d605e72db4fd83643be6cfa,Phnom Phen,unknown
030edb9c900f6d0c26ce782da228017e,Midland,unknown
b991cb55b90add753ff6e93c1d07bde7,Ttn,unknown
6c7579ca89962338501d1bacca308628,Wilimington,unknown
ef9231b2beea7d1b3b80b512f3ed98d4,Bamako,unknown
541a2933afc0e7f47860b9250bad080f,Langkawi,unknown
171f9cb6bd0b81a32ae36ed4e9f7b8cc,Hi Chi Minh City,unknown
b2d5d7810cca36e102458121dd562560,Qingdao,unknown
9abb8aa8a334c3d37598da2332747f11,Jax,unknown
1a81d0ce17e6c6fc63820083700b9f36,Jeju,unknown
209939d9306890dae789bf1c02148b44,Midway,unknown
b46dc2ea073b9c192bbf8df6b3fb0d72,Berlin,TXL
8c330a130fce88e3aac68eee23c8451b,Costa Rica,unknown
d55b4c7faeaf194ea0ed66eedd131088,Cologne,CGN
e04efb3f418ffbbef0881354b81625df,Philidelphia,unknown
9a6a21c85d4d22bcaf63f4d934882fde,Verona,unknown
dd6daf3f86583befc3cea63a361c7d4f,Msp,unknown
7b10fa3f94a296b3e12a3afac311aa9e,Cincinnati/Northern Kentucky,unknown
80a9765521828460a80667ff481d6968,Obregon,unknown
bf20733df216ce55ac31f68bd2fe1c03,San Luis Potosi,unknown
ed955fd2b8d94ab5c165ee034b9b0201,Pheonix,unknown
9315c0c563231a99d47228dece9ece19,Sat,unknown
2e72edc4b2798ae4f6b7646a412723de,Guwahati,unknown
8d3314f97ac62d6192dbdbb88ae449f7,Szx,unknown
617175c6c490d7c9219ff88243537415,Medan,unknown
d0f5e5aae379f27932c7883ea3dad2cb,Katowice,unknown
4dca9560d950bc21b94b69b700f8cd37,Bil,unknown
215627c381d2bed01de2425b457f69d1,Nha Trang,unknown
c387ed4c1a906e9d6d0bde5cfc1440c5,Dmm,unknown
91617825a74802e794af62b399d7c055,Vra,unknown
4c104596f4c7c766316424edf6226457,Destin,unknown
cb8a3490d04219b360c486c190e42517,Bakersfield,unknown
dc9a09f5779eeef15e96461d219b6067,Cle,unknown
1a922518359fb432edd20ec258454cbd,Bcd,unknown
cfc896f88f9f89fd0c576ccaaa612821,San Salvador,unknown
e968912140b84d8f2519c0a7cfe72478,Para,unknown
b6a4b524b843998486a0bc58380f0d0e,Boaton,unknown
0bff225b938c9ec422fe344c963cce0c,Ho Chi Minh,unknown
972b2a9062b2d00267aa6d3d74fefc62,Khi,unknown
48f08565443e83ad700bd2ca36a0795e,Madison,unknown
4f6c6fc171906c7fed5706fb91c0bdb7,Izmir,unknown
4bcce7e7f555e6a7ae0c44412e3dc91f,Zhengzhou,unknown
3456739807e96ce390860a5f221736a5,Hokkaido,unknown
6c03d766b3855ba081e1b27d5e2e32db,Koror,unknown
b637a94ad3dd12e375647d5ab6ce4b80,Jaipur,unknown
fb93ae01853a8ef409b49602a6ae2639,Gothenburg,unknown
58da21c3e5995194c9b3d45b61c09d09,Bolivia,unknown
e3c9fbc0526193074d26a9518b5b07b6,Marsh Harbour,unknown
84927f06069c01723051f5d0ca8242aa,Pit,unknown
efef3248d71ff70aae527e8453a87feb,Pvd,unknown
58d4c7b509238e1a9265444375a09897,Hobbs,unknown
8ceea110e18756220552817a13714efd,Tangier,unknown
1a6bcd9ca4a5c6132bfb1eef0a0920a0,Cabo,unknown
303853c13b7cf2526a8bd8b46daf6a46,Pos,unknown
5ceb20681c9e03f39e58942a4710e331,Tamale,unknown
98e3479d0d18b1f8ba9b0dc7ec4f3ab1,Asuncion,unknown
0e6a732a2bee647238c601753550b754,Nurnberg,unknown
87eada2cc6baa7624c7020678f5c2f55,Roc,unknown
4186fcbe4a74fffdf9c6c021805f02e3,Hph,unknown
92de0bca55fcab504693dc1607602e30,Saint John,unknown
eded4fd517d327462223978d041c70d5,Thiruvananthapuram,unknown
00dd42c907e1dd59cd9861dccf879e85,Vlc,unknown
294ba7499c59215f552610f2ec853c70,Jln,unknown
5bb23f9c314db1355d77d699f14a0b63,Mfe,unknown
bc0ee6318cec16cd27a9f916ef2253ec,A Coruña,unknown
551543c109063cbfb58dc99b3a119663,Berau,unknown
2fb9f06268687cfceef5f0e532ac1b1e,Osaka Itami,unknown
c43f8d86b0c24a155f5e4652c5f97a7d,Dar Es Saalam,unknown
2e8fb357eaf97f3aaacfe731aea92496,Dac,unknown
e4aeb66628e77418f00ae510ae7ce732,Lubljana,unknown
6b441e64eccf22892d3756f5eb1a552a,San Vicente,unknown
cabf73c39a17312883e31299e40830e0,Paro,unknown
f14c681c1e87269fa11288f2427f5af8,Raleigh-Durham,unknown
3416041b821045ea7da37d86371d1acf,St. Thomas,unknown
7c2cf3dd6c0956ea5e34dcf640b23f3e,Hmo,unknown
f4513289d228cbf03121eb2d88a19f63,Bolonia,unknown
fb3ea39d8fdb383622053f3afecf01e3,Vli,unknown
a708fdc15cee724447c872628c6bf756,Juneau,unknown
41f7a5e5f557aeac34faa71c403c2837,Thira,unknown
8cbce5d0b9ad42f697f909f210bea9ab,Ambo,unknown
968dafd8fa09504a317ef7b9a0248ce8,Zaporizhzhia,unknown
fc658b9f785862d87a65654d9af94b35,Cxr Nha Trang,unknown
84bc73df697ab860465525368460c4bf,Uganda,unknown
f5b0ea85a8f02baa8166025370b91fed,Dom,unknown
2fca0cb3d3179059664856f04c4c8ec5,Flagstaff,unknown
f6a48fd3867ccdc00547b17cc3d5d061,Arizona,unknown
da62338c1eddc75bdc10e5fcd42e22b9,Thunder Bay,unknown
984c74c78476e6a42d01ae069bd5e418,Jalarta,unknown
1a6283737fc53d8ceb638f12c593a137,Ottawa Canada,unknown
7d1bd3b0d429b6acecca1df49fd1c272,Rtb,unknown
c3d1ab5e2fa929b20c0139592a9aa287,Burgas,unknown
d8465dfcb45dd137ec6d799733a5d71a,Pap,unknown
209681174211dddde7bd10816347708d,Macau,unknown
5e6509a894f0cda90b53558bfda56d7f,Brs,unknown
bbae0a913587a31ac3b622d638b7272b,Sharm El Sheikh,unknown
a11d051ec019168a162a316c1b62c87c,Guangzou,unknown
478a60ec47073864b85a8a626879b29f,Nantucket,unknown
a0ecf28ae95c90a341bf39139d97320c,Ysd,unknown
1984c650a1c026b91b61f743b6820cf9,Panama City (Pty),unknown
3589e5a334f5b90aa956a5b2ba6ae7ba,Indinapolis,unknown
67127d1e69f9793be75c130c84cbf8c3,Vrn,unknown
f77022d9e1a0d1b92e8f5697d69833b8,Port Blair,unknown
ea2572670b903e8e02066842e62b6c91,Juanda,unknown
004810b33a71d8d8f98d4db800b35740,Kkc,unknown
e7c2036a718651523e310a819a65937e,Lko,unknown
46ec8c8255eb2141d6892e24882e1b57,Lex,unknown
e145b38d4bdae9dd1ae5f2b5b06cda34,Fkb,unknown
3da47e0975f80193c05ea4ccf460a764,Bemidji,unknown
baba123ad05dac8e95368ee719f3dce2,Taipei City,unknown
ee15071b493508b49bab6bf2f261527c,Stickholm,unknown
2c9d71350e647f1d3cde9e909366e808,Munch,unknown
12adbfc5a50b55cbb4f7c070692f705d,Balikpapan,unknown
ec6bade44c807e3e6eb85913c633e84f,Cyangugu,unknown
86655ef21d1e1d84da92744df46ded9b,Talara,unknown
d944d6ebd2c5915544d3a0ec80582034,Kittila,unknown
69608dd0453cab94e742bf4aa26045a2,Sma,unknown
9e1819a0009e489adff803fb7bcaeafd,Lisbin,unknown
eaf109673068295bf859bea6d3d7fb67,Marakkesh,unknown
9cebe7326b1b25d38cb46261853562c4,Gulfport,unknown
6753aedddd22d2d3dd226c870d89167e,Mudanjiang,unknown
817f74feb0b5fbde800b170f0df7cb3d,Ho Chi Minh City (Sgn),unknown
718ce3fbad7f0881c5bc0cf7f4485393,Wuxi,unknown
25463230dd1fabb531e8401fdac537ab,Sohag,unknown
039ce5d653e3a1ec59a1d49d2bcc475d,Caen,unknown
12f0117c08f4e4d4d73d441848728190,Nuremburg,unknown
f62d206741fc01ac84ffcd33ef8f1f9b,Bankok,unknown
8f355853176c2dff7e34f0dc657b408a,Milos,unknown
59e05a376efdd0bf7206abbff30bebee,Walvis Bay,unknown
e86f25736f119a49c33eea35c272baef,Zanderij,unknown
a17be750d968c0d9c9251b1219333ac9,San Angelo,unknown
2e2b2eb3f573468128ec6828378339ba,Erlin,unknown
c551d19d0ef8cfaa3546f60198250565,Mangaluru,unknown
663bd16b2afbe5cc1987c077dc066c60,São Paulo/Campinas,unknown
f401c559a5631f6adbcec3eb6c43bd71,Nsn,unknown
76fac485ab01bf03460f587512a1d2a2,Padang,unknown
8906338df9014d79443bd19edb754869,Aguadilla Pr,unknown
52f8be83e2294b7b384bf9130eb2d13b,New Zealand,unknown
f5f6077a6f4c8a0e0247fc6415f3dff4,Rjh,unknown
fb75f75da47070ef42d027da8a508846,Quito To Cuenca,unknown
38dbbc4ae3da118ca6b7eb0e6da98ae2,Parague,unknown
4570cf2935dfe10b72615fca15da7ac8,Charleville,unknown
5e7a956857733e71782a475452df3b79,Göteborg,unknown
86089316b6651037773abeb9d9d91c05,Pemba,unknown
f91c607b43b55ca4911f4f6ab4b192e0,Mvr,unknown
42aae62769c7eb9babd1a808ab25e9f5,India,unknown
3429821bd05824a285f54cfa6788d8cf,Aizawl,unknown
0d6ff9d7b63ee7bb622caa389fc846c0,Dade County,unknown
6eacb92fee0fe1c24526f2f65cbbdb7b,Pertth,unknown
6f8b51f187c9429e35154c137ebe626e,Jacksoville,unknown
7ed5848075f75d1865c2d373c00753d3,Jul,unknown
dca0cd9591b1f52a566d2ffcf639b129,Ft Walton Beach,unknown
c43beae204cfe22102fbfb17d143d1e6,Pcl,unknown
0216faf27eb515e0249d47fc7582e4d5,Rst,unknown
708b860d88c64ee472a04cacc3b0b88c,Ftu,unknown
ae5ac68b36e51c3d5898f388ba053fb0,Asahikawa,unknown
a7879b5e67d34a9152190c478a9631b6,Fort Lauderdale Florida,unknown
39b915a155bf1dbca45acd0ac55e53e6,Puerto Jimenez,unknown
0da94f4fbf0894cbd1dfb45d22b92aad,Vishakapatnam,unknown
8b8c54016f19ba6db189bf0bb7c665c7,Iron Mountain,unknown
6194da466b8b505e9a0ecac373010824,Florianopolis,unknown
db96166f8b0124ca4608193139548280,Poznań,unknown
bf3c0bb9580ad8b63263ee1d905b5f5f,Stx Downtown,unknown
a875ed29305a2e74f011d9d4ffe6a7fa,Mogadishu,unknown
5118e27ec510a7a0a63152bc0cf33585,Forteleza,unknown
d149d76c21f844cac72cb1f5f3b34e3b,Srz,unknown
a0c865c8231faef2d94d26f16d409f0c,Raleigh–Durham,unknown
6d2d8d3e289b0495b40d4371d31c105c,Phf,unknown
a06a6f5643b13ba4c9d1e3a5d10b49a9,Gunnison,unknown
42586daf93cbeb0ef28510f48b15dacd,Minneapolis St-Paul,unknown
f6d58357ba69e13044c54dcda8e2274f,Dnipro,unknown
b913f81a460bd234cfa7077c4c15436b,Legaspi,unknown
f31f159f98cd6e35b06b4edd44c8bc33,Fuk,unknown
088a132b51f743c313b031472146b212,Venice Marco Polo,unknown
188de86f616d40864a6599809bbbf802,Denvr,unknown
efe3f7db6e3db6b181b9e01ec06e31ff,Good Coast,unknown
b994fe715d87b0471640fde4ffe618a5,Krasnoyarsk,unknown
2bc4ca95892b53037ca1a33f89f76832,Baltimore Maryland,unknown
4ab821f6539082d283e5ed1af544069c,Kelantan,unknown
7ed28505c1bf14e2419268b970cbc218,Belagaum,unknown
ee9f4fe73ba8f74b9c5a046ecf99184a,Honlulu,unknown
382fd0a861f6f2c4a1a8f7074adfc9e6,Minneapolis-St. Paul,unknown
e5da80242b50287d882a5d60275c0ea1,Hnl And Return,unknown
7a02a592d812983f6d71ecc6ceee54bb,Otawa,unknown
12f262138fb910a34ce5e0caede06433,Aickland,unknown
879b070bcc71b2a6c9b80ef60dc6e761,Abha,unknown
7450e2c9aa12108bac753768c409cf7f,E.Midlands,unknown
936fa662c8c55f93c5f11aa22138982a,Taipei Taoyuan,unknown
dddeef135ba4aa11ca3da162caaed2c2,Kula Lumpur,unknown
7737109c455f7bb8ebdd51da51cc3398,Tri,unknown
4aa3719a6765bf3e19f4d88e0e15cb21,Kansai International,unknown
b8788f00b272268ee7d05a76f8ec9e7e,Olsztyn Mazury,unknown
8a1130d54084fd4a5d93463ee3a85a35,Dussedorf,unknown
9b8a13e463cbe2fa10bd0f6b4cec25d3,Jacksonville Florida,unknown
72a91d5a2d348cd254d97dd2480eb3a0,Tiblisi,unknown
4d4d346d67092e25ddd6c46d4bf122f7,Hiroshima,unknown
e40225b8ea7fe44b63e0f60659df6859,Nanchang,unknown
4ce34c55274e18c2ae768b9e72ba3372,Tgl,unknown
cfd8ea485132d169a9a92c823cfe9b1f,Orange County Ca,unknown
5cf6255cc6473211a7c0c3c222cc4d38,Lison,unknown
3d09ef896c2ec98bf0926d5a0a4f7306,Kerikeri,unknown
583c3bbb61281ae20bc3a457232074e5,Iceland To Spain,unknown
0132767ce9b25995250264ab361f938e,Riviera Maya,unknown
8307345247daf7e8f672850475679dfa,Hoi An,unknown
dbcdbd97ba384eb06da14301ee02cf87,Northwest Florida Beaches,unknown
3234ab8d8270a628e75a42d4daf6e6fb,Bdj,unknown
1ac14e53a21cfecbbdc8a652be1d2e1a,Saratov,unknown
7dd7abe061400ac21c44bd28bc6f24cc,Hi Chi Min City,unknown
f5181cc3d04aeaa8f002a98c018e3090,Taiyuan,unknown
362bf05fdd459e3f4c5d64e2735153ff,Byron Bay,unknown
8fa423d2323adad277848bb1095664c1,Carn,unknown
a128cb93dc0efcb7228258090540ab59,Hek,unknown
51824f3aee2438fafeb78530d77b8381,Gwangju,unknown
90e34913c5ac29487ce61b82f528f494,Agra,unknown
9ebc5c491b7c1e5c961dd16d5a7514d5,Quanzhou,unknown
8909b1c4e982fe6b87a83ab05901eeda,Komodo,unknown
78bd0443130afb49b9726f6488bbfda5,Lgi,unknown
ab9ed8d2ccf61c6ae276bc01c513aa6f,Houtson,unknown
864dfe7ad999f8e497bfbdb64602a983,Carlsbad,unknown
0b89df8d5b4dfc8352fd4720e6ec5ba3,Sipalay,unknown
5578184d56f8a458a9516cd12e8e70e6,Iqt,unknown
9218fb555f42818f1e2d2709ec93a59f,Oer,unknown
9d8efe1886e6ada29a4fef0c07270ae5,Melbournes,unknown
ec7533d4292e554e884f350ac91d17e5,Bocas Del Toro Province,unknown
282701eb62302dd92f987bc7ae640134,Ft :Auderdale,unknown
c5c7f45c0a433024247f95410b168ba5,Wick,unknown
2cfa3a34c974c763891610c6f1c8a415,Zuh,unknown
0f9ddeb43dd95ae426f99a09baef405d,Columbus (Cmh),unknown
aad22f6c92e036de752379dd5ac7d3d8,Changsa,unknown
d34fc9d7f346337fdb708f72c8db6dce,Changbaishan,unknown
beb874d334ccc607596991ba7ea89edd,Aex,unknown
dca7ee1cca2b2dd4327a34135888e9cd,Kilimanjaro Airport,unknown
42b1f715b4a093df3272dc30c5434ea7,North Eleuthrea,unknown
13c78fd6dc72397c8295ee8babbc969c,Siquijor Island,unknown
b8307dbfceb76732dc1813b66f1c06c7,Chile,unknown
a442bd35660e1ba4bfddb6ffa93afe89,Cvm,unknown
579ea31dac2b1e9b5b64e2fed71f0ca3,Tromsoe,unknown
6297f992776b61e2826f2483c4a04670,Manokwari,unknown
f7d6c5eaa9b736f328d33347069272e1,Flirt Lauderdale,unknown
f2b18c38224492218f563d4582ef59a2,Kota Bahru,unknown
d17a25191865d3ba32a9c35f2f119b3e,Lodz,unknown
e9b6369e686fb7098a550c1e6e225375,Std,unknown
cdc6e480cbd649b9ee0cc5929586a443,Barra,unknown
946d5ae3b482a52c4311e999778ff197,Kaoshing,unknown
d558a9ebfd75003e139e0864852bc2cc,Tornto,unknown
ff35797f27a8de78a305ed1e8774c65d,San Andres Island,unknown
910ea4ec9d8e22452f929e4be061535b,Lancaster,unknown
c88a057c56ed7438c8f8b1cb7b41b429,Ckb,unknown
dcad96b0424beaa6f7c27ef70aecbcd6,Juliaca,unknown
7951711bb6d1a9f0998566ab6cdea526,Yap,unknown
d4a49cf39f1bc5924c176ebdb5130417,Leb-Bos,unknown
8649a32e803837d608300ef9b835bd80,Lst,unknown
7e8b0b98426848e2a2ee9474f2517968,Torp Sandefjord,unknown
66be3becad99a2f114921c4d6296d206,Hà Nội,unknown
3c22513fcc9f5518d0f2f80ed52357f6,King Salmon,unknown
6251dc9647eb38f66cc1d8ee232dbb0d,Juárez,unknown
97aa2d7592708d5676ae55cb7fc7eb41,Bujumbura,unknown
b9ca308417352ddea68bb9563bc5010b,Austin Bergstrom,unknown
72a2e1788d79cc7f57d1d6c5142b5ee2,Soux City,unknown
ffb9afd4d6ddadeb50a474236232cbeb,Reno–Tahoe,unknown
dec0f59e33767542f29c59401af33126,Londrina,unknown
21380a783e6760cd442d83ab455d402a,Oakland Ca,unknown
c907331ed6b174c571a8258c0ff611bb,Tel Avivi,unknown
dd9400baa1d4efbab2d8aa3ffdbcea08,Sux,unknown
517e505911cd59480f14c558faf30ae0,Spartanburg,unknown
de773544d59e322a0b10cfe8e9d93fbf,Hbg,unknown
0137c1bf0e7b918a49ccf3b95464fd5e,Jib,unknown
4295de71f6d456aae39f68098ada9ba1,Salerno,unknown
aa51b94d69f65338aa90ba8966bf9b83,Vinnytsia,unknown
9a5c637f571a6d666d456194d402ef16,Mammoth Lakes,unknown
cb7b7cc2988ff252adeb9d5007c610b7,San Jose Us,unknown
26bd0a196695931a8d286d01fd4a034d,Maringa,unknown
cc539b0da5045588e5b863d9d9401d48,Loveland,unknown
70e1fd186938b67d64aa41bb00277643,Allentown Pa,unknown
5cd34950edc779322ef5ab1938f1b408,Cgy,unknown
c8ba317a35c6b937bd422f9e0f760c24,Montrose,unknown
1821e0cfafa5dd4026ab3f093ca1f330,Seuol,unknown
c266a8a9e785f3a4e9dbee06190fdcd4,Ixr,unknown
88d71964b101169fe1c356a590066afd,Fort Meyer,unknown
2b707fc18cb79ff1de2315fb943edbbc,Butuan City,unknown
d368411345bdd09abab2ff3f17e48a19,Dbx,unknown
b96b16acb3f560640706b2faf55e3845,Cardiff-Malta Return,unknown
5960e5760d8457ee665dd76de9577385,East Midland,unknown
2a2e211d42dccf05b0dce126f1ccfc64,Yog,unknown
3f382cfa97cc76c23ebc193a440558ff,Washington-Reagan,unknown
a9962cd62832ca3557f6ed51e974d5da,Cayman,unknown
856f0f402ee81de87c9062bf2df618fa,Antwerp,unknown
85b2179d91f0ee06935d7f2cb30dae67,Wdh-Fra,unknown
08fb6d9ef80cf8176b6c119ff3319f0a,Gillette,unknown
5db4c44858c2fb4a673bd7715dc3bb42,Nauru,unknown
6455a71cbc5542105a8b861e8a60f3c0,Münster/Osnabrück,unknown
724e2a30a84815e8c7d73d146d8654b2,Tbislis,unknown
573d83d69b926eba3c5ad2e70101cd63,Bogota El Dorado,unknown
fa5758f816930e3bd5e7bdae2e7a47f7,Shreveport La,unknown
19cb1f8de66ed5571b8d346f84476e53,Bue,unknown
d2d86e537224ed6fbc588e3510bc3722,Macon,unknown
52cee8a982465c6cfc8e74d7298d23f2,Malaysia,unknown
bff0b5601d7d010fe34768cf6dbf031d,Richmondto Fort Lauderdale,unknown
c7865beafcc50a9cacc6f89103e35816,Zhegzhou,unknown
f392ced452607e9fd5cbcb42f51c6005,Tower Hill,unknown
40c98dff7cd8e6b8295a6366aad0f390,Syracuse (Syr),unknown
c3b576bdcf021636786ee04a83841651,Bintulu,unknown
c6b6b0961a1747ad2a8a3835c0c7151f,Funchal Madeira,unknown
dafa23805f0ca032012523cf6db4ee8e,Genève,unknown
e15428d4f52672f3984a470d2fc363c5,St Pete/Tampa,unknown
64cbdb4f7ed1f9433ba222bcb7c595cf,Dgo,unknown
0d725929c2e0b9d1b7f7f9233e388a6a,Osa,unknown
8900b1c742c9b03f8b5f563f5cb2af09,Cleveland Ohio,unknown
1a6d06ea783149777604d7ce24a0d8a1,Sxn,unknown
de8ca53ba10b94bb7f6fbd29ec21eb76,Worcester Ma,unknown
e30a1faaee11f57c03f121b210b63a94,Newfoundland,unknown
7d83bd1c4c40ab694ff3da0b8aef424d,Asb,unknown
76eb4d0ecb4f29094b5040c1d82b01ac,Mesa Gateway,unknown
cacee9986e692109c7171c2d1ab17cb0,Law,unknown
39f187837e312ea503cc9397cdfd5590,Frankfurth,unknown
7df4a3d74ecdb9b6a3a30c4e259da397,Cgv,unknown
9a686e0b0ce9b97892654a751385d5f8,Cooenhagen,unknown
f892a4c12a86d49e8bd4491079f7d40d,Thunder Bag,unknown
af9288092b2482d289920e0097afbe6f,Oman,unknown
7d57e2c0424a906e455d52d830bcd475,Rutland Vt,unknown
cabf970ee62a10c788c4079fa46a8362,Ninoy Aquino International,unknown
111b846298283eb3c2277487501aaf57,Renoe,unknown
f58eb6f2d43e6f3cd372fd64f23899e0,West Chester County,unknown
9d16439262ade7d9314d6b47283db14c,Puerto Pricesa,unknown
6e64c2a25efd7ec79fd658506891d2d7,Myy,unknown
01c76c99ffd3783ebb039ae7319e3b1a,Ftra,unknown
31ffd367e04ab9ce3ef086d297c6739f,Dru,unknown
8fcbe6f7dbbb247e2b0935c121ae706a,West Des Moines,unknown
2050f95e5664684c067a6b01421334d7,Reykjvik,unknown
1debc99cf64f7f99ff46a1fc7e956eaf,Foz De Iguaçu,unknown
9278430686aa3d96ef63f2113cd71e3e,Memphis Tn,unknown
28de0623d8396871c1b2994d8a027a77,Los Palmas,unknown
593f6214fb86eda5841d4a39b8f6f1b1,Taipei Taoyuan Airport,unknown
dd70745b1c813c303213998c473f146c,Ft. Lauderdale Fl,unknown
87cd076d02482d105129095d2839f569,Yogyakarta Kulon Progo,unknown
81b2a416e719afe8e228c8ab8f52be96,Vancourver,unknown
bc9ea03f326619797b755957c0ca7758,Sapporo New Chitose,unknown
16a4eff782c6c8cbab7e0dc4d94c68e0,Baia Mare,unknown
ac66992304ed5d16a96f8370ed48ccac,Dar Salaam,unknown
507b43ec8ccc22eb0b56087a412786c6,Atlantia,unknown
aae826bc0956b25d83397ba9151d5d2f,Adeje,unknown
2602467c2203f9ddf0b11ff7f197c168,Nizamabad,unknown
b3b30d18b470f914d64cae8742845be3,Pkz,unknown
a24fa790632ab03ea083329753c6fa6b,Saint-Denis,unknown
899aa6b941d1972855ab3b61ab8a40b7,West Bay,unknown
c2019a0be03de03d4d64090e58022450,Zhengzhou / Guangzhou,unknown
c40f7d2e8629c3f4cdc8a33107836aac,Rekavik,unknown
5d42b1ae2eb097cae66ff783a678a9e7,Aih,unknown
999453108909438d5607fc4fc7073575,San Pedro Sula Honduras,unknown
e33d8c6950bea50d9ab4f2f70b5ecc14,Can/Yvr,unknown
c456872020322cdbddf0d7da6c172a95,Andenne,unknown
dfda59a5281134bf79754e846aaf9181,Mkjp,unknown
7efedd4690bfd48af8d9d541da3ab89a,Vientiene,unknown
d97000c451c1d271e08618bb35f23dc2,Lahad Datu,unknown
05051008227378e89a8e13ddf8123f02,Altanta,unknown
30d4f4bd437563c33b98746ec3474e24,St Pete Clearwater,unknown
e89272089a0c51b0f946a0ecb70d53a7,Nashville,unknown
4c4e6e1c87cdf5ef90dfcd7e105440de,Perth,PER
60df64f802fdbeebe0fbcdd810066205,Montreal,YUL
4028c0be8f9ac8bb6598d953f4f54c84,Warri,unknown
41a83a0eefad3105ec37abcb8949b178,Mumbai,BOM
2ee5c0af1e5a2d4f35e41d3ebf8f5755,Punta Cana,PUJ
d6662f61b3522411041136b031ac1ee0,Oslo,OSL
9b928c4010cc178fde76752ab65f09e9,Ho Chi Minh City,unknown
92f69e97c7252643424ba96a196ef011,Haj,unknown
0ffa44339b0069de60505df18547b6f0,Mexico City,MEX
c58a36a6a810cda05961b34c1632636e,Ft. Lauderdale,unknown
fbc6387e8bffd7a69c8751c95b27ce55,Bridgetown,unknown
2d92fbed83380573712e334c55e98476,Punta Gorda,unknown
80657d21715e5aff1afb0df6a3e85b0a,Kyiv,KBP
06676ac1fb89979f31f38027a1325700,Vilnius,unknown
3e0c0f34c7d23080d236ef1260492835,Kathmandu,unknown
f04482783c32b0ce030c680287a563d0,Durban,DUR
f1fffc0ad8cd1e6cb7f336eb025a541c,Eugene,unknown
af32c7019402af7421e75c7c966c0cea,Ezeiza,unknown
1717083c5697906765e15a82ac733c3a,Lux,unknown
844483b6557fa30fcc6d5e8ba0ea1ebb,Terrace,unknown
e1c25f392c07702e30dd610cacdc1f2b,Marseille,MRS
c13b5a5a6a2216079faf98b54b0fc516,Bahamas,unknown
46c94f6aba43deaa4c944b89a10802b9,Day,unknown
b2f040622b2cef89d192ac9a7608d4ee,Skardu,unknown
1a8b45771473e5f747d40960f3082e9d,Tucson,unknown
9ca0284fcd51865e21c9deda719c4711,Salamanca,unknown
240a8fc7a653528c2a4b5f7b3be0ea27,Rajahmundry,unknown
5a7cd8d9e07fafa54c1af2c0ec8885e2,Madina,unknown
a0e67c2969462e95df7b9f1d48b0f0f2,Reno,unknown
a23f8f214710aa6776215f47c84c2bdc,Lir,unknown
eec2a7744c55c67c1bec08f8b7d3f071,Nursultan,unknown
763e1e5ab98bfed9f45cc6c54153b932,Raleigh Durham,unknown
00f4dc889ab01b76bcccaf1b5a000aea,Chiang Mai,CNX
648271f0e179ec8cb923cf504d4cada2,Tblisi,unknown
926ee177b8a60bc5ebf4ab934d444814,Don Mueang,unknown
29a34ad4d1b74c703090a8c823575213,Bjl,unknown
040dce78364474f377281ddbed23ed4b,Bismarck,unknown
d0d0bcdaadec09f831e609d0a950c232,Proserpine,unknown
aa71fe33ac50a9d57aff58adc8ecf3f9,Escanaba,unknown
f6c498919c17142321adbae64e0e944c,Sylhet,unknown
5141ef81f5e83e839f05a54925a9bf7b,Mesa,unknown
a5cb6a66fd6c6799c20ae2bfffca50cf,Abidjan,unknown
d5f804fee665a207ac5556cb9ad10d19,Kahului,unknown
9fa9a68d7130a65c4b6c30c8ed3d72a9,Lpq,unknown
c5691f217e13d27fdcf79bbbc62c2e5c,Dulles,unknown
449b2409270974925258cb7e28ffb361,Allentown,unknown
a014ed9a910dbdfcb7c00a9d2093431a,Wuhan,unknown
08e17664d16f46f9ba13f749d31b213f,Znz,unknown
304b6e17dad31d299393db39f66d368c,Ipoh,unknown
36441460914fd549d7776f14e45f1623,Oronto,unknown
f20a1444bcf00dd7dc9dae55aa471992,Southend,unknown
52daef1b455f73ce810a9c6737ae2118,Cgp,unknown
19d578925a16ff1256a79625b2e59ae6,Kyiv,unknown
6af8ac1b1c88729c46cef77924f34fab,Sochi,unknown
b6343326040da52ad84f3aea59914d4c,Gibraltar,GIB
b712ed398620bf132c6f97511b43ae15,Princess Juliana,unknown
0a2d983d3c158f2d71724cf25a3ac327,Tennesse,unknown
41b794853b7975ed78159cc6c228e255,Bathurst,unknown
e69086953b7695a634f9424011f310c9,Tij,unknown
c2a676400993d9a3e49936a773e468d2,Gye,unknown
2577c34fb82f2bdacc73d1f9b51fe5a6,Windsor,unknown
54c17ccd35cbbe5d2a3c129a503f543f,Ngo,unknown
27c160b5b2b1290a5249f8d357e60fb9,Kilimanjaro,unknown
f86e1bb0eef806e2a74d213c511f92b8,Newyork,unknown
5178f9c05d446c8d934a5f00de3a047a,Addis,unknown
21b6df7eedcfa101b7d12229c831006f,Billings,unknown
c371543a3fe17288a59f927de6638567,Madagascar,unknown
032e9c472bee042efbebe8bb3c645c70,Sng,unknown
89b7e54503410b79b2156d0cfe22a2a2,Sihanoukville,unknown
354cc13a1d4341a93e08fc3e0c78aec5,Tfn,unknown
ea07fe77b2bd02c9a247a8a4239da9f7,Peoria,unknown
bb31854931786be081219dacc1e32122,Lin,unknown
8be8c032a4810e4b839ea9e9080e06a6,Tsv,unknown
bb19d537a23ee179410b1c595c53d7b8,Galápagos,unknown
934c53fa23bad822344a69b12a902d43,Nuuk,unknown
49e47d7c3d7919ab8ec3d257c48dfa5f,Ba,unknown
9d5cda620d16b1b09c847e406d87436e,Kemi-Tornio,unknown
c3c117cd2629ae32b7e7acb3aa021a5c,Ora,unknown
b4ccd2ac74446ba54c9cac64506a4137,Lbb,unknown
b3d75fe5b2e2215973a0cd8ae5b4ebb2,Kuo,unknown
89a1843c4a581971bdbd227883c2f31a,Waynesville,unknown
6e4b41bbc6122a25caf709e019885bf8,Polokwane,unknown
8f590b66e4874bc865e9a836ecdaabaa,Jmk,unknown
670175161929261bffbb472d2f08f591,St. John'S,unknown
f0dc390819d7a903ddc54068cd4a19d7,Munchen,unknown
6d7c5383ed593bffad99671b52aa73f6,Pbh,unknown
77408145af796d481df3b444c34351df,Yyr,unknown
cd3721ec9638b53d60e614bbbe8246e1,New Haven Ct,unknown
e6da00e6cfcd27e0a20ab5208813f8e4,St. Pete-Clearwater,unknown
7b80b62085fbde2be0d10a5aed79b916,Lulea,unknown
5fdd3d65f245d10facf4c7b0180e1a8b,Las Palmas De Gran Canaria,unknown
ca65a72870cec408d6b2b5b2d19b8cdb,Hillerød,unknown
9a1dba88a51d142ab7da03c650438798,Ketchikan,unknown
fdc288c14bcfc19c7a89b6b6c826fb9f,Bandung,unknown
45c263584a40d78478d3278198679995,Kis,unknown
9dc600f218f6ea721352f12b80a4dff4,Pardubice,unknown
b691a86013eb9fae4d18a1c864f071d6,Los Mochis,unknown
907fcac2b7ec20e37f6b3d9a4ace7926,Bpn,unknown
6d9c0dd76912f2ed862e19dc0c107d5b,Cancun Return,unknown
953d5c168bb567b1097e55c4e3481fc9,Vladivostok,unknown
e75b1eaaa4f4e649316ebf5add88a9a0,Show Low,unknown
38ccf7731d5a623914117c23e745bbff,Pal Springs,unknown
656bef59c7ab46662f8cad760c8a7bd3,Plattsburgh,unknown
c87748762f6871832fec0784d32e9b53,Oma,unknown
be4800e4b9368511b2281b4976b76977,Grand Prarie,unknown
1b66b6129cfa6d3ed82940794c29d701,Sri Lanka,unknown
550e429cf48e7f7dd63a071ead24045e,Essaouira,unknown
40019039e6f9b6c8979f6ef445809c6f,Villahermosa,unknown
90661949ddeea95cd2938c2303564175,Subang,unknown
21bfc593899e3d99293cfdd48f6c416a,Michigan,unknown
150eeaaf9e162bd0a38a627d75d1be93,Paducah,unknown
60f8886f37592ae9c6d5d1c54e82181e,Gdn,unknown
ed8b49116110aa60910ee1ab112e36cf,Huatulco,unknown
52d1e9ec69fdb420858e335f8bdf09b6,Sault Ste. Marie,unknown
8c3d72004fd01d49769047ad010232e5,Welington,unknown
c866a80cfec7069bf874792ed19033a1,Rio,unknown
e0391df81a63e5a8e16874842a6773e5,Abq,unknown
3aaf0030db4e7151f79b7712ebdd791a,Srg,unknown
54b65fb8007698db73e6cb3800b30e64,Sao Vincente,unknown
c5b234bdffb6c69e4b10198946b4d552,Klaipeda,unknown
e01c582b1c3ea0694320f774a59725c3,Dutch Harbor,unknown
90813983b2e1f22f00db04c0091bbd2a,Pokhara,unknown
6d04b5966faee60f20d18667951839c2,Indiana,unknown
0e4e2f8ff6cbf7c5ef32488061c5d5ec,Santiago De Cuba,unknown
9e5f367e97301f16af7f745b73b0b3de,Craiova,unknown
102dd196dfa6c2127fd0378eead71a88,Nasville,unknown
6d66712522694564b64181e813fa6557,Lvg,unknown
e73ec3da750ff240a275fe32c78d8117,Kuwait City,unknown
637b2d44734a2609a8a5bf640efc1686,Rob,unknown
8a153942bec4c3376a87c99e90168d88,Fuerterventura,unknown
c27913c3652e05e1a400101640c466d9,Jnx,unknown
802e8435b6125d6aaead243e29ce5fdd,Sierra Leone,unknown
d0c298fad0bf5e46de7306bef427dedc,Raleigh/Durham,unknown
e70a139b472d5894ff895364354f0fab,Kobe,unknown
8e6062c3fde0627fbd8d58c817502fe0,Vns,unknown
1e7a13f9298a93720db5b5ada38ae2c4,Armenia,unknown
174932b07243726f2c0cceb11571ef69,Ust-Kamenogorsk,unknown
6e74f32dd561fc39add50442c3205e52,New Dheli,unknown
3013d516e0970ce9a494fbdbcf1fe10e,Cak,unknown
fb8a754731d255ec7e811c284df3c552,Rio de Janeiro,unknown
c19591f316c9aa81ea63c138b96b3683,Tampa Fl,unknown
09184fd5ecf0e7a143736afb92b2738d,Brooklyn,unknown
cba0966be98700cf8cf1091d1c6abcd2,Destin–Fort Walton Beach,unknown
7e8106222cf9f75f5e4335f07c98afcc,Ccs,unknown
a40aa1a9df98895ab2e1c27e6e8a1002,San Andres Isla,unknown
4127dc92fe2ce44eef7cf48d92c4b792,Mah,unknown
1a0fa2b28cf5cafbb371042dfdb43131,Saint Petersburg Fl,unknown
43ebc61c5194d7479bc0e0c954180319,Manzanillo,unknown
ca1f0e78b7434c0084bd0832da2af614,Dresden,unknown
d31cfbe41e2f91dd1309be3084379f28,Greenbay,unknown
cdabf8eda1d2d4bc30f38d74ae0263e6,Ibaraki,unknown
38655459ebb4d5fbc82ed72dbf8a8429,Mazatlán,unknown
04de91b3aac3505bb20cfc253417b8a2,Shizuoka,unknown
ff36aaf66c9c5484fbbd028cfb123d80,West Palm Beach Fl,unknown
31a96458744faf78753d7c744e655569,Bhubneshwar,unknown
7bb8bc58f4f087a00bd82f2d65c21ea1,Deli,unknown
f01eefa1d7ded94d3e6a6993787a540d,Wapenamanda,unknown
bf9aa6e48f3355116ccfa853e3942bf9,The Gold Coast,unknown
e421681034e109b28e61335b0b18f4fc,St. Pete Clearwater,unknown
5c4ff46aaabf5b6af837bf594a6f254a,Claremont,unknown
9ec570eaf74f5135240da7bdc0244118,Mae Sot,unknown
7559cfd57efbe9a2e8c18bc6a666ca48,Chetumal,unknown
6225ea2421b169fb0089b0378682285f,Cape Tow,unknown
b34264b9e1985eb756c090b5b84f87b2,Ufa,unknown
d072fa2ca3f4e4afa18b47313a741bd3,Ft Worth,unknown
29d525db3b48efa71000a30050c25d00,Paraguay,unknown
3929060c2e28f467852455bd31e6f4cf,Ft Mysers,unknown
aa34cee40b7ee68aa787506ad568c635,Santa Genoveva,unknown
3dc3f129e38a1892565794427313f211,Alderney,unknown
7598673b536c6d5934bd5aadac104978,Mar,unknown
117ab6230a63d875c9efb2e2810dc14f,Nova Scotia,unknown
85a60b10db80f64584ca4f0cdf4265db,Golfito,unknown
d06095f0b98fc5fb4c50dfa310e4107c,Sialkot,unknown
754dfad409b009f0499074139e3350e1,Brampton,unknown
5c9585f752dbeae4dbb290686cbbb651,Eis,unknown
4c1c5919648ba9eae15c00aec0f8ebdb,Williston,unknown
4f5ca192c90b138689d7228532343c84,Tmc - Tambolaka,unknown
d33329ab90d2e16d2e5bfe7be3ed733a,Yangzhou,unknown
dac0603a75ff119a625f1f490515173f,Melnourne,unknown
d4ac028fccc54de29b420a018e6f3194,Kushiro,unknown
d83708d4adb34bc84f6874d2e80862f3,Longview,unknown
4cbe6cad50a8a31a22bda1ac421d3201,Colomb,unknown
efa764e9c7e1c628fa63639bc7645359,Eldoret,unknown
7a547407511f30fc58b7b7d30a4c8c71,Ho Chi Minch,unknown
7a6ee67127067fe6ec8eb2de87c85178,Ecn,unknown
bdfd346d0f7ad570a2d8be6f1e9b6273,Fort Laudardale,unknown
328a901987e7f6b909a76654354f6c4b,Myanmar,unknown
e3a73ff862aa3523acb92717c6ee47d0,Rutland,unknown
958ef75bba6a74a51b0ea54611a96392,Santos Dumo,unknown
bbba13ce136979bceb1a07f7ca7f4b25,Salina,unknown
0e8fda180275ce8ffb39147b16c409cb,Kuala Terengganu,unknown
f855700653aa3b9a5bed94376860d4e1,Saint Croix,unknown
4cd14d811a1b8d1cba1595c401f56047,Gilgit,unknown
e98f790318dd8101c1b09d653ec7096d,St George,unknown
4c37b84233d8e639f9a19e8cf1204412,Nabire,unknown
8a7e71fd799b6d5413c7f1f61ab47d7c,Ashiville,unknown
25265c3ea09fdb01473e793bf5c03ecf,Begaluru,unknown
b1f5d2c293b751119ee6eea223a114f0,Dmg,unknown
08285142b8f1e1d7897bd83920ae9280,Ceunca,unknown
da2e427da732f703ab403f4d859f0052,Martinique,unknown
ebbadd2e49bf63a2b63a216cb60c30ca,Medina,unknown
c07c5c7276e13e5401aa5f811b771ad6,Stanford,unknown
820afe0a148ccd1ed22c9975030e65f2,Treviso,unknown
271c07c755b86d18353960eeeabc6643,Yqy,unknown
1e3954bbe650747fac7bd20e6d138366,Hartford-Bradley,unknown
2a29594f7a75b33eab1f8bac7c67e532,Sulaymaniyah,unknown
53c6a9065676923dfc9548fffcd386f7,Nosara Beach,unknown
f4df263bce1cac54fdbdd296a098b282,St Helier Jersey,unknown
41e6631904ac9f2399be00bdf9629c06,Eagle,unknown
7aa11fe48958116a479ba4a93c83cc04,Chambery,CMF
aaea4c3f700cbdd6513ce7b15774b09b,Lemnos,unknown
8e93b58a0016b29ab0a86cb69a958ddd,Gyeongju,unknown
c325cfd105b8506052326ddc69aad73b,Philadelpia,unknown
f90a06de583b8a6bc707ef314a626192,Sitia,unknown
1a26fa2b392d2591591f20275af3c76b,Lun,unknown
b6a0e483e119bb68ca49518a5a66754f,Tambaloka,unknown
7ee2a902a8967ca15fcbcea8c3afe68e,Sip,unknown
b3d0b3a9c978e799fc18b822563bd2e2,Indi,unknown
acf48163adfc22103664715d34359434,Puerta Valletta,unknown
776f497ce6d0d5447d8b3fa33b96ea60,Munster,unknown
0797a00864e166129624e618c6053fc6,Xuzhou,unknown
60dc1403b2ef315d7723f7292df7bc22,Tgz,unknown
7e7ba280a13a62df294dc61919028388,Bucarest,unknown
8b71a393f2b9c29dbebf96936f6a265d,Twb,unknown
61477abee9907557112ca6412d1d5e0d,Lusaka Zambia,unknown
a04857662ac0f1f5c92fe3118fcd0830,Eoh,unknown
72e78ce911abb1e3fe41db50d4b39f1b,Luxemburg,unknown
3a28e41da1601e74fee69b0744d7a0c4,San Cristóbal,unknown
861c583176881a68333dd4eb24b565d8,Kannaur,unknown
1a39610ccc253167544ac55cec7414e4,Tte,unknown
e76fb82ff5510f23c81133460208a26d,Andaman,unknown
24cc8eb1f7d6533d77ce89779fe2902d,Eureka,unknown
a9ac7c7cb1a92b29de60d499cee18789,Gtf,unknown
71e5e4d88bba40d0c9c818509ebef98a,Gulfport Ms,unknown
6c83806887ffe6eabcc9661a7c122436,David-Panama,unknown
f5be7c031d959236c4b89a73f27eb896,Prevesa,unknown
b229acb8e033c2a32ba7f20b585ab0d5,Sggn,unknown
bf3d727eb6d19715ddd4cb3fa4e8f7c0,Kuala Namu,unknown
04974edc27341f37633ca700448141e5,Bimini,unknown
1aa270341b0368d07839aa79eb4659ea,Amststerdam,unknown
ad7991d2f8b1eb88d62f8512ee2cf5a2,Rostov-On-Don,unknown
e77529d9b9c0132f64bfb90e3c300ce8,Tel Avia,unknown
72b82c07a4c75e937b86f4169e64b836,Hyannis,unknown
e375400c5d8358a87f733232179e3a0a,Far,unknown
b84f21f24db7b663621e1b230ed20eab,Absford,unknown
d744d357efc36f82fa17fec53dbc6dab,Grand Rapids Mi,unknown
d4fd9a4fc54b0ede6f5c989f8fd4e5b1,Ho Chi Minh Ccty,unknown
9dce81cc2853799468ab3a4a811e234b,Martha’S Vineyard,unknown
e1b32bea8e09c1c773dd8516bf7fb731,Lukla,unknown
861dff7ff28deb0e82386dc6afad0311,Gasglow,unknown
75bd7beb5fe319735b78f390c4290bf7,Łódź,unknown
d42c22356781eb4226b311bb2c30d896,Zihuatenejo,unknown
7b90e621774f23475a4d37df475e875a,Tol,unknown
948961027681a1e6162e8264282810c6,Yqr,unknown
91bea77dd2e4603905590fbe0e9187b9,Santa Domingo,unknown
dd0a8c35c55e517342f3e79f5b147dc5,Ulan Bator,unknown
af01459284f6790d999096a6f6fdebd4,Msterdam,unknown
3c9c571bf0019018c922d18fae575a6b,Boulder,unknown
7f6ce3e48b93446f3b9d9b0a66ebf29b,Nw Oreans,unknown
2a8e17043539072c8886d0bbd1099f37,Shijiazhuang,unknown
b4c79aa2490b63aac3c308e77fe841ce,Pointe-À-Pitre / Martinique,unknown
e84b09c7feb24a827d9e89c58b4b0005,Sinhapore,unknown
27dcf529c3330916511db27021e8405b,Bullhead City,unknown
d4a725de42f3b50d69433bc112b9a740,Plq,unknown
8e872deb33383849fcb694f6d5098c4a,Mcarthur,unknown
5d7097c3f9a878c051105fb7b6118432,Nelspruit,unknown
1b1d9fee414bff329e0397b1461e1246,Ths,unknown
f122b19b0a7c9520d73b97b51ecd0dc3,Olsztyn,unknown
a20ffceadc0e5d181527a49504b0b2bb,Sydnesyd Y,unknown
57cad3d95512ba74c2660359acd36951,Cape Cod,unknown
f73e2c5eb79ccf3df08d0f732805479f,Bangladesh,unknown
dc908263390e043ae36ffdef40d9ddf8,Singaporw,unknown
b224b25b7e5ec04b061b83e922164d50,Willemstad,unknown
cff4949ede4eeffc6261cdbcf822f2a0,Hing Kong,unknown
adb22873b679db13693172bede97e568,Heifei,unknown
c799c1376137c68dbd77f0428a24055a,Helsiniki,unknown
69972481575ae58c7ff6f93e6f98c23e,Zhuahi,unknown
3898fa44cc29332b087c55c2a92d7a17,Heraklio,unknown
d1d5945e48eec361219b91e182999bf3,Pieto Dsm,unknown
81ada7fbcec9c3c4549e08a1c74ae070,Cozmuel,unknown
a23be6e72c1859c3d95a9bb943ee474d,Roberts Field,unknown
0673feeb3937ff20fe491df98f62de7e,Ramstein,unknown
4613f5b79161d5db986193e6b629f9cb,Muscut,unknown
409a3ea18f687b8234bd914b66838434,Rockhampton,unknown
9f7719dde00c2c33aa9fede6f131a4ec,Tuzla,unknown
f523d052bd70321e2c38c08d9a7fac20,Querétaro,unknown
9af934cef74ad3f97b6c676af7c38c8d,Malacca,unknown
d1726cf9b443a0cbec060dd731840e9c,Sucre,unknown
192eab89e20d352271217abc9cf18857,Medina-Med,unknown
5694539d07169f22ce60d0f70d0e8733,Airlie Beach,unknown
44a5cf6668109365a9baf41a4eb9f3b4,Peg,unknown
cec5b89a778b821f2a3dc0a56e793905,Guayaguil,unknown
2c31c2ab605956e1c7a2e1bd73571878,Qassim,unknown
012fc89fc9c0cd40745addfe6e25aeda,Bradley Airport,unknown
ed1585a5f07c722370b4786f41832ff2,Wapanamanda,unknown
8f3258e491964eb824ca1efe61d06ccf,Bcl,unknown
8022c81c81f4df3e1b8740aab7045a72,El Palso,unknown
bbbfee6f6939cca2aa5c56e492a4ea5b,Trg,unknown
54fa084f85baf712f7f3270d17e6fb96,Pasto,unknown
3844b1a475fb8c3f9544c47a2540fd6f,Hadyai,unknown
415928f2573181c506016a412d47cd70,Cuzamel,unknown
1c2ee573517c88b94359124969704563,San Jose Cr,unknown
10ee3b1b94a49da036edbd94c43efa75,Kolkatta,unknown
67102850e2f84ea2367e056b0e966f6d,Kok,unknown
70b985bb9689de5f73429f71634cbe8a,Philadelphia Pa,unknown
821ad9d477b92db726652c33a980edd7,Upb,unknown
879d1ce8875b76c90cda9db630a23b98,Sun Valley,unknown
d90bcd20dff2129f13b763fab52cb0c6,Vyr,unknown
49ca481733cb9f318521182616a15745,Velana,unknown
f446ad63b4df7912b05a89a8962d1a12,Cochabamba,unknown
a71f58dc1fcadbcd98f96d4a17a8f717,Napier/Hastings,unknown
cbf63901ee115efc1520f28aa5208f59,Bima,unknown
5b5d24be104a9fb6d9ede9fc8ed8b063,Adz,unknown
a94ac64439d038dd209269033c971ae2,Pretoria,unknown
b7e972f2614b468bf983f4f3e3ade525,Point-A-Pitre,unknown
ae959a3ade4f1b66ff999f661a873e9e,Turín,unknown
16055d938161f52e2595c4f3dac39e6b,Friedman,unknown
628001889f8b00eaf6526f59136899e7,Sydeny,unknown
95b2e946b3d8c0463b9180afffc620b6,Concepción,unknown
1b30167fe8fd0871cbb3c132fd8b7e4b,Or Tambo Intl,unknown
198574247306a378f0f9f94557e78e7c,Latrobe Pa,unknown
6270a89a36b4db55b54980d98005dff0,Iguazzu,unknown
7bca0beba4190f7f8c21fe741124e979,Peurto Plata,unknown
54cd969e5bb02ae94e9c8218fa7a0b05,Mwanza,unknown
d80569687b49e0225649d21b0c81b444,Lewiston,unknown
22d56ca7a1c2d8de0ac578efbfec21f2,Vishakhapatnam,unknown
212a67997fc8659e71501d85f889d703,Zhukovsky,unknown
0eb91065fae3fd8ac4b53ae556f0385a,Yxc,unknown
59d2c67e9c26b394b957c3d74fea4c5b,Arkhangelsk,unknown
9aa2aaef25ba4af1e9d8cd540781c4c9,Grr-Ord,unknown
27b0b165be67d5652c2672350407f9a6,Mount Isa,unknown
4233e6b9b0a4b988dcd50e4664baa410,Sint Marten,unknown
9bb96acc50f6a60f6de97e5c5ea9fa44,Labuan Bojo,unknown
d3b0ca447925293db70ff967309cf2bd,Peurto Escondido,unknown
127473637610aaf19a80ff853ede9291,Ho Chi Ming City,unknown
d61bbc837f06473837c78ec44a0da6be,Phienix,unknown
ecf6ecfe6471162544189daae898d424,San Diego/Ontario,unknown
df76b950e18e22c6580b0744c2d5e9fd,Stansred,unknown
56cad819dc505bce75fa0784b116efbb,Decatur,unknown
7a3ef6577163bc2150e79895c182ff6e,N’Djamena,unknown
73474e96767bc903a8ffc34af9f7a534,Sanaa,unknown
0491266c549fd68b9fc5e606e631acd4,Sda,unknown
c5d0b7111220e23a91978e59d1663585,Franfkurt,unknown
799d32bbccf8bc3eef94dc66ae40d03b,Cat Bi,unknown
9303c230e8dea8edf28ac6b631d34c7e,Sao Pauo,unknown
b21583554eda88b9876cba36f5bc0313,Isp,unknown
e26beb7e31bc1b4f3ab67ef400475a6a,Eth,unknown
665d728e66e5a3249711e048c6b57a36,Tug,unknown
060724d7afcc2ac1bffd4ed5bd17cee7,Txf,unknown
7c929df0c1bfaeefd3bfcd345b69dfdb,Luangprabang,unknown
1dca5da85daad7fc09dbbfec38164a26,Siteia,unknown
0a281809e04cbf57d412a484af1a880f,Iguaçu,unknown
f16fe4747aee5a8f163b3a4e920b3d93,Halifax Ns,unknown
e79e8a209cc270f498d1d260efbfe40d,New Orlenas,unknown
ee1ee88a63528c58ecfd7db0b2a245ba,San Josew,unknown
926fae826cd9e65cad1bad010dc25191,Brussles,unknown
17508ca261cda8421fc6ca1165d2c698,Kurumoch,unknown
1de7f2eca5ab606fa2f27a52980cc634,Franceville,unknown
e6b6b53d25ada14e5ffe87c24b128fec,Coxs Bazar,unknown
b33c5e94df151575f82c2f8a2b55b2ee,Kl,unknown
e233edf2aa8a66e02cf98b6b837e5bb9,Sao Luiz,unknown
c624c981a0f8d8f416757b9844b0c341,Yyg,unknown
793d81c0ae76d93fd7810149150e161d,Brsibane,unknown
4c9d3dc2460cd82c8185b9df66019a0a,Jarkata,unknown
8c781e3de98ebe137b2d39b567151c17,Ccj,unknown
eb1de9f600ef1f03ac2f636cf78db5bf,Trenton-Mercer,unknown
2b58edfe10ad9b44882486796ad14354,Sagwon,unknown
aac8e89d23c20954dbf7896b8264ed2b,Zaj,unknown
99118b5b2c51b7777bc13cc20a439224,Edmonton Alberta,unknown
73d506df838f0e5de9c59ba26d1ebd41,Bagan,unknown
e3cc8fead9b19b5947a83defbd727809,Dubbo,unknown
29994c1873267ba527e6170ad7c9842f,Pensylvainia,unknown
abacb8a650b55295f4f26abbae3ef1b3,Lin/Fco,unknown
cc18895f10aaa98f9c452d785559c622,Mafia Island,unknown
35d60552559e5f3641d1322aa854cde6,Mesa Airport To Bishop Airport,unknown
ad281b63dd935795378af5d10ecd8cdf,Pdx/Den,unknown
58fffc47d0775f0458311ca637be7c31,Maynard,unknown
762ebd2ce8c3ee98131a3151753c0625,Ho Chi Minh (Inbound) / Hanoi (Outbound),unknown
258b988b66ac8e72a39298ced374da0f,Instambul,unknown
9f47e59830c790c95fd59d8ed2ccd299,Abu Dhubi,unknown
79f7bb1f8a3e8d5ede5e612a8865e673,Amerstdam,unknown
8bb3dd2026fd4cf6fc200093f7d3c337,Guanzghou,unknown
6626be8691b773eabe839c5172880180,Zurick,unknown
a43e98884bcc00baff53e1e7d9385721,Arsaw,unknown
bf1936ee67c2c55c759bbd794e7ba6d8,Jingdiang / Quingdao,unknown
f6f1bb7b100f0fa79211e2ec133b4ca8,Addis Adaba,unknown
cc843aa4e0defa4107b0bc85127b13f8,Mali,unknown
fbd3c44a79e818c3567358d86dba2eb2,Dohs,unknown
954a7c58ac44d1a54c7972e35ce71a70,Det,unknown
cc850f27806a249fb906604b7e587ea7,Conception,unknown
aea0460742f7c22f3658bfd380a1d742,São Paolo,unknown
e05a5d62d00696e401db5ef9f7038598,Add / Bkk,unknown
4fcfe4af5ab1aeb15ba6e537fe1a8580,Keflajvik,unknown
24f1c24b0ae46bf71e4a0bf759012c3e,Istanbul,IST
80271a8d70405694c1639c172be7ecc8,Arla,unknown
c1d834fa5f78ebc51623a3e827d33e11,Montreal,unknown
fc6e0007f50a43d8aae4b0a783ddb905,Nadi,unknown
c191a727aecd40985a8b9acf2932d346,Manila,MNL
1b554837e1f9888ab5c1f43e62a6fec9,Santorini,JTR
2d63146fe0029314414361b76ce4d67f,Abu Dhabi,unknown
70f6b8c7b53f086aee5aa4fcd7f300c7,Valencia,VLC
9043f2cc0efb54232770237100e3a3e9,Kelowna,unknown
d6ff327049e9e5b89ee1805f2cacdb51,Douala,unknown
92a7a3702c94f9749496ca887724a66a,Calgary,unknown
56995eefff6d0101d1fa77f10e7343e2,Christchurch,unknown
a2777911874c448cc7cca2cc20a9d52c,Bergen,BGO
6c7374b983b8e76687b473cc2e78048f,Montego Bay,unknown
21684d093384e8e2ed12ece0efe86d63,Cusco,unknown
98e65f5d94249f416a75e4674d28578d,New Jersey,unknown
2a98f753a567ccee2cb38205c92c73c1,Destin Florida,unknown
e2ec64106de1d5ac9c3edcff1a43df7b,Dong Hoi,unknown
5789bc6c00de801504d3421fcbbac4cf,Sacramento,unknown
ad16b85897b2fa709769a3e44cc3045e,Dubrovnik,unknown
f76408f2256ec2fc8a70510f7ae62d41,Zaporizhia,unknown
6eb23aeb4749ed8ec371469c5b4bce9c,Thessaloniki,unknown
23cd7f972244235b02d100a312963fd8,Aberdeen,ABZ
acb67b67466b43de402dcc8c2af48d01,Tenerife,unknown
a7acb47e59a757389b804e6f4be26ff8,Baq,unknown
7def46d26ae65b0cea9682d5faf6f294,Sna,unknown
4e7b8d0d89af6b17cf6b55f0dc0c2ab8,San Diego,SAN
d71a18e0f0b13504328fda65f1da6fc0,Amd,unknown
864be8696c73be13603411ce948fdd97,Lahore,unknown
b82d31a34f1f7d60de418b996a67d2c5,Tll,unknown
d91a3078c0b33a71486070a53c1d6aaa,Luang Prabang,unknown
2f978e47a59c037754a417a89f87c69e,Rec,unknown
d0e8c82b7f60d47a27193352a50f91ea,Santa Cruz,unknown
613d5ce69c2c5500e81e6ac00e58e6cf,California,unknown
0f5917e9104886126786cea57d46f969,Port Of Spain,unknown
14a3330aadeeea852c39a9f62a555bb9,Pns,unknown
3cf09350055de683299329941d7e1318,Sxm,unknown
19b91d9881c9d7bb4d3a7f2616f76b4e,Providenciales,unknown
da58e11f3397afa83d7bdb536b0e7665,Patna,unknown
89fa29a7dea0ad269676a13adc5019d2,Belize City,unknown
ea9c8f8852a23a81f12ac655c5acc0a0,Bariloche,unknown
154b2413adac3a3d6eb421bdb245dc70,Bellingham,unknown
1457f85bacb4c1a300d56274b7fd5719,Pgd,unknown
ef7c9aa37742b4ed7a25378fc5072317,Charlottetown,unknown
94f5da3247a62ee1dd1b6673e0ab811f,Wien,unknown
7e87555a2e72a7fce2b9c21ff8c52f77,La,unknown
3b842522ea1e173e31e3371f2e016d5c,Rasht,unknown
5341177048df25c07d4408ba5bcc204c,Seville,unknown
a6dcaf193f33f6c72174bbddd54bcb55,Mobile,unknown
30061e6174b3ca22352b8fbb083359b2,Asturias,unknown
fd3bda801878306614d0c99bfb71ef1c,Dsm,unknown
c636e74a9093f2e1d88d170b418ee5ef,Cuzco,unknown
5383107f59d532e4b4e1170462848f1a,Fargo,unknown
9888922cde5d54a8868d79fa956f659b,Evansville,unknown
0919c9e9b5f318a1a1887764eac32f53,Boi,unknown
ae6da0ca43f2a26eef690ff0f50c0d6b,Utp,unknown
9f8cdcb61bd77e610b4470dccba90d07,Ft Walton/Destin,unknown
d4ca5a4bb19854ec6f94edb7aa51b90b,Los,unknown
ab2ec303fda6065aaf49117ecbcf1ba0,Port Lincoln,unknown
f4af8890f1a39e590f2fbbae1b2ca34e,Kullu,unknown
64c8d1370754456199f4adeb8dd2535f,Baghdad,unknown
c0aeb982324af8bc3f51a2d923a2105b,Yxx,unknown
1fb8f7a825103c257c6fe3b401fddefa,Astypalea,unknown
c8e1afb9beb40ceaebf5f7292e5d0ac2,Piedmont,unknown
b6e30938f6a87f9fe0e3864d070f1a14,Peshawar,unknown
7afa66e96cc2997ff422bcd0f62d39b3,Ft Lauderdale.,unknown
ea2dca505510001c8b496fc00e67abd7,Aizwal,unknown
82714914432162d0840b77cd6cd6ce71,Sylt,unknown
225281758c78667fcc14aa10fc5a6d85,Olb,unknown
5a8b42fdf695d58b6805979f7eed80b1,Fuerteventura,FUE
ca0feecdd72c6208e0ca0272a8decaf8,Changsha,unknown
493bcf318e8a794b8a3f72f076facd78,Laoag International Airport,unknown
d3a19ceb4f594e2afdccfb4b1d3cfebd,South Carolina,unknown
2cfe58a93e8805736dcd6f1ebba58d35,Al Najaf,unknown
ed071684f5b096b02dac4b7a0c3c7786,Goiania,unknown
0c7845b6a82c355cca4f3411c714d48e,Pvk,unknown
d4b923502391790c117d5e7d36422df8,Bagdogra,unknown
c87c733e7d38e444eb216f9ec040adf0,Alanya,unknown
45bba5449dfac4aaf9c9646a25091522,Abottsford,unknown
b46d3ce33ad69a1787232197ec9133d9,Tulum,unknown
fce1a3a9313789f16576c878ff638c16,Kitchener-Waterloo,unknown
adacd66b880cbb5909783621491f2d4b,Norfolk Island,unknown
8089ed3cdb6c529bec6dff9ee12f959f,Cincinnati Ohio,unknown
c8b7573bcb20a61e20c09695293e3857,Jub,unknown
e5704010c70307438b650e47b39c5b35,Zih,unknown
5db5e6ada2b5f61da1fdcd19835585c5,Shiraz,unknown
4475bcf06f7a33189f16e87544d983e2,Aukland,unknown
2133e9d027ac5aa47cd8529650f61699,Monterrey,unknown
5f732121edc596d32fdb9c17156269a7,Hong Hong,unknown
7d922151ccb50d257623437b5ff2def4,Erfurt,unknown
b6ee0538de9b2a7bcbe7e55ee99e8e65,Martinsburg,unknown
8c403b572d51ba0e2bdcf93fdeae9625,Nte,unknown
2558831d0daaed9fa1129a32aeb9be3e,Cocos (Keeling) Islands,unknown
324a129f12685c3b8d84261a20ff4300,Tuxtla,unknown
8f09a97b849258d9bd3dad30e6c18a0e,Tenerife Sur,unknown
1dae10ca895daa46e01f7f428a3eea1d,Vaasa,unknown
be55c0f2bdfadd72af73c3053b03a49c,Co Springs,unknown
f21dd287f4548e03b78c96e4fbe4ce89,Osaka Kansai,unknown
5bcc1c619c96f765c2d2ed8fd0bedfc2,Tucuman,unknown
600c383d353e80dac844f64b006995a1,Sharm El Shiekh,unknown
c3bc6ca9ef64a7a7b08b3ddc9fe328f3,Dar Es Salaam Airport,unknown
344ba6374af47a62a5398bb94e1621c7,Maldives,unknown
fb76b33e6aa1fb7fcf15245b6b70fbd2,Gulf Port,unknown
03bfd4834e7cc135149e6e616ee6f86b,Samburu,unknown
b4a10962f209c5a71f6af3ca105b1664,Xmn,unknown
cb1639502fc0572da135c34440e9a792,Phuquok,unknown
884369377221cedbd40a7db27ad4f972,Bdq,unknown
f5f2948b7aabfaad20d173dff0d91071,St. Peteersburg,unknown
3f85b5bf32810b7b8453d14603609706,Haugesund,unknown
318ad619c6ba0c9f852ce28b4da7d7e1,Akron,unknown
db6f9f60eba0c3f6ef46acd616d37db6,Helena,unknown
1a688e2f1e5c1a0b4aae4fe5f1db7eb1,Hue,unknown
ce574a8f21379a2719640de9a0b15a4d,Redmond,unknown
c6c2526b8cb043bc12edddb9a00fb35a,Bts,unknown
e0b9c5838a43b8b4afc01916f0df2fa5,Mashhad,unknown
39102eeb756b5ac3a5220a1117a98da6,Guadeloupe,unknown
668a9b84e0deaaa798828dae8197a7af,Matzalan,unknown
3179e6560b1b8791cd7d51e3c666b33b,Tampa Bay,unknown
495e5a01ba544145784abf141d707048,Kharkov,unknown
670dd4676d1176b6ada80771d4f99fbd,Juan Santamaría,unknown
f288d9bb73049719e4a4540009aa977b,Malina,unknown
78ed434c9075e1552236fac7eaad63a8,Fuvahmulah,unknown
0af9bb4ee01ccc5a847c4f9d8575cc64,Neveshir,unknown
a101e09944e92790227ab70b16739e06,Frankfort,unknown
65b6d240051f6e565d6b403418b6a573,Thiruvanthapuram,unknown
aed5ebec7fe2cc214c3478df4af42a05,Chjicago,unknown
c1758fbe8690df1b307fda6aed793b10,Dharamshala,unknown
c7d4d64cac6a1688635732b370e719db,Samara,unknown
951218b820acfe1219496229f654b4bf,Venise,unknown
dfd887f31cf4fc77566e6bc74405e445,Hilton Head,unknown
2ddf7673585343f3b1401683bc86469b,Newwark,unknown
665635adfaaea1ea70fd060fd53d4372,Buriram,unknown
8a9915f3ef6a59f9727aad0f6bd07322,Vcl,unknown
fe40cf9c53ac3038fee0b4169599a468,Freeport,unknown
49de12e52dc5de4fc1f99616735f437e,Providence Ri,unknown
a382a1244543b74bda37b456f4a642d2,Abbottsford,unknown
aa45841e18335cd841cddd5a9515d4bd,Cayman Islands,unknown
13430c21b5517cc88f427850def6829a,Banjarmasin,unknown
7e33e74775c253c5a4c327c9043f3cd4,Guanhzhou,unknown
ff19490adca97663f696cb1ff8dfd38c,Sap,unknown
e8f982dc732c63101afb2091a9a6e31d,Massena,unknown
7f26865720a0dbb89395cce30993a987,Prayagraj,unknown
ae9377ed273d714b4c061361013b663f,Broken Hill,unknown
55d7ff3df73b6f5d5ecb776d64abc2a7,Lxa,unknown
00d5d15ebe962031ba617dcc2852d887,Fln,unknown
617ef4f2dde041ddfc38073c4fec472f,Carlisle,unknown
1d942ed490d223f478d102e13c44fa2a,Len,unknown
5c1e7779784e203e8319e673ed5eec02,Nalchik,unknown
4725a22cd797a330cbb7584d83e92fde,Foz Do Iguacu,unknown
7758ec8278a39f500603bf3882dcca2f,Eugeene,unknown
b02518efa478949b96eb99c5a18724d2,Tumbes,unknown
09b608d2fda8ddcca3d2202b3a3b8982,Wilkesbarre/Scranton,unknown
00634e0e6a56b1f6f2742bd830d02c04,Swo,unknown
9b8374366bc2ae167621d24c09085716,Sibiu,unknown
697e09a81357c8fd472084160570123d,Duluth,unknown
df8b9272036e5c63e28f0d24c6f46a3d,Bim,unknown
6ec2de8edc1ecd23505be89286ec45c2,Lib,unknown
6384f9220c6d7041ebc4468e41b59278,Viracopos/Campinas,unknown
1058201db3e7b9fe0ef7f6ed19000ef6,Hokitika,unknown
ad321265a95c3765b95d9d65e32d3b36,Zur,unknown
3b076ee567667f0ac0eeee805794e9f5,Scq,unknown
9f67a49e46462f117db2959bf5d45908,Tse,unknown
2dd9f62887e6decffd47b2f289399f03,Sharm El Skeikh,unknown
69d636209a7aff8bd569b2188581163d,Dyg,unknown
3e8d07f1052e7dfef143a3d788b0c83c,San Jose (Costa Rica),unknown
dd28512d81887d1f3e932d6e8457a0be,Benghazi,unknown
440b3bf5f9e1e17eb1a5006aab979c02,Turcia,unknown
4b945bc43d353093ae18b6fe93bd47ec,Lvo,unknown
70c9aabdecb3cd9921469ca8612c75b0,San Jose Airport,unknown
425599f9d7e73d8b8cd6b4ed697338a9,Luleå,unknown
6f7d0644139456d3f1239ce317b6cbcc,Nakhorn Si Thammarat,unknown
08e7fc26c18739c6dcb91ebbb6702410,Nur-Sultan,unknown
181da4df45e6201d0c5b2fff39198da3,Brest,unknown
388fe23b8fba7c2541ff9d25e71186f1,Reagan National,unknown
6f08ebb33efd138a1b521d3cc7c9f383,Rochester Albany,unknown
d239688d3273c5a5700954dd20c8ca16,Luoyang,unknown
387134c84379feeb38744ed8ea92cc52,Kamenogorsk,unknown
c0e112b7ba118884cc2c2267ce2a33d8,La Vegas,unknown
24227a3738ce11b7420e4a246bd6a52d,Nizhny Novgorod,unknown
0f6ea25a4f29ed1b9137d0e6810ff53f,Beauvais,unknown
1afeeb04ceed25b3b2e862b8333d77fa,Ngs,unknown
6e9984ecf99a6b00b30c8c4de29f506d,Bandai Seri Begawan,unknown
518f7ea559941a95636eceb5a3f15043,Nuernberg,unknown
d6f08bc7fabaa6d246d3e30fa5714cb9,Campbell River,unknown
b3d5699aedf22dc42bec37e6b63d286c,Cayo Coco Cuba,unknown
70019ba3041a631a97651e6e2770d493,Apw,unknown
bbeab0bb9efde5b98e1e20e0f4d908ae,Malé,unknown
87aa35ac6a8a91738e145bd4a708bc75,Lwo,unknown
9eef02637c17e90e45998201057f1cd9,Denmark,unknown
fbb2b6f7212525244bf3f16fe0010741,Malaga Spain,unknown
7b2bc3f3831ce51376703a63ff2c7308,North Goa,unknown
a2ed1d603c340ba13df5426b1e161ee2,Calgady,unknown
271226d545843cd5601c295ef5a05daf,Syyney,unknown
c653baffd9f8dd74443a158ddb3b5359,Kulala Lumpur,unknown
ff174f4e1db762056eadca794899cb15,Manta,unknown
cac7b32af370ebc007aee216f7378486,San Antonio Airport,unknown
a42224d431a3b1f5e92a4520c3fb1151,Rriga,unknown
7887b10b236d976f0135eec10b29c842,Ewa,unknown
7ccdcda17e0bd9b6fc29138d125769bd,Nkg,unknown
78eb94bb57c7c95794761d7b75c7bbb2,Lamezia Terme,unknown
3524c078f6b65ffc602f239dd4948452,Tarija,unknown
c0e47713c9c2a522ff0e9f2f65e2e599,Dangriga,unknown
1c368de30db6ee0ef9e1d363219c9ef7,Anaheim California,unknown
76cd8c831dcd1b1256350e07249456f0,Dhm,unknown
3cec9cf141aa6a20a2e83f103c7864e2,Iow,unknown
a7f21cb0f73a02e1dc43cfa44d475a48,Pescara,unknown
9d6f00736a9e10ce9a1468ba658ac017,Lord Howe Island,unknown
c90451562b7e0ed76450fb47ae3af7dc,Virginia Beach,unknown
dc20bb16e6b5395adcc5e72779fa52dc,To St Louis,unknown
b76b835e4617c0f5e1bacb2b377cfaaf,Yyt,unknown
ed8316889ccf145b6215a0d20be3746e,Cuiaba,unknown
03fb88f719a28c88d532fa1ee96a59f9,Surakarta,unknown
8fc3284d2fda6445a8b7955a734f172a,Moroni,unknown
f1af3cf95e09e01cc4d1c70aad2d9143,Puerto Pallarta,unknown
4836739a762f7bfba8d196f78c9369e6,Griffith,unknown
10a9575f8fdf2127f48922a706afbad0,Germany,unknown
e0c02ae0b0cb31e7d4c0534fed3b8071,Brisban,unknown
fddef73a2a664596ec7d118380b6c6e9,Hhn,unknown
f3199f5a58ce6f4455d49ba86c917176,Ciudad De Mexico,unknown
65e8da63e71883140599d94b294a32be,Ile De La Réunion,unknown
09b7a02f7282b96fa839be44de2862ac,Mdt,unknown
c955b4cbd44d70fe0f0dfbc03e63446b,Hij,unknown
8ceba9fd50eaaabc4d71e0fc8f6e4ed8,Evenes,unknown
0d175a157c8c39ae213ddd06aa92fb80,Wakkanai,unknown
5318219b42b32971be2e63daa09c1417,Mexico Return,unknown
41d8b0da2ff5191a0076143b159e6a43,Elmira Ny,unknown
35d492e00350c6250a28e373b039eaaa,Ewn,unknown
83a06f9b90c315630f666cb08a59b783,Weihai,unknown
8045e674c18be8bd72e3c15240a7212b,Tri State Milton,unknown
f835af443b974b3674515c656313c106,Zad,unknown
5dd9ceb0e75887d3456b041527a7eca3,Timmins Ontario,unknown
368ddb784bf889333222154fa0e1a2e8,Ontreal,unknown
158d6996206cb8480065c7e6adf9ca8a,St. Paul,unknown
d3d8c9957e3045375c568f4a18f68f7e,Palau,unknown
31b4d268c35b44ecfc54997b8413f9a0,Malang,unknown
30193851aa5c6da59f618e277ad676d7,Ari,unknown
c866d5c1b0e8e34b424d4f69616c6225,Westchester Country,unknown
ab083d58f3fd0100bd6fd9ad0c4bdea8,Glendive,unknown
f3673e87b1ab7317d2fb09c424aaf59b,Beaumont,unknown
2e84bf589a60d63f308979c53d96f1ff,Louisville Kentucky,unknown
9b1356443ae18c0532e0da53c8093d90,Arlanta,unknown
086b6bcec10baa8b6d7e6a1da6585204,Bhv,unknown
15b5682c6739c395cf3c491e17ae9019,Kirksville,unknown
a84b6d10cead015609b31a59561ff0d6,Antananaviro,unknown
ca1df53322872aa9858f3ee45b93304e,To Grr,unknown
c79aa4eeafa5a7ee16ce70510532c1ac,Melburne,unknown
9c3ccaf3d7e2e14e9599d336df41b48f,Port Elizabth,unknown
164f1a04bac163d55a1fca69a9a1c44a,Hohhot,unknown
210797fe00a5029d4c37089b41b246c0,Milwauke,unknown
9a13b16009eb7eb28a24bb6c5c8c1b32,Yqg,unknown
db14ec4bee78094c3871c93171d97ddf,Phi,unknown
d207f091aacee50ba5e9b4d16e88fafc,Sogndal,unknown
3eeba3ef84d68a509d7f9ab68c2887c0,Sab Francisco,unknown
162ad4df3d34e3a531e08ccba64bfa58,Yxu,unknown
607393bb828244d81eeb0a8c84cd1d43,Dulles Internation (Washington Dc),unknown
ba62a348265f8cc0bf2ff498cc2b06fc,Azo,unknown
00877c9b682f1accee5c5ac5d917335b,Beijng,unknown
911796ba4c70fd512b33f97f03cd9bb5,Jackson Ms,unknown
51ef7512499ef04e864cd506261c6ce4,Vsa,unknown
aaf062db075d4731496180a6c35b0e3b,Tezpur,unknown
e2516820a4f2c21034386af4e2d59753,Doncaster/Sheffield,unknown
074853e4d451c209be0c12f14c018de7,Chalrestown,unknown
710781c131545a3d9107898c5536e941,Hvb,unknown
3fe448bf610aa3e945b4b05e9479f03f,Bbk,unknown
896e4d3b35f8a65c31189b401b0c0c7e,Alamosa,unknown
36eb5a5df787fedd259164f72128900d,Jacksonhole,unknown
c998bc84f8f3312b0611ac6c1654bcf6,Dodoma,unknown
12c28bbf9f999563440807b1fc08c70a,Elcho Island,unknown
379225236c25e516ba6d3dbbb2d1ede7,Campo Grande,unknown
4751ae3b90646ce6efd82bce8004f550,Depansar,unknown
8ba3e70ed9f7eea53ff5b07ff332ded8,Bélem,unknown
9e5f8317572b9f80b3773016bf396d91,Christchurch Nz,unknown
855856275dde68c944c096fbe9ec4576,Ark,unknown
6eab8835d00d127f8b9f82a8e95e35fa,Sfg,unknown
e7579ceebbdc40b8b32689df708b8661,Sandefjord Torp,unknown
ce678ca6012bf56e59cd67bc5c9711ae,Bgw,unknown
4649fc3761c474a101367ad650d2cc42,Philadephia,unknown
80ca6eaec0392b8b285d2b2c953a7055,Zuirch,unknown
169f07e2e7acecd9c9813d7d3a75307a,Johanesberg,unknown
503cfd6e5be51c115c20c4b7b1d268a4,Txk,unknown
f1f4000d6d4884b39f51e27bef5e10cb,Belgaum,unknown
a1db3b3c3bc374a5623c8f79a618d8e5,Destin/Ft Walton Beach,unknown
05c0d200948c7a98317366037db50f83,Kilimangiaro,unknown
f7b827447f28a4a9cb928dc9d1fc230c,Bethlehem,unknown
4f10e92f794d69bc8c525c0572d41675,Zam,unknown
8f8ad38776000b1b73fe1dca6610420e,Ljubliana,unknown
0d41b420726d99d4d6d3505e20f5cf39,Johannasburg,unknown
b0e0797c6e6c75671bb99084fd3de7e3,Cluj Romania,unknown
26d3ea06cc2eaf8107710ba4ca0b93ed,Shantou,unknown
fa1ba7fcb0c9f89c076be046bee6eb9c,Jaxsonville Fl,unknown
91def0936cab72ffb4ae47748f93f16f,I7Yu,unknown
50ee8084f59bed34c7d3097a4d98591d,Ctl,unknown
5a82876f368aa4eaa173262d14aa07ed,Jfkl,unknown
80cc61fd6d3645d9442211e0cda6d8c0,Boa Vista,unknown
febbb38c5641b9cf2832dd99a2efa036,Berrien Springs,unknown
f44b30c41ef4b013d5160037f08357bd,Ixj,unknown
7d0b5c5597055f6a2a55f65b51cda8a7,Damascus,unknown
a587b0457d3c16cb89a50c0fecbad1e6,Lubango,unknown
363b298a0a67602aa18d645c48668468,Faroes,unknown
5cf74c87d2ed692881aa0529e20c7334,Lihui,unknown
4063ae99b2c2a26ac1753cc0645938fe,Sanfransico,unknown
996db1621dea71131ddb35b52d1cf82c,Was,unknown
83aaba2d2f6fb3cd3a7fde4cfb10c2c4,Wuz,unknown
bc147de97a17b2d61c3130ca6936637a,Malmö,unknown
f63722c081ff0400b278e1dc2d3bb20f,Khujand,unknown
d4fb8bc971ae4a7a5a7583880998b843,Makhachkala,unknown
ada8d393e9b63575594cc26e888dd9fc,Branson,unknown
96d1a11c93688839972dcbc1cccc0d7f,Lgg,unknown
23acbc808a634699d80968717575bafb,Langur,unknown
a194d638cca97e50fbba3168e50e0ab1,Vardero,unknown
d3a9234db56a0852dbe6446ab8d00e7d,Radom,unknown
a7debb78f787e5224e674fe772184197,Montreal To,unknown
cde6e42bf44451d8c976a1c641722cb9,Longyear,unknown
b72402848d1cd56729ab46a48d506648,Aca,unknown
71e3a68c6f8b3068aa64f98c262a6ad3,Xry,unknown
93118449afde2827292e25565f183854,To Lanzarote (Tom7414) And (Tom7415) From Ema,unknown
cd37dfaffe297ff609860b6ac11a8619,Iwakuni,unknown
5f76c7bd9e8b0fa1b18a7e2f37ac54fc,Aktau,unknown
dbb4b076aab20af16f1a29c104b711f5,Pju,unknown
d752e1e4deee36e5597128989eb499bb,Orange Country,unknown
f5df2ae1d3be3af62c69451b957e63ea,Augusta Georgia,unknown
6bb7d7db502eae7b23eb97baf6d0fdae,St Petersburg / Clearwater,unknown
f5c2109b1342b0bc612c4018aefd84dd,Coo,unknown
3550f0c065970336071fe2cae41bd4d9,Milano Linate,unknown
747c9d8838e40a1bc2dd2435c6448d5e,P{Ek,unknown
5fe11c2d0864f82051155de1a2eadbfb,Cgh,unknown
74db0425601f7da1780159ec0fd6c75c,Sac,unknown
96c0871e65c5295e7222b4ead7ea792b,Leon Guanajuato,unknown
11e24200dabf4d476c7e7abfd9c4d277,\Doha,unknown
0c25f09653c1f5eec25983e517e892a1,Rekyavik,unknown
871e42f5cc76d763849ae63638608e21,Ho Chin Minh,unknown
bd6620a91296ca4ac67f740ed8382b4f,Ketichikan,unknown
f48d49bd9d4793a45d14a613d91988e5,Instabul,unknown
215bad8b7211f8d552901febe1b37d10,Royadh,unknown
816a80953f48c5e0b5dea26b55ac0c42,Okavango Delta,unknown
aa17ab23323937f0f34511817c84f9ee,Sanya / Guangzhou,unknown
996f4ad7313163ce19fd973e5924fc19,Add / Dar,unknown
54bb3bc66fd7d63ec2b3af027cccd368,Torontro,unknown
c1a8ab21b36719b9cba37eb314d6245b,Adelaide / Doha,unknown
a03580b7539cc196129145f113204502,Santa Lucia,unknown
4cb58958add22b25d4df1f9cf7e27483,Chishinau,unknown
9db618a097aa2032ce7ba02b3eeffc3e,København,unknown
7cd309a99b96d87f3fde3489e45acae9,Santa Cruz Bolivia,unknown
43066491ea86ebcffd5887695bb3e0f8,Chengdu / Lasa,unknown
6661f5438f846a6e90e981be3e2a2e81,Kingfisher Island,unknown
dfb8779a13ef5b290f9b845699358d0b,Orio Al Serio,unknown
ed90a62d55a1834c9785b8e0f78785f4,unknown,unknown
3d87667eecd88b405a023488afdc0ca2,Tampa,unknown
4cae5faccaaf1b088c5ba0ba2d0e99cf,Dumaguete,unknown
bb4f341e9d9be83ac98fd8e6137ed0b2,Faro,FAO
fa586ceb4484ae7bcde779ca6a020e48,Morocco,unknown
5a1301ed9f082e9cb98bf8d15f7fc9da,Danang,unknown
f4454f878d20c97d35ced002b724ba29,Brisbane,BNE
c7ed2f3a126cc002fcf5331e7feffb4f,Brussels,BRU
673f23af8563b3aa0fb0c6cef9afed20,Tabriz,unknown
ff3e32eae23590a306c5c99b78c6e8f2,Tokyo,NRT
626a4de9f2592b737826e721b97de830,Provo,unknown
a3bfc9b1edc5274905cc465e66baed3f,Chennai,unknown
2ddac806fb0c55278bff0419ed84538a,Debrecen,unknown
3544b933d62849102c893b1db9926d96,Lucknow,unknown
902923ef6ee393f08f96e3a90090fa90,West Palm Beach,unknown
b89113617bcae46746a5301a29e85cfd,Long Beach,unknown
b814c3b613fc603422d5eae92c58a49d,Turkey,unknown
a0d137769bc91489f81d7b0ab84fe59a,Heraklion,unknown
22fe3c30b225fa2a26c6b7f2bdc3d60a,New York,LGA
33b450816d0e7c0b5c98ff1bbf134d75,Larnaca,unknown
3715927dacf1bb76af57b781450af09a,Otopeni,unknown
2e76c12f564aa18eb3cc2337bb437836,Asheville,unknown
4b99006f9eac03addd9709d953807b67,Florida,unknown
5f1aee9ddc0ba3bc21849bca67083108,Grn,unknown
8e4b2b5cf6e02aa438399d84137531f7,Trat,unknown
31c1d68686a32417bb23f11181ddaae0,Hav,unknown
0ff0de0c5aba10d169a292f914ebe203,Los Cabos,unknown
229f895d096bcf8d028e6dda16ca1813,Ykm,unknown
de69dcfe25bba41ad49f7ca738d89f08,Clearwater,unknown
3a70adf3ab810e13a8936e60d5c7bd75,Richmond,unknown
a282b4f4fa8669fa25de659e2a7b9ecf,Lebanon,unknown
a624a520c0e80134d41828d58ffe89b3,Tenerife South,unknown
b0644043886559e7f9aecd212390cc36,Suingapore,unknown
5acb733b7171f8bd1dc50fa76a644747,Columbus,unknown
b572c7f912836ba472584dfc093ed462,Ankara,unknown
1f607097edf8c1c17f32b23481e7f7e3,Tivat,unknown
9ebca5aa048a15cc870ecbe3dbd47b2c,Kota Kinabalu,unknown
99e40ef9b4322c40870ceed1b94291b3,Montevideo,unknown
cba3d0c7955d7f8cb9f464851d46a19a,Chișinău,unknown
912c73355ec51d5e6971e71573362357,Wilkes-Barre,unknown
f112b79ea540ae5f2e34e986f6d189cb,Fresno,unknown
6727ff8ec606fd183d1b976c38fdeabb,Cxr,unknown
ac6b22ffcfac25b98226e02ac2d2847b,Oudomxay,unknown
a232062805aca26fee7b7fdb843f1e70,Asw,unknown
ae815befb01cc019453f45392370c341,Savannah,unknown
51952eff92aff9030f29f21b1894ac68,Visakhapatnam,unknown
42165b884dfd85fc564c188afd5f116b,Lhe,unknown
853c73b6220d5c7aeed3c799a5129c73,Cochin,unknown
d5b942af786473290ed0206b58ea0de9,Yeg,unknown
843040cdaed85e625b795d463476792e,Lanseria,unknown
39fbed212b29121297ec03338f27819f,Concord,unknown
c3e5d67762443d02ccdf7d54f76770df,San Sebastian,unknown
a0f99b6a6fc8146f7758b21b36702c70,Eyw,unknown
1bedebc0c730eff7ec8a105602c92c18,Khon Kaen,unknown
b95c9abf4c526d68e7af9e4f6f818bdb,Ksc,unknown
e5166c0e1891d8ec5ec008f1d26d8171,Rep,unknown
0d8970595452b9571f17289a4f9c58c9,New Cumberland,unknown
47ac346febf0db890a202241d398e221,Sioux Falls,unknown
6cc74a23e8a0cb839e8548d9a9991db1,Poland,unknown
29c75c8786182da8031a7d7f18d4001e,Wilkes Barre Scranton,unknown
32171d69a0fa527dcdfce35ed8f723d4,Lit,unknown
b2b0ecaf6ef784cc6bcd4bf6be026f28,Kayseri,unknown
a91ccd3650033a8dc4092749870ded5f,Wuh,unknown
d38196ea02612b10f45d06f9e1522594,El Fashir,unknown
11024c96440df52d61f318847de172c7,Palma,PMI
05cc1f00fe34f832d77f810d9b9b8991,Dakhla,unknown
49faaec28effaf951cdf0881e2b74f3f,Managua,unknown
6057f1f9378b6d5cbbe8cb8d59732deb,Phitsanulok,unknown
8bcb74b5a31db95da314faca6f75ce59,Valletta,MLA
d68abd938302a58ac436bc96a40ebac6,Tri Cities,unknown
e2147bc1143963bcc9cd56b23a140101,Vte,unknown
22c2b6d36c73156bb7af957374dce18e,Bod,unknown
2400233de9a344668004365fdb8cdf73,Joplin,unknown
a2806a4ad99d597e887cf34081b2d83f,Kefalonia,unknown
100b83c6c463da364ac6e41aaa4da52a,Newport News,unknown
fe5a6d124e0fe5f32db29f73c50a25a8,Nagoya,unknown
c68aac7fcdecd12b423266374ea93a62,Vietnam,unknown
e3192c700e8627d5b1d121ac055e76f5,Kerkyra,unknown
55af9a3ad93a24d574b72be6a0bf2f3d,Atyrau,unknown
a7597bdc18a5a13e70f12a2e19d3a8b9,Ft. Myers,unknown
534e1c4e5e0590788efec63e7c0fbf6f,Madeira,unknown
6bed8dc9b48476d5355685158ce86403,Trv,unknown
428b7909e33623c7fa4250d087403cf8,Kastellorizo,unknown
d030d5e986cd3dd4efb2f985ea2ac7e3,Alexandria,unknown
c8a47ba3e8b62cff50c054e38301b379,Leipzig,unknown
d05c91ba36405b1b5a1c2381f1062c54,Labuan Bajo,unknown
0174087cf0d67e50023ee0e243fa08b8,Ubp,unknown
98f54b2b1f50639c541d387db967eed6,Grand Prairie,unknown
406da826187f360fdd97b7b9c4f6823a,Cluj,unknown
17182dbd385d96079e6f8d4ae558ae05,Ballina,unknown
e94d33484098bd6554c2b876ef26befa,Greenville–Spartanburg,unknown
efe171e88b786d9620a78b2d6c211e60,Katmandu,unknown
6c8c5a775b0c984bd461be070143dca8,Cju,unknown
e3d31ca70559daa78955e52b2a1bcd5e,Ndola,unknown
9051a46f85ad7a3efe7258300514cb76,Cayo Coco,unknown
4d07528c1e9c03b3652fa5fbbc4ed8cd,Wat,unknown
c37a49094cfabd54822a0d057f6bd811,Odessa,unknown
43ab96ad9fe2a5653cfba2f5969cbebc,Fankfurt,unknown
44a2b8efa96fefdeff2e380a19bd7ec5,Kupang,unknown
708a192249910a9abbd496bea4dbc5e6,Cjb,unknown
b9ef4b8bcd6be7604c598cff4156e9e2,Moldova,unknown
f10f1dc0e7b2b4cdb950a8a66c8de8a0,Pakyong,unknown
d107664ed159671b27417b80b40ced37,Manado,unknown
ed0e0ed428d21ff37be35a2cfc22e2e8,Khn,unknown
8fd9ede4027f26fefcb5ccc441872ede,Aurangabad,unknown
f0e9f3d07210aa684ab5067e18ec60f9,Cag,unknown
e141f0a6e710c8d4ebd54c91edfdc08f,Hilo,unknown
d9c570806ba3804e54561038e7f09da9,Rurrenabaque,unknown
f172944d0e8bd95b0cecf68290ef6eeb,Spain,unknown
fd0df9be966790424b5dc3a3ae2d9a48,Köln,unknown
b0d86f6bdcf86470b9241c24d9b45025,Cyprus,unknown
3648633f3e50cf7818e9fcbc7f8fd1dc,San Pedro,unknown
39f13cab053e9df5a5c86ee10c6189bc,Drs,unknown
22e3adc410137ed860f8ea1c778e34a1,Sju,unknown
da7d092308b4191dcb3ebab9c0153217,Nagpur,unknown
31c11dc3e994c066c410c41c7e83705b,Fort Smith,unknown
0108fcb7c26c133e77fcffdbadcc3c62,Ylw,unknown
7cd161417a379e4d1bfd459c333ee37c,Crete,unknown
8dfae1ebab857d0fdbd98ece1463136f,Sao Pulo,unknown
dbcade90c79b44998cfc6332cc7f5382,Funchal,FNC
ddadd92e1ad2230b3e0aa0871f2c2da5,Tawau,unknown
655c4d0afd16165aaf46bfda6bd991b6,Bgr,unknown
49cb46feb720b52f208160a9dd94f913,Boavista,unknown
ec295e1a198612ea3b39146e54a60c32,Oxaca,unknown
7ae621e750d72007a650c247db210eb9,Hcmc,unknown
57c93be65e97d5bc66d9a5c830c39634,Erçan,unknown
75d4f53ce509a9758196eb98c4369cb4,Jersey,unknown
9725bb9b077751a102fa55554325315d,Lawas,unknown
4b2211fdfa78027874f33bd09cfb891f,Or Tambo,unknown
ce53bb21666b9751f03187a3b77ec4ca,Foc,unknown
cb3081d98af66101ec5cbb872d77081a,Port Hedland,unknown
7be6dc2dd6479257a2036c5c242a59ca,Tas,unknown
38c4bc223f9f2f2313c41e6a692686ac,Ulan Batar,unknown
8dc9bba351e7f5d668faed8ffe053f2c,Niue,unknown
0467865b87befd97481a25dabe75d87f,Orf,unknown
a8f45f142b6af9b4d4dcd5a09a6a44b5,Zuhai,unknown
cda29e19b28f6d6a9d14eed2c3b4aed0,Abuja,ABV
1aa5a16f15efd97e9309ddff4b123a55,Clo,unknown
6b0d1a72abec24cbe805d49cc9b68de9,Georgia,unknown
9ee7ae15c98225168324fa73c4f304e4,Puerta Vallarta,unknown
cce2e4e690bb5fdd4aa6e95ca3bf6fd2,Bejing,unknown
d0a85cd384f2f19bd8245265f1d4ebad,Sharm El-Sheikh,unknown
0ad7c9df64abd189cb800656fb05cafb,Dubrosnik,unknown
98f6a9d1f5201a911ed1cd6fd43a326d,Azores,unknown
544a038bf9450180130f44d387e920a7,Hồ Chí Minh,unknown
e80a002c663e68d2217ad327799549fa,Erevan,unknown
20fa9aa0612cb0b9d58506b1474e5e8f,Livingstone,unknown
2d48d1b42ac49d925bd08d4e1309758a,Grande Praire,unknown
509b11e41fe1eb67d0f5aaf2e6fa407c,Bdl,unknown
32e35fd6f242b34ac2e8cc412bb6a513,Tauranga,unknown
8747ca296353ef505f134393c9cb1a05,Akureyri,unknown
821300f0a242beec44fffba9bf7a7546,Saltillo,unknown
e75ffe3e6671e48ebf1f7abc9c45bbbe,Amstrdam,unknown
41502498d916f285013e3e1fda567889,Azs,unknown
c52b3b3eed2d407858505a4214c19771,Luganville,unknown
c85422d76a76823fa54bdaf5ce42ad10,Sdr,unknown
57e3ffd91ab9e075e318538dd06dd522,Edmonton (Yeg),unknown
b83d8807a506189cfb065408e64da1cf,Philadelphia And Return,unknown
4b9bfaed562553939a5d5539935f104d,Ein,unknown
439ba3444c98db75d95dfd0f9f059a23,Johannesberg,unknown
f587b2932c8a103f3d0dc7b787516da3,Charlestown,unknown
f68f7f0a84e7065cb05c01a58c3c1b2e,Mba,unknown
ece3f285e87c3adfc3598ff749b48684,Eug,unknown
3be9ef9b2ca5dc6d390ae1c7627a1fbe,Singaporec,unknown
cedcf1e808c6def3d0d36254f02da3a4,Atq,unknown
4bfb2e8fcf9a0873a8c3df6afd821eac,Astrakhan,unknown
50d10007628fa027d7d43e848ae3ca7f,Siem Riep,unknown
09f9a750d2258404d1c6bc7da5b9c311,Lamezia,unknown
f96b276bc7bfa0e456efda453f7601e9,Halim,unknown
bb529130b18965477f584a15df6bb23b,Salem,unknown
62be0d0d56437208f6607e6e8eb599c2,Coron,unknown
2c66b425f1afe48c8db4e6c497fa4ef4,Cwl,unknown
081bcf9b07743b323bdd00cfed8454d9,Kenai,unknown
7358d29af628711f87236983f5302c3f,Lefkosa,unknown
c9d4edb9c1465701d4b43922b0060754,Cix,unknown
66948f630b89ec34d2d1d03e16873983,Canada,unknown
0ccb2bea5479ff8e8f7947a2dd59f27c,La Habana,unknown
f4a813f23f04ab8e2fadd7df40cdd8a4,Tanahmerah,unknown
3fca6ce8f4004a7688a133a851aaafec,Moron,unknown
3ddd6d226e34fb9d25c4bb9af9610c5b,Nossi-Be,unknown
60494179b85b6b6942e7cb2ea8f5a88d,Mashad,unknown
5b289e43f3c6a666b928704a2b3d4707,Jessore,unknown
b49eb6cf388ade2c5c47174e1aa7a29b,St John'S,unknown
40882a4c990731dea5d64da15ced9226,Kun,unknown
7df8385316128e04e985eaedb3d427ed,Nicaragua,unknown
10eb65d301f429c457784dfb16409722,Czm,unknown
cf6a7f46d36e84b28fd164b4840f31f4,Liberia (Costa Rica),unknown
3fb49e44bc5c9816dd8a0fa1d8a2fa3c,Perugia,unknown
bdd4fe570ac4c24208a4d6a33170e01f,Perpignan,unknown
23aa4df3b12a0eb942b2080feaf0d976,Hnoniara,unknown
1c92b89576a977dbe7042b4a1a4ea82c,Tefe,unknown
4d30657c260b068c315746957ae80ce0,Merauke,unknown
578a281a4857c6afa743e83a1f038d7e,Cbg,unknown
2bbec4a71de8430a81549152d13a4c17,Rhodos,unknown
9132efa86deceb5c5ba687541eaa0fde,Copenaghen,unknown
38e56753507c63614e60b71af5a8df05,Penticton,unknown
8f56d8ab9cb0a09ecc86f978018e5c0c,Pwm,unknown
d7d16edefaaeaac9821455b3d9eaee8f,Rize,unknown
e61dae3e8a7ce41be098708b9ebb13d6,Richmon,unknown
1ce30d2ffac242fe9abaade26dc04bce,Nyaung,unknown
f6fae7446bba8cac9195f5c4b64c088f,Sah Francisco,unknown
f094816a743fd978c2f40dbf2aa0f909,Lubumbashi,unknown
74d41de4850806ceb13b15aabbdf86de,Hou,unknown
c08ae291f261c4b0389159843b4d4525,Tagbilaran,unknown
3d85200489f6597ee733360805d7720f,Tna,unknown
c67e4524934f9f17ca6185fb83f321bf,Blantyre,unknown
4f517801ff15b52e4149bae4f6e5f026,Tel-Aviv.,unknown
8e4dd6f95f5fff51f21d13a4fe04d992,Inh,unknown
7436ec0f4cbf20d2eecab4034656a85f,Cuiabá,unknown
760a695cd1268a8f72d00ed7ca3bf19f,Calvi,unknown
c37cf4f17bfcf9f257e7ae106b1f279d,Agartala,unknown
2f49810b821dc0076890bbca5b31725f,Nyu,unknown
4fbda7b3d2a07733e2ee1fec1d522dba,Ithaca,unknown
3aca43d223cc61665b3f52024e6ca3b9,Mlos Angeles,unknown
e15f6e9d241a6ca86b7f79ec5671cd16,Abu Dabi,unknown
3dcd902121ea7e3872d8fab8633a4ddc,Rng,unknown
cd7ac7365f1714665ac5964216a02936,Brunei,unknown
da01a4480014918e11d6feea7faab52c,Sto,unknown
0b4d3b97e28102fe7856e2c69d8a80bf,Ambon,unknown
8d8b98b57b3feb303bb810428fc95941,Ulaanbaator,unknown
bbc714e4847548a4ea243f54c176463f,Chittagong,unknown
054260bff57de98e7f44443b730b50ad,Zqn,unknown
bad8d1ba9d1db1f959da81d03be670e6,Syndey,unknown
0a8e6986fbc711ec71f50195b5e28bcf,Korea,unknown
7fea254a52d5c1023259584a0cb6f569,Auston,unknown
8b40745c6c2b656b009cba3875b6a598,Cinncinnati,unknown
2f6ad5ec18aa79dd50fa77b93cecf8d7,Hungary,unknown
3a324f41f35cdb7c58a6abfe5dc4d04b,Mytilene,unknown
67b412af78fd7cfc387c490279bc49fc,North Bay,unknown
6b4dc3d9808cc334771f863141bd3483,Ltb,unknown
4f8cbad0492efa2896b391beb76e1c01,Ovda,unknown
d0848c2cd3624b5e54c311af41f10cc1,Simferopol,unknown
437271acfa55e71cd30c916ec63050ab,Saint Denis Reunion,unknown
89d0d5a4e70c0f471026e6cab1327d44,Mérida,unknown
6a240ad0b19358952f2b75939dec2fc1,Srt,unknown
93f6050917233c0ab8d59686557921ff,Chadron,unknown
87a218effd69782ee248f2dff8f381a7,Kahalui,unknown
3eee39ebad805a0fe80733a2a82cc29f,Tanger,unknown
390095c6c4f13446e9b4746e3c00fb02,Birmimgham,unknown
4d4a886125067c999fd3c7943c097450,Ternate,unknown
e5127671ee4c7223bb71ee8bc2d76972,Cox'S Baza,unknown
02f6e1ad3fc7a53edcd8ead652ae4781,Bamiyan,unknown
5e5a9fe2ec0195e9c48dda730dc0d082,Mwz,unknown
3bf3f4341c364513255ccf3f0c23a00d,Meridia,unknown
61d50614eb7a77227aee54c11aec35ff,Guwhati,unknown
302a7720b422d996483c92c1290b4ccf,Zyl,unknown
6dcff8683a621ace13ccf1e8eac06590,Ozh,unknown
ce1118e35b6847a404df1d26eedf0372,Gka,unknown
4fed97b27f69f705bb8073d2201e08d5,Winipeg,unknown
e8f6514947794efa467b278ab1860bbe,Inuvik,unknown
15a9ea6e21ef82279f5eb0c30dd2d62c,Kempegowda,unknown
4b61db98a440fd7226fc6a8cfe23f4e8,Nosara,unknown
8971bf5d69cbb9b646ec848e7c0d3307,Ilp,unknown
9f9332fea34c6076e0f0e450016ef2ac,Malawi,unknown
6835a6bda55bcda29adeecd823517257,Wellcamp,unknown
f674414bac5af3b8edaee7b02fa69dbe,Quy Nhơn,unknown
e158772998a2af8f59b039cb1407bb8e,Geneba,unknown
62d920180f0f1202bae5c8b4292b0c91,Saint John New Foundland,unknown
ce9215c5ec397c2caa1ac241468b2916,Gothenburg-Landvetter,unknown
ed21edca2d42801e723aff4dc1942bd9,Lafayette La,unknown
72423f749414c1541e7bcec53a421d5b,Tortola Bvi,unknown
b1b6fa246337a6d2b16a9a134c163df9,Melville Hall,unknown
360c3941baa409b349aebfa5e7c56ea2,Gander,unknown
0e089090270928e2c2f05a8f54c14850,Saint Barthélemy,unknown
a0075bf907996b157612135887da060d,Venice Treviso,unknown
31dd09bad7fac4c500dd91055b4ff661,Diani,unknown
214c3d089f9c6c8b7865eff879082f6c,Kix Visa Hkg,unknown
c9fdc0b9053cbb01e5d7447ee162f4f4,Hk,unknown
93c8b18c5fe06c84e31a743f4d05a923,Melboure,unknown
6dc3eca47424286a67878a385506b2b2,Tacoma,unknown
051f8ed997b8905aba22462f7c532b2f,Lihua,unknown
63d7ffc5dae9a8702dddcb78b8b1efe5,Barliloche,unknown
3025808766dde148d82c0a598064d222,Honalulu,unknown
6e2a035c789543c5c6316764eaa3166b,Dussseldorf,unknown
425de4d2ca05bedee7d0761a00071b2e,Dimapur,unknown
f951f490467ef9e5c63ef7760670ddf7,Puerto Vaĺlarta,unknown
f39cd887f92cfee8cb593592680196a3,Romania,unknown
0e2714486e9dc04b52fb08b8cec1f1c6,Lublin,unknown
5893f60268f0eb34eb53c465ee296390,St Marteen,unknown
8659d616a19c9411b3545d8ac7260cf6,Palm Desert,unknown
f7d5ddaa5de404eefa5ed70075d961d6,Kauai-Lihue,unknown
93e9fab3c68080c076e8a2f67e506ac1,Islamabad Airport,unknown
7fe3e13c837dafdd15bc796bccf28120,Elm,unknown
8f5f11b3838086d5688b7176ac31ac28,Amersterdam,unknown
f5a00c27d548e79f66e1ffe4b2d3e423,Pasco Wa,unknown
0d02efc89fecc29c92b9ee40a9f819df,Loss Angeles,unknown
95321b0eba45b80eeaf5bc8cb6682590,Baytown,unknown
abf5260d55d20241629ce939a60eaef5,Bocaray,unknown
aecdd76ebf84f0cbc0476d6a995a66d2,Bati,unknown
ca1e6355e07cbfa7803b360e2f65b076,Saint Barth,unknown
6e249413df7115bac43c7654512ce82c,La Guardian,unknown
c407b0780d9b0fc344aef2756619a50b,Ürümqi,unknown
9391911156213456c197491bb9aad91e,Tablas,unknown
c2ad4cf38e0ed9bad7a25239e5ab50f1,Bukhara,unknown
fa95000a6b7a8d0b3a3a3ec0941697f9,Montego Bay Jamaica,unknown
99317c34586d3fdcc410515fea9d282b,Nav,unknown
9e414f2596e54d9c2064d8ca9813bddb,Barcellona,unknown
92de4aa23325919e74f8fdb100ae3129,Charleson,unknown
a85f1b29953a377a4113bb4069ec4bfb,Dar És Salaam,unknown
3ca4ba4a92f95f1eda37610e6bb65a69,Chandighar,unknown
4697ff4e3d664476b6e919924c6b9953,Antalia,unknown
1e42cc1c3cd608ab435d7af5abb7c59a,Washington.,unknown
91c1b3bfb92a7c8b16343f7ed0b0eaf1,Kahului Maui,unknown
4e9b6906bdae63bcb7db0d5b78d65a94,Eagle County,unknown
87498373872240a8b0b958cd2013b3a5,Punta Canada,unknown
8b6d987befc4c8bc8ebd92b585e4711d,Fresno (Fts),unknown
7e44ca2cce6a27c072c32e057d1aa6d4,Katiwice,unknown
dff6e20882f773dcce045377d2aec2ba,Birminghan,unknown
8c79247287a77a4e95a931c47a76d252,Minneapolis/St. Paul,unknown
22fdbde0a4a025e2b8bef47095ae6dd5,Accra Ghana,unknown
0bdc38bb6aecd66dafe59d2744d91325,Pamplona,unknown
a12125027f91727b9b709cd76a4b8177,Timișoara,unknown
97ea0413a04450dee7ef17329d21885d,Phuo Quoc,unknown
2a0d7dd5fb261c6f3935868eae5bdf08,Lcj,unknown
539f5188ec08050a1113521b804b79c7,Muara Teweh,unknown
973405fcb7363c619d9e76c3a1a2c988,Medan Kuala Namu,unknown
19c6c223ca415534ce911b2794ca34f6,Veradero,unknown
6e2437a4339cfe804a4a06d0570aff64,Vga,unknown
d91db517df12bd390daf434ec1d59b7b,Sandiego,unknown
e06105defa30705567841b947200e499,Hsb,unknown
d03ec9a15972d62b9b1fb13a88221d30,Ntl,unknown
b336f0b3dbc3fac758c7628441a79995,Nim,unknown
bdfb0bdd9f28a3da76a828bbbdbe8488,Nevsehir,unknown
09376eb945281ef4df91e34773e68755,Trenton Mercer,unknown
98b9fe5e4c642384b29e12e3183ce570,Nos,unknown
42ce516c3f43ae03f866a448e6ce26c7,Vilanculo,unknown
c829b67cbec39839ce751bf35476c9d9,Vgo,unknown
a83aba04c2a946b532f03f5192607d14,Johannesbug,unknown
493486979d4e350b94f2b937f44e0c4e,Christiansted,unknown
8591435c3d359d2ba08b9a3b086c8a18,Chişinău,unknown
648b1e3f00af173b0fbd10573dcdabf6,San Jose De Cabo,unknown
f0d9d8577fe598a2de339b4c7036c395,Melboune,unknown
68be74c54e232312ebe22b175797ddd0,Saint George,unknown
425f6c74e80d6a6e59da6a0915eb6b1e,Kythira,unknown
17150284b019fc0080b92c60970cf68d,Johennesburg,unknown
c0824ceda9c10c3c068373ee0f807ab4,Barcalona,unknown
d46cd12f2c7e14808ed49373982386be,Subic,unknown
caeea49261a1ff94f79c643133c46328,Abb,unknown
01f01753500583c1f6a23df5d3b0d0b0,Akron Oh,unknown
35fe3d41d60f54705420b9fbd3e90559,Clarksburg,unknown
e87ce4f1481d20ba21ea7a6f777d850d,Asr,unknown
14c45cad8daee5c63219262980378802,Amami,unknown
6322ffc89f4ba210cb9644c3de5b4db9,Yokota,unknown
6c49d5916908d9288f6ab28cc9d723b1,Kithira,unknown
6ff33d0634b99ba64f72045a6d6930ef,Kyev,unknown
b4d6c85098022dffe9bfbfc83b48ec06,Ama,unknown
1632b82868bec860c02cb5ad926a7465,Stewart Intl,unknown
7b0ba6c5ca7992360d2b3e4993e92e6f,Kota Tambolaka,unknown
bad4a9cae1460490c06920a1c41a9108,Winchester,unknown
1ec96d63ada8f696836362d0c7ddb3d0,Groningen,unknown
8a604298d48a52bcb7e35bf1e3225278,Reyjavik,unknown
1d09999d08d9a1f1e69413de2388351a,Cfg,unknown
955906b3878c3f9ecf991db1c7ec58c8,Pg-841,unknown
176cd3edc73a9a120b8ce2cce246d489,Spirit,unknown
a5b550fcb45d9b6b063ef5b81b3616b3,Carthage,unknown
7fda1711b50263e69275209ccfc22fe2,Istanubul,unknown
653f96a31416c9993b03e60f77ecdeed,Lgp,unknown
3e3143ed387b0598db7c5999f20e056b,Sabiha Gökçen,unknown
b1539d73542077e68b26a7fa27afee65,Lismore,unknown
a4b43c4239600730b5518139899a6d72,1005 S Sabino Dr,unknown
d638ca1bdd2032725a2ed2baf4c4e5f1,Pdx/Sea,unknown
f6273a372f8c118c75acf613d4d8a2b9,Ct,unknown
8a0c5485461ab64df0a0a7e899d2854c,La Fortuna,unknown
e3e3d2e491cb18dfe86b71f71b5a1c0a,Saratoga Springs,unknown
f2823573fbefd110f92c244fa87b3e5f,Dsoh,unknown
cfde4a43e5e78557cacb8c7d292d204f,Delgada,unknown
3de8a60d5996d38f3821b71ce865416e,Vegas And La,unknown
677daaf4392946c7df73cecba293d976,La Reunion,unknown
69866ed2ac9f3c852c4c202b56bf7fb8,Papakura,unknown
598c6c2ab7acd0cf10279c49114b2c49,Addis Dabba,unknown
c361530dcf250f8fbff6e16343c68c4d,Yeg And Yyc,unknown
69bbc7dd2200f2f4f7c239523bffe9f1,Ahu Dhabi,unknown
f8094b86bcf9fe026cec0c61574c262c,Denpasar / Kuala Lampur,unknown
c27a5ecd9bfdac285cc769a29e067b5a,Winnipeg,unknown
7f3d93bec2f3f390a7320deeb8438e49,Dublin,DUB
034cc7a97fd1c03b0f100e3790bb45e8,Auckland,AKL
9b1773b4a55b073f4f6e6ada48e0d8a6,Boston,BOS
623a7dbd0f6062f4e3a5b7779616c45d,Orlando,MCO
7adfc2d993eb2c396016b97b2eebe750,New York,EWR
b136d256d2449c7e40571b15caf2d580,Vancouver,YVR
4dd0794272b167c363c91c29fd911638,Ottawa,unknown
ebf8bb96fa2d9cc266f1ae1651663396,Dili,unknown
7286a563fb1f3c6fb0a76867d946cfc5,Guayaquil,unknown
29fedc134b7e293a4d9718f2d8c04d29,Warsaw,WAW
86805bb02f76a3b0b3fbcac41c84fba9,Berlin,BER
f583626402b0c9cd817fb3acc16bf3fd,Zagreb,ZAG
52e6c8c9938f20d65905b77de283bcfc,Palermo,unknown
5b831baa5428d923ad721bc7962c16e8,Bog,unknown
e8ee9c451defd510dcf1a580331e2794,Imam Khomeini,IKA
0f7e37fef2df85f7e3c3afbc73e4ce05,Oakland,unknown
d5dfb94ef8bdafb3fdea667e18ec656e,Papeete,unknown
a5099a6e28b1dd8e317af6f4686417bd,Jia,unknown
2b1c626f910a4194f783dc61e3d1448e,Copenhagen,CPH
eb09ea30bdfddff2915102b2cf1fbd2c,Baltimore,BWI
0c4d894a833af9352f6e88db76bf2bb7,Lanzarote,unknown
e19e9ba9fc3350935ccce09b754fe6b7,Columbia,unknown
b2fd12905fa7bbbbde09140027c05521,Vientiane,unknown
85ce9911e85e1475d3a8f6f1871124e8,Peru,unknown
899be748c66043eaeb0f579ccecf3c1c,Belo Horizonte,unknown
b0a5938fe83d793dfd0a4f0032c7b148,Cebu,unknown
f5c8fde43243e64225e4eb3d0e7f6a45,Mallorca,unknown
e4d86741a31a2e6f4724ca7e52c3ca66,Portugal,unknown
a45c3ac1da81508b603ab9f5c6d11afb,Alberta,unknown
78b84086c7dc1257dcb8bba02e776ced,Ibiza,IBZ
13dcd5ca65719485bfa6f8941a3b33d4,Fll,unknown
570b278b5f4e5969045c5b06bbb97ec1,Kix,unknown
f46591d1dc5ed60d1cc86331cbc3b9b1,Jinan,unknown
352e1f35c1953f7c9914bc76321bca19,Brindisi,unknown
5eaee6cccf2549b220fb53401db4bd4e,Redding,unknown
0a3d62088fce24373e79c79a52caa965,Ho Ch Minh City,unknown
88b00c18b0a1730011421acefb3e6c57,Abe,unknown
f3faae9a245347aeebf10511f42ef362,Lincoln,unknown
2f9f4f7e486ba6469915452d9dab91af,Bozeman,unknown
eb0ef42ca5ec194749d00abba609b0aa,Orange County,unknown
a00a1bd035e97c5b94fd10f798afafc4,Mombasa,unknown
b36d372e835dc329bfcb6a2af99ccecc,Oviedo,unknown
3ab920b57736c9e85b75403f1badfe98,Vno,unknown
fba09938e4081524ee2a616078e594f3,Leticia,unknown
7026a2c63ad51a1ee45a333e168c8455,Cali,unknown
ecb786a40a6d5a86b4e90feed87b874e,Cayo Santa Maria,unknown
628b365ec0cc64b730c0655c03e19766,Shenzhen,unknown
d398188fc3cea97681a3189fe6a5a207,Nuremberg,unknown
8e51a3c76e989dfc605293ccdf1a53a0,Chattanooga,unknown
93454c30e7406547552aef1c686a835d,Lop,unknown
e0c2eb64178e4ce8e4de69835b04c0b0,General Santos,unknown
bf76f474ccf34f946dc622df30c13cdf,Kabul,unknown
7585d661c046be34110fd49809277fdc,Barranquilla,unknown
b2b51a3162d8ed94516c1a227238c3ba,Kwl,unknown
42b6240c33ab5debc166f1d39b281132,Simeulue,unknown
d80053b7c9dbbd213c949d493f3a9a5e,Adb,unknown
2cc2a73cca5e56e02667b213157ff25d,Hartford Ct,unknown
810b9cb1aa4b467d98aae2da9ba0e904,Zante,unknown
2805725f680a001170c0075b15491de7,Cebu City,unknown
d25dc39a704c6cf2e7410b2828579457,Nan,unknown
fc929b71307dbcf77958115e44a55ef7,Palangkarya,unknown
a46853a406e686517c1983a9866b3338,Multan,unknown
7c22c0f2b20a09a9fa238170f52c7cf0,Rapid City,unknown
6849a8da00f7e070d16d55fe77444207,O'Hare,unknown
ccc2208302d686b67be4ef00fc9acb8c,Bhm,unknown
95a180192141ffff96eb6f59453963cb,Providencia,unknown
5d3dd2a22f5ba391f605517c6d2d1505,Kannur,unknown
cfb541384d0dd9c23a2386dff6ad4960,Lpa,unknown
cafb1e0505f37c6c553fe6ff8a83692e,Vientiane Wattay International,unknown
1b76a6086dcd282e3c91e0bd888c510c,Eria,unknown
071de233b3dfcf55d5aaa180f6925660,Ho Chi Minh City.,unknown
c82dba525dcbd5ef72679b778618b481,Kota Bharu,unknown
71cb2c187f171f925e27a21852b58557,Pristina,unknown
cd341be7f30e1552e3eeae958b72696f,Ccu,unknown
dbd4d47cbdd8659c9303944f4af0fd9d,Oklahoma,unknown
cebf8170387298ab12c24e778de75fc4,Sao Tome,unknown
46c2f802ae94323f84a2d70c4f6944f9,Ecuador,unknown
b218099a6dacc41e08ad56d34c2f8c5a,Conakry,unknown
18332e1e56e7e1f517df836d3df4fe42,Korowai Batu,unknown
c60457e954b2cf129cd4297eff18c1ad,Pie,unknown
176a93f4dc23d68f9d929922fddbffa9,Snu,unknown
a8448178ab42c03777cdfc86094f10a2,Dominca,unknown
020a9ef4d59f048fd934bf39903775d6,Rom,unknown
a66cf109134873f2f0908363f3aa5bb3,Sha,unknown
9f4561383e7ed1b7cee65114c07cb84d,Everett,unknown
c9700e11ee43f525b5270ea5b395f1ce,Trichy,unknown
8ecf032594eb5d692331ff6185260b72,Tamworth,unknown
a4e7c148ca3f5bec49ac95bf0eaf8609,Sint Maarten,unknown
1633f114319ff2fca7f722698f561520,Acapulco,unknown
be0f67ad1368e3b7ca3e02b8f83250a9,Colorado,unknown
557fb595b68c7a077b6e56f741138689,Alesund,unknown
fce9fec4a597c471b4d27655e6af6107,Mtj,unknown
e25e2cb97e8b6a204f418c973f2bd4a3,Gdl,unknown
f1e0c1cb2ba515167503ea0b9a433e33,Nanaimo,unknown
c3cc9c528d3e1a3de2e7f75019d32ec6,Austin Texas,unknown
9589da32fa332aaa697f2cc492049523,Fort-Lauderdale,unknown
b17cd98c2aa93609d45ebc2043855a97,Capetown,unknown
675a112023672b151f4d27c001c0054f,St. Pete/Clearwater,unknown
93227402d0684551f7b68b753962ccc7,Kno,unknown
ad50ebf4bc6ab22bf47f2f4384919abe,Taipei (Tpe),unknown
fd23cb2e8814c98450e63ccd12be87e1,Surat Thani,unknown
cf426da50717585fb2265bfdd128984f,St Pete,unknown
f6a6cab6aa503c8859c6ab0adfb45db4,New Bern,unknown
2eee76f3c34b869628cb172deb5de577,Stewart,unknown
c692faa6909c9388a3666aaa338caf98,Kuwait,KWI
8842d9b173c424782b2cfa3e3d9eb4bc,Provinciales,unknown
e0e08badad436e978b16d79bb170825b,Kunming,unknown
252d069a9257a459496d89e401fa93dc,Asu,unknown
0166060cfc726c125f56bf172bf53ea6,Ulaanbaatar,unknown
e40ecddd81ff3fcb8a456f67f53970db,Fuertaventura,unknown
0ef1191daaa69a6a1e8819c567b227b8,Tkg,unknown
31a20c855424c8057e080ca1fe875bf0,Kagoshima,unknown
8539965b37642f191392e8b6ca6076fa,Kalgoorlie,unknown
9a379a80cdc7cc0dde427be0184024b1,Medinah,unknown
f7455c3bc2b3c945256e68508869f0c6,Gold Coast Australia,unknown
082abcb79a6c5ecaee50ad82b026c088,North Dakota,unknown
1aa0c8ee292ce3c0765981573463ee6e,Rickenbacker,unknown
396257be40b4b0d4879d22562290c92e,Dulles Washington,unknown
4710d0a76f95bf7f96b4ae8f135550af,Central Wisconsin,unknown
f12b57b8bfa80fe1775949d25ec119ae,Kish,unknown
b7e92f129a646fd84877963050d311ae,Puerto Vallarta Mexico,unknown
1e5206d6613d8a974c24168088554ec1,Veracruz,unknown
edb35d6503c8d1463f62ef7a564cd62f,Nassau,NAS
d8ca3937d8b20d6de718ca6156cce2b4,Bonn,unknown
4fdb99c38041d3383cf303a379a66087,Ljg,unknown
6dc55b8bac8688bdd0df5cfcc93f0667,Puerto Princessa,unknown
21e14aa6427a9295a0c4936f568e2684,Santa Martha,unknown
a63f8aae04ab5f9e57b29125c3b89998,Sioux City,unknown
6b014c6d10d78c43e1ad3d440b20f17a,Rajkot,unknown
6cae0d1f477754e57242cc595f1b320e,Trz,unknown
e000b33a8b3e1f9655db20db5d728cca,Bourgas,unknown
508c54123296ac70bcad9cc44417b053,Hcm,unknown
90f008a81d1b97d8f318f8b4303a1171,Ho Chị Minh,unknown
bd3430a582c61bc30ec232ab83cc9eaa,Santiago De Compostella,unknown
34e4a10153dc99756031466e912bcbf2,Kahalue,unknown
5ab182e1c7aa39f22595437c24438a1b,Mbs,unknown
3ef2e51a6042dd6ce64809a0f337b805,Puerto Galera,unknown
286f7bc12023089281057e93ada77105,Argentina,unknown
dd3a109e20a962e7c9204de789a40f76,Shj,unknown
aec67cc26b01a333ee23af8e6a197d73,Buenos,unknown
c21750676a280d396e3b45225e48259a,Urgench,unknown
9c31e3ab0805fcee91ff6ac070c10dce,Tarawa,unknown
939c6a044e98dc785149b9c27918a810,Dhaalu,unknown
abfbb4ebc73c9b3886624c433363dbb5,Yuzhno Sakhalinsk,unknown
85e3cb97748f37301f91c1efa1e722b5,Cts,unknown
a705eab2187e57e429c17fc17de63aba,La Coruna,unknown
14ab7e24c89b9c73f7601efcd9a4abbc,Rankfurt,unknown
866d4636f010fc74fb51a1c735c563cf,Abbotsford B.C,unknown
d3c60044d44b6901a395b9aa733719f4,Iskandar,unknown
1eaa37d15143d494a0a4a2a249f3b0fe,Cambodia,unknown
12a32464bf6d04ae87e62efe019a9778,Mhk,unknown
fc8cde7e6052ffec38bddb56c3e9b8f7,Taoyuan,unknown
8f0dace2ca2a8590e3f48ad6d1d6ebde,Khh,unknown
691766c96809092ee9bdc1a6d0070d77,Mso,unknown
b5a589baa6b69cc007c68d309e121b7a,Lpl,unknown
2d0658a47415c38d1fbeb4fec9e49724,Had Yai,unknown
89a6ff3c0e6cfdcae0aecaf6970ea541,Oradea,unknown
90fdf675ac81e869e8d7931f5c40c2a0,For,unknown
e1631636135cd47bf3ebc082fe4a3f74,Cerdeña,unknown
be7272c0da53bbe94e5058755d9f084d,Tgu,unknown
967e30f2e973172e8d1ad8d6b83d7999,Montana,unknown
dcdd71ab3a55f4fc9ec78be7635bda1e,Ixc,unknown
a9a57607af8dc804bd0536b41ca62aec,Oujda,unknown
a9e1dcf0e73036530cd068853b860c2b,Cagayan De Oro,unknown
5eb867f8e40066aee5328ab7584fcb56,Jogjakarta,unknown
94f6997b534af1c01efd033eb4ae1e24,San Fransisico,unknown
11237d21a1e83e4493327bb955237040,‎Longyearbyen‎,unknown
e4ee1c20a7e788fc120174cdba4aa5b2,North East Arkansas,unknown
cfa2cc2cbaafa2fdab5c248b5ffc1c31,Pem,unknown
9b81fe6aa79fd6de2bc05c547b5a580d,Yuma Az,unknown
dda206a857ea4f1ddaa6296228407a8c,Nizhnekams,unknown
2487f42d344398c98bd03ffdbb00dd2b,Cozumel/Cancun,unknown
c22293017cccd0936882c671970232a5,Malta And Return,unknown
1ef5a11043c380224ae58840a40005a7,Ostrava,unknown
0a782e556366847eb451c7eccf661d79,Melilla,unknown
20f4c5b03e5984427f0c0022b7c3280f,Rīga,unknown
0d8a3532da832f1c8896e2669172ed29,Exuma,unknown
d8aae57fb6fc13f5baab19296942ef81,Mao,unknown
a936884a7db6395249c13e8ffc2b3abe,Nis,unknown
8125aad778ebd190a892ed648f51f32d,Pantelleria,unknown
db88e395e82ad76a75bb5c7bcf1dce92,New Yorl,unknown
02530f320c14d261b9c83f66d77a4bc4,Tuscon,unknown
9a8abd73ec1cc72d6d5297ed3d04ca7d,Ristina,unknown
5e65d77c13043596ee176f039646e43e,Udr,unknown
12580d007391d2a5eb233412d546c04a,Ngurah Rai,unknown
039b581971e9c011c0f3ffdc7c685aa8,Ibague,unknown
aa5211bb74f8ab823216831d9d033560,Alamaty,unknown
f5ba36168e44fe2030aedccae8f7569b,Ivalo,unknown
181f7ace8b88376783eef038f875939c,Hakodate,unknown
b7bab246099e75f95c0cbe6ea72a473a,Ulannbator,unknown
0174c5596c5fddfcd73a1e2ce0096c31,Rvn,unknown
6baad0defb3b302ce3f0c4826a324f0b,San Louis Obispo,unknown
9405b232136f06e5335ca0e7ff9281b6,Drake Airstrip,unknown
e9fbd45db7c3334d27e789706e9e6fc4,Lodon,unknown
bdd913ab6841dfb307012f115201d96c,Pyongyang,unknown
0579943e061bf0038ea2f865a1962042,Lcq,unknown
9e00f2e6e060e9b26784df0b6fc87e52,Knoxville Tn,unknown
3fa4d6c5ed5e1b850927d86dd44ff21a,San Luis Obispo,unknown
921ff40c58113bab0e0f4098bac09f1e,Jai,unknown
03913fdca77832d5036522f6571d2b8c,Sps,unknown
146dd13c354b967a95808e0a801d3864,Samarinda,unknown
f675f872882667a5d0afc91f45033545,Gnb,unknown
a2d1c0a78e1b8a1fc4c6d46d50525764,Lago Agrio,unknown
e2444b8e3f3c15f3a9e5768a740c3f31,Tanjung Karang,unknown
72d9c2762ba8fc15618739226f3c63cc,Mum,unknown
a0a34e1cc3c79ea957abda993f723ae8,Laredo,unknown
756dd855b71c468b5026533cf0cf60d8,Raleighdurham,unknown
d83d3edad78f511646d536e05902faf9,Visby,unknown
a2524306b29d1ae17e009b7651510e5e,Hla,unknown
a27eb3be716ab90ce19478f4d557293c,Honk Kong,unknown
6653f5b6e427b583b0efc3b1c849ed0e,Plattsburg,unknown
53684aeb9a5715ede39a301118323c33,Tricities,unknown
5b17c1497db33b3be9ac6711e3023362,Tng,unknown
1dfdcdbdf2be1748a20ab4a42ac851ba,Roswell,unknown
77ec76986c5d2a06097fbc6322b241c2,Bis,unknown
4f7371e6e7953bd932b5fe06782d2ba1,Oms,unknown
06985b2b8198146cefdf88ec570f5d4f,Windoek,unknown
13c8d87cd532846d9b96203e800bccf5,Guanghzou,unknown
83a7a55b6d185ab1cf295b368f14c314,Aguas Calientes,unknown
e7d60525e7677a937354d8ff79c9176b,Arl,unknown
6d46fbff18d8ebc14ce578467928648d,Champaign,unknown
68af4840ff837cc9344fd0fcc19e88d1,Dlc,unknown
52ce6990f05c67c348d7a5f4062ec951,Split Croatia,unknown
9ea79f172b8c1b7cc3610e043dd8185f,Ohio To Cincinnati,unknown
6a51a8b88fc8acc12f27fc224dad0652,Sapporo Chitose,unknown
1692962934aaaf79c3e3332d6f658def,Han / Sgn,unknown
2849c48d2cd7fbfbd287d84fa9021479,Charleston South Carolina,unknown
4cc335ba5255ee01caf1fc7ca65f16da,Pagadian,unknown
10ee202b6845f63305759106e7e2e3a8,Goj,unknown
b9bc74be0709ccf282ab07ee4bc102ec,Greenville/ Spartanburg,unknown
58cbb919e737f87cfbcb2b84a0e891ec,Brugas,unknown
82849610c83a4119539d427559655959,Cape Toen,unknown
0a90911443dae12681e740b290814ca3,Delbi,unknown
7b29dfdc536f4866892dd3b00b805ae2,Cuidad Juarez,unknown
4488c2b660035a82d6e4b4ed8c66b8ad,Datong,unknown
2dd1f67b93d6a45937e4be9a901600a7,Prossipine,unknown
ba308ae5d9e7d39caf9bdf6f73efa727,Yht,unknown
c188397a75cf18498c5f6c36076b90cb,Middletown,unknown
ba737b75006ab5e2ae229ae7cca0aef6,Harara,unknown
2bee0ea34a84ac569a68744fbe5d279e,Dawadmi,unknown
fd0c556f6a624cb9340905e2ffb1a917,Diu,unknown
6f7120d558a1cbe001857a3ebc082d8c,Caspar,unknown
d4f510238b0f057b774bf2e3a05e5164,Johannesbutg,unknown
44ac509baf22a85ed77a6a73f8467f51,Bengalurur,unknown
c4616999f4e0fbd9e9d3659e60ec1c78,O.R Tambo,unknown
f076b7bf18f5f5fd2c0f4837f0083eb6,An Francisco,unknown
675b8da7e19a422942fee30dfe6aa1ff,Dia,unknown
24025e692f4bb492d5ca12bc61d55a25,Kuala Kumpur,unknown
e66fa5d5239b153b33496ea09557fbdc,Melk,unknown
0b7f170afabf05c1260ec9e2f13b8c89,Nah Trang,unknown
d061fe8550ebd63b2c86b19518f6eb31,Portland Intl,unknown
8f61de1895421fa125e9dad92d6eeb92,Rapa Nui,unknown
97132c662634ae20a6904b272ee0a29f,Lapland,unknown
7abe06505588ebcf65a3a0c93ae08095,Mt Hagen,unknown
5d149239d36e9310e40497e83033a47a,Taipe,unknown
ce8eb1d38e0b2f27b103afd80969bfa8,Tacna,unknown
d9ffaff02ddbb42e897555cea5d7bf6a,Depasar,unknown
4315f9b9106b8e47ea670ef2d48e49c9,Haiphong,unknown
f8c4f12b5c3feda2d83c10723dfabc2f,San André,unknown
51a8ae242ae1a17ab243fda0994573e0,Sau Paulo,unknown
e4cd49bf13f322423703278f14343feb,Devonport,unknown
a46147bdcd8136b70d1e71690826bb43,Kuching International (Kia),unknown
997b7f24248a1e1a2ff02cfc1d19a88c,Puket,unknown
51434bf0846a88bf15ab9a177fb0ab87,Turin,TRN
482e562c17d8204a91a551d7bd1a62dd,Asghabat,unknown
0383eea35b12e4ea737870ae37cf4a30,Lehigh,unknown
30dea749a8d6f0717efb88d45f43c273,Baltra Island,unknown
302001caae689ad889d50e973ba36fab,Ashevile,unknown
b587d0edb207c1f5ec657b2b99a449d9,Pcg,unknown
602e47d9a3c529987745fe2dcf7142f3,Smithers,unknown
b1818112e3e4fee9d774f273d3f76797,Candun,unknown
2bdb61cc8dc9eda3f93862137a6242a6,Guwahat,unknown
31834b80fba5606f949431de654b0e0c,Petropavlovsk-Kamchatsky,unknown
0dfcbca3ceb1ce4f7eaf5181af96d0dd,Clearwater St Pete Fl,unknown
708f329611de638e90bda64e60de0464,Sgu,unknown
fbe200c8b47c7540b2a63c6f6134100d,Albrook (Panama City),unknown
6353034d668f8c0aa43bf19278f6ba89,St Lo8Uis,unknown
5e7c0479220e60e2525c3298b483926f,Ume,unknown
03b6327a5499960ac701b0169f7b9940,Tbilissi,unknown
e73aaa157c9fb1ce65d5c04f28554fef,Lfw,unknown
32ac5b1bb557ae2b24e527c5ce0fba66,Berlín,unknown
e52feaaa6a072e3c511188f056ce5868,Mtt,unknown
4a2f5016ee9a6748210355c97aa32986,Medford Oregon,unknown
d1d6530f0021a4936b9f6142ed07a629,Mbi,unknown
49200489e951d049f388b7e0e2245a8c,Tokat,unknown
1c164eb948f2c1caa38ea23d4275c302,Imhambane,unknown
b0ad359a40ed82aaf3b3dcf8994e5a4c,Umeå,unknown
7d5a3dd2705b8e17a46bc9e4e6193762,St. Thomas Usvi,unknown
b4343152353056abcc5e38b3383b25e3,Pattaya,unknown
3080da3b7f0723b814f4fc0c86e4df00,Rioacha,unknown
05344dc7ec8f2d945a29276e199db693,Nw Chitose (Sapporo),unknown
f47411a72336c7332518c93630659d20,Triest,unknown
d5eabfd5cf80c8e697fbbe656d22551a,Lil,unknown
8e5354bff884453699bc5203d14983ae,Sts,unknown
cb103f0c063391e11683668a063de5e2,Stt- Downtown,unknown
3720ed65b46916b1dcc8b43da17694ed,Owb,unknown
737d32a14cd9593301a3c865b14e016e,Yxj,unknown
998caf376434f6abd27f0513a880e277,Gazipaza,unknown
2ff6964b5e834a4b410431be56dc03b3,New Dehli,unknown
ddb440e553c3aa0b43d91856268f9822,Austin-Bergstrom,unknown
ee7b9f04582b7750a50513e49b3fc7e2,Sby,unknown
c51632cedce02c0e759b39f639886601,Cor,unknown
b0ccd526d37a760d52932233f8c0eed4,Jqf,unknown
db47f9d0d18ed1c08110f6eddcf490f8,Naxos Island,unknown
573bcbc4d4a83b7d3fc195baaf9e95f8,Siborong-Borong,unknown
6ffd80af3bcd55bed0edd74bea437503,Coolangatta (Gold Coast),unknown
5b3aff67e6f85dbe83d0a96d94441779,Kolkata (Ccu),unknown
9e48caea16e461a9ac95542912a0f6b2,Echo,unknown
99ee5f50c0b19aefa5068447ac2902f7,Pmr,unknown
d2459142a11298ce1a636f4daff4c083,Indianpolis,unknown
24fd438ec3e7c6572f42c8e9047b71d5,Ball,unknown
97011df09ba46a5d9a387562d45c7a4e,San Franciso,unknown
88c1709e5cdf9d30eb495f74ec4b707c,München,unknown
b5bd36e489048fb2a55014dabc21dc5f,Puf,unknown
a7e99321541c6a0d7caf30a69312f399,San {Paulo,unknown
71060e5062a99ad4250902e1d8275024,Jac,unknown
98ba6a957ef4cd4d56508ff62c821bde,Taichung,unknown
54aa524ed5fa88c418cd72379bdff8df,Bhj,unknown
48513e95574d87e6370b1785cb30273d,St-Denis De La Reunion,unknown
343946b9b5f94b547f813b1c19f246b4,Hurghurda,unknown
510c141581f6b1e52b3cf14e51f1c44d,Piedmont Triad,unknown
1344ce3a37214fe2ecd7bab4a2f0bd6e,Fort Laurdale,unknown
e0f9215708862462c1ce5ee3f06126fd,Muang Khon Kaen,unknown
4d07b195f25e53de816bf8e39731d9c2,Antaya,unknown
be71d4d24c215fc2004da204ba7cf608,Housten,unknown
071cc470c01e0dab75f3377bd8691fe5,Lexington Ky,unknown
3b0e38421147ce7935c65b619c63ef5a,Fernando,unknown
cffc5a46febd221552d3b4361da37224,Rkt,unknown
926ab6d264f3d4438b14b50da16fb966,Lbv,unknown
aca123dc3bbbb287646b1bc0ec2a3570,Baldwinsville,unknown
74f8db99853dfa0650789417437471cf,Palm Spring,unknown
5de958e03d650bc9929746322288ee70,Hux-Yeg,unknown
e363daa2d2a1e58e730bb1c8b6853637,Torrance,unknown
ea57c3c538268b9cbb45120b7382ea90,El Paso Texas,unknown
148b548013d43aba38a9d42153377184,Casablana,unknown
58b1a079302dd535a28c279f4c036d2d,Gro,unknown
5c6dbc81d21102d8f03a095d86d2a349,Xi'Ning,unknown
e6c8720eb2900f0cd3018596619af003,Constanta,unknown
1c10ac2e652f5f774becffdcfc2c3abf,Stewart-Newburgh,unknown
83d3ad776ac58ee5479f2e8a85600ac3,Monkey Mia,unknown
85e7244ba6ab9a9588f73f2a05f951a0,Boise Id,unknown
5708ae696841a5d8a333348a40df6fc9,Straßbourg,unknown
6f53933f040122246713541f9c772f1a,Bur,unknown
ba45d342f52402f6a7da45f76d393e82,Sys,unknown
06618f3c6be5753eee1c6fe26d5c7877,St.Thomas,unknown
408b7295551e046f7770f41a61c08ba8,Ámsterdam,unknown
2317ce0e2b1b420bd2fcb6cea7536cdf,Leon Bajio,unknown
727c3a05d3ec7aebab9f39a6aa429f6e,Shariah,unknown
0d61bba7cf3c71d52a4ef9b34c4a1ff7,Bandarseri Bagawan,unknown
0e8e42a1b69a17fa3b365d6a426a5c06,Wuhan & Guangzhou,unknown
53e059ca708b2bf3c49494031c4ea594,Addas Ababa,unknown
41d4911d9fba5aba369125d4773924e9,Non Stop,unknown
ab426947a51d1eba7ab5580557556c7a,Aao Paulo,unknown
4b5fd8192b5ca81770f27a58f31afce0,Ansonia,unknown
844b22de7e7521bf2476d2704f9d0737,New Orelans,unknown
fe9932cc6f41055871146c1808d0102b,Xzrh,unknown
854bae3c08967d6e2cc0ab90e05b94a7,New Yorkl,unknown
aa2de426d997981c3956d5857169c959,Port Jefferson,unknown
fa7c9abf4254e9504c50276278b6892d,Muscar,unknown
577243012e85c4242ca379cfc90f93e1,Vidin,unknown
79ab026c5e338ad732e391d09e15679e,Scl/Akl,unknown
823891f95909d1327c623a11d57e9fd5,Wells,unknown
2b7057603d029019651a0184ff5f95be,Kix / Nrt,unknown
0fef9da80d1f31f491e2df7b0f855c57,Wuhan / Guangzhou,unknown
e04e64dde03ec03e4a299b1fd8ad7c84,Miami,MIA
8587568a90678bc073d2a14dce08efcd,Bangkok,BKK
70471a7c08a9fd31b9b5189ad1090244,Dmk,unknown
a039b3298a3a95a4ced7531b085e7802,Newcastle,unknown
e1653d892cafea63cb2cfb69d97d0597,Manchester,MAN
628110272e3bea0f3022b8bd6b35b9d6,Cairo,CAI
78ae74202b0595d9b41c3bdd76f7d993,Puerto Plata,unknown
ba460c44da3e408618ecf6033de1236a,Geneva,GVA
2a505eb599299a6d84770e5f27074db9,Denver,DEN
d04c0566330bc5e66887c2c30d56b1a7,Atlanta,ATL
a915c3a52383f0181389977a46a35867,Dubai,DXB
8544a2139f244431a06619235adbd690,Tashkent,unknown
d6a5ca31d3e3e4da7b34e6b5a238def1,Detroit,DTW
3b4ccaece53705478b5aa5fb23e47d17,Winnepeg,unknown
0abfcd7ce3fec06b29f82c91527f93a6,Edinburgh,EDI
6c400226849bedb387cf35e88e97aac1,Ponta Delgada,unknown
0244ec0257f5fece63ccf314ebe3d20c,Spokane,unknown
5f6f05f71f054fc4b16bbc6e5260b257,Corpus Christi,unknown
dec86e46aaaaf0197041fa918c246fb0,Oak,unknown
a4d7f13876e4bb2214642fe1ceef0562,Florence,FLR
241c8d924d82c03bab08cab89f66dcf8,Cancun,CUN
952ce974588aafbd2ef26b5a2adbd754,Nyc,unknown
61dfff818e9accc785602e5f0c09e6c9,Jackson Hole,unknown
228d5c7c71a2dcf8eacbed060c2fb490,Syracuse,unknown
bb4df9050c1c5b52a2846061553b4ddc,Reno/Tahoe,unknown
d2eec05f9fb324d50aa79a9989b9fcb8,Can,unknown
d17c900615d251746f5d5c29b3959d1d,Birmingham,BHX
671fc6afd62706840c8ec4e3a9d5f0d5,Hangzhou,unknown
022c1181983d7de945b4c2c769fd7ad4,Palma,unknown
ad37ee6022246f9de8f79ddf739fabda,Hamilton,unknown
2fe6e2a012210469b51b770d64ccf8ed,San Jose,SJO
847c74dd6ad1a0b2d2002162dd08e792,Yellowknife,unknown
c4559891334d790b3cf42acddce8bb78,Lexington,unknown
c750c32e31b79cc9f2d8d0b15500b045,Yow,unknown
f24ab5ac2331d02840d93dcdb7b6ca0b,Minsk,MSQ
cff7d04b8efa89c8124e46d721ee237a,Des Moines,unknown
7ec215e4fbfefe0cc96e30ec3dc143ab,Palm Springs,unknown
0d7091375aa5d73ce0e1d2499527fba5,Bdo,unknown
e37b1d190d392d7abb0e79d21b07025b,Ohrid,unknown
b54880621c53acd22ba379c5c50ec05f,Albuquerque,unknown
c7bc341e399f1df4d1800dda6a713f93,Cmb,unknown
b40409b634b891d294780be64e2b3187,Ceb,unknown
70b420f27793efe30abf6a06805e0222,Alice Springs,unknown
03a795cf046b0a9553d3bf5dc5542543,Austin,AUS
5dbaf353a846065d50bcf50b2f84e82b,George,unknown
2db93fd00667c532145dde7225fa3cc4,Ovb,unknown
4e51c0d69997588b75d4e2420c2db851,Samarkand,unknown
076f87297ca42dc1c5482c774028fe2e,Belfast,BHD
cfe8473ab89443390b9ec41bb905fd17,Seville,SVQ
f89432224d60559bd3e61091cb08a4cd,Al Ula,unknown
b1b692f72ffb51eab52628b931c59bbd,İstanbul,unknown
bd6eda92d7c23b6677d957ecd4f8e503,Sharjah,unknown
79f992643c7df3ca40efcd3d13b28ea9,Keflavík,unknown
c97521586ce11b5c6c44dbc67eaa3c1b,Hai Phong,unknown
608f16d467f16904166ab1213dfd97fa,Saint Louis,unknown
f554d26596e3f04a90c26808847c64f3,Llw,unknown
7d0645decb4cbf86811da3b8a2dd04bd,Rbq,unknown
2e5dfc9d892744184b1ee85bbd060ba2,Merida,unknown
a54e3824c956a5a86f2f887528a3f167,Mde,unknown
b347daa9adad6077078cfa2ca4ec3359,Almaty,unknown
07002af0b01db746c18231fdbc85a266,Dammam,unknown
bf2cc2c4940b092ca0ade65cc8d1321e,Bli,unknown
c1498c074e27c2cc211bce28ffac066b,Cork,unknown
5336bad32125a39ed286b208f8dd961f,Russia,unknown
b4de1c5fa962ab45ddcbb8c41d3e39f2,Enfidha,unknown
22a232c1d22adc980f0648be5a021ddd,Oka,unknown
01902e7170662ed1f77b8ffaca3c7a1a,Yogyakarta,unknown
0dbae2a9aa71cb7cfaf3e559ce3f72a2,Nsi,unknown
5d3022b0f2b3c0192c00d770457e5100,Istambul,unknown
9d88ebe4447c76f31932b10536fccf51,Columbus Ohio,unknown
e666cafab52f9bd26efa5f72d0acbdc4,Greensboro,unknown
1003a3dec091f98cfbbffc36c1c955f3,Cei,unknown
aad8abe7650875819fdf5074d2bf9f34,Minorque,unknown
34c94bcb310206dc916f93a4874bd303,St Kitts,SKB
5346db8723e60282ec609a5e95939278,Lanzhou,unknown
9b4feef290758ba6a1b3b4ffa920090d,Chaing Mai,unknown
91602dea03048a1df7185ef7ee918521,Kangra,unknown
539c3727be94963953d16373e1f31641,Bloemfontein,unknown
571599ca0eed9c2e44a4dac6168af389,Lisboa,unknown
50ff9968011275141dfe66bad230d93b,Rno,unknown
127e1ac672478ec3c58c43a329cb30bb,Manaus,unknown
b11096a6ed751a9ac569a95504b4210c,Grr,unknown
0447def56baa03ef53a61bacc4725ead,Fort Meyers,unknown
8aa7bfd91fbec926f69f118579b20e06,Nanning,unknown
58a985ac461e17d4bf538a39ff7aae23,Owensboro,unknown
4c07872d8530361d676a272c710e4ab0,Fuzhou,unknown
9d352d433d8d6471fe52fe52178a8b4f,Hln,unknown
3f1c67b5961609caeb43d21426b0538e,Kauahi,unknown
3a2f45d0708666f45b89b3c660d65e8b,Tus,unknown
405a4bb019b088a75aac6240abd2d2e0,Brasília,unknown
af577817beddc9f408b03d2ec362e4db,Pasco,unknown
d7f482e60cb3c6190015b40214975aee,St. Pete–Clearwater,unknown
11d2f9afc500fbda2460c894a3f976ad,Trf,unknown
016470d5f655a23af3739cec2f853665,Baltimore Washington,unknown
01a6728c7ef58e6795202122b8216d41,Raipur,unknown
5592564178c2968b4362b9566d7c5235,Surigao,unknown
1fa25a88387725dc9a27bcbf29e56176,Jamaica,unknown
0b1a17c5d99720973984faa67a99d86b,Agu,unknown
8715c2f79651b3d92b65b8d43022ead9,Caya Coco,unknown
49ae5baeb3a895c3cea4939f28df7cc7,Rho,unknown
b5d9b39f3363c3f4148779ced2cfdc4d,Oahu,unknown
712226c3af55dc0b5bf5be69b03c122e,Lilongwe,unknown
d98e57768785373a563d6d05c28a85e9,Wilmington Nc,unknown
46e7b55279ad13b965e1b23e2eb2609e,Richards Bay,unknown
abc12965b2c2fe2dfc84184333cdda72,Billund,unknown
46f5d0beab5f47b447876947d2127af4,Bjv,unknown
9ed1c8ac1c0bc9d7565ad5df2db54eff,Natal,unknown
28951739ae9549960f818af8366358fb,Trabzon,unknown
d5b782413f9c9d3bc062afebe306773b,Pbg,unknown
a5f86c19ac54599641b8d501e095b14e,State College,unknown
cc3e4312e13a099189bcbaeab8658a0e,Bremen,unknown
e2a4cbf548f580b5ea97de6b4807e256,Jer,unknown
4680913a54877ef80b457aed5ea91eb7,Fsd,unknown
f491e23e866e8f9a928eac53f55d42b9,Aeroparque Jorge Newbery,unknown
f4bb91bad976c8554cea93e5b5c5f9a3,Georgetown,unknown
42ff4d0e15b8c83daa6ca7ca258ca794,Baltimore-Washington,unknown
8deaa5f9a942477be037073a3bc4e8ae,Lvov,unknown
6e5b5112bfe2a7cb6139af14f075515a,Kayesari,unknown
dded166634e46be0beb9dbbfa0fd5a6e,Skelleftea,unknown
f1acef1fc86bb15f244d961f4611976e,Asheville Nc,unknown
2152c65951dce4e7fa62699d855e8562,Timmins,unknown
5a2a1b0abe3c0bffc5ba6fe452e8e646,To Dla,unknown
c3b5fa9d7058e14b8dec7df1e7bb357f,Culiacan,unknown
07a4139339832fd8f0805e996a9698fa,Arequipa,unknown
580a2bb38de28261be3d6f884b13095e,Virginia,unknown
9b1afbd0617ed337cba9aa321611f99f,Sorvagur,unknown
cc29a17a8353811bd3a8746de54d6bad,Santa Fe,unknown
d3d857fbdf7d2740938a63ae632367ef,Thiruvananthapura,unknown
80f0dcad45da6542ee8e85f4457be039,Vcp,unknown
2204357f02db402fe5cda59613b21952,Ignacio Agramonte,unknown
57f1ab8638c60f97ecca801f7f8f9702,Bay City,unknown
e3f8355ecce991a0f934a2af16114e32,Yzv,unknown
d47b8f51f99a9ef3fb70e4a161638566,Bareilly,unknown
4e8bb7d0b3b45cf91774f4ecb02e9b76,Preveza,unknown
8c337bdadfedf25795957a2c8feb4549,Almeria,unknown
c7ccc2c9df8b03c917a740f083e64dcc,Ool,unknown
e23a07cf51211346542f7a196f8707e7,Svg,unknown
e4fac0f7e2660d78377ce25e0770dc24,Koe,unknown
d5e47426b9ab784798905a00b1879fb9,Yuncheng,unknown
d6edb0cd5e3cc3408f7656103f41ef11,Ilm,unknown
df42d49ed1c27001053c9a22c985e29f,Roi Et,unknown
33219510d1d2f8d2b77ae041ce1ecc6a,Poprad,unknown
a25df721e11b0c003369cf6a8d2799fe,Kalmar,unknown
da156c4d09545881d99358561c26e104,Csl,unknown
e4f4bbdb388d1c209f926dd789b0573b,Faroe Islands,unknown
a2822fac91c58e869885eeb60e619184,Majunga,unknown
0619e006bde2584b7c9c217d95430c11,Havanna,unknown
aadd508da1663b044e9791985da02978,Pei,unknown
7f5a3da03ab1ff77c494060331af6b64,Ckg,unknown
a5712fe7474c14c142f9dcce3bddfc60,Gotenburg,unknown
9cf4451cf1989c1d1da565d4c2d81b17,Demver,unknown
691d54934fdaeee8017ca76efd47cc04,Bergerac,unknown
37212de217e82109f095187c3707c43c,Chios,unknown
fc3fe50cf7c600100457434678c42acf,Igu,unknown
3c1144a1a9f964ae8a22b18dd0f4d1c0,Sweden,unknown
e07fef83a938e1eb3ec136d72905438a,Mty,unknown
98cd954d354ed3daf1c1fbd0e1c27159,Messina,unknown
ea0334b08563a6ccd26bb029698bcff1,Columbia Sc,unknown
4d5438c9d75f6b84bf4802cac3d18c57,Kishangarh,unknown
59131782c9c666ec0daf3fe032934e95,Urc,unknown
a33ff3b79986e1a82af45e942977f455,Subarnabhumi,unknown
a9638a2c34272fdce173dce27ca2cc0f,Cranbrook,unknown
50cf9df88d811f5c3ce8bc2370187309,Madera,unknown
4dc5796ae34e5b3f554b03dc036d7ac4,Bicharest,unknown
9a4929a42d3b5fa7957e102e1c419a21,Stanstead,unknown
ba202965a964f94c7254833475db3814,Nouméa,unknown
4a40e6a6cde0e402574947bc9fe8bfe9,Albania,unknown
35d3df8f0abcb2f0abc5555ce3250572,St. Pete,unknown
59e5f9b8cee73db86ccdd41689fb06ae,Busuanga,unknown
a15e71a0850ff440cf1ef866167fba94,Sicily,unknown
9d1e9988db343ce418681f3e1b0fc0ce,Suratthani,unknown
57f2f62e95ebbb5134e70c1a25876128,Whangarei,unknown
a79781b03ff05b59a2d4ef3a26bfbb23,Wausau,unknown
bf49d954aa0ffcbccc02164a53307631,Skukuza,unknown
6d2bbb268cea45a224cfafeb2139bcd0,Lon,unknown
ccc03868b3bef6d760926110e962453e,Coca,unknown
704dc441afc4b2860146189a0158e289,Kaoshung,unknown
290e8f25e044cf66e28fd8d44f1ece4f,Daytona,unknown
b75a79802f4221a631fae314d5f86e57,Gothenberg,unknown
e14a7dff9351f8d2e9e7f02cceeb01a1,Viracopos,unknown
aac9dde495e654cd803795616c7c2f1f,Waterford,unknown
020c086861889a0856276124d6730f07,La Serena,unknown
dd95c26ebcbc61b8ab0dc885e248e8be,Bds,unknown
9e24db7eb21eb68b2b2a4e5dc0c162d5,Sharm El Sheik,unknown
a16da50c9d7e5a438163264929320130,Minneapolis–Saint Paul,unknown
73c63cdec491ab0588c51d3dd8e7bfe1,Myrtle Beach Sc,unknown
c23c7f5f71a243267427ece02007f192,Dalat,unknown
b43c320d85443a58b058579123d35b48,Larnaca To,unknown
c70707f8445e9086bea89a442e73b998,Cabo San Lucus,unknown
78e01b678438f434f059b90d36404efa,Luis Muñoz Marín,unknown
185cfcef5da146575b643c44979a62a5,Sif,unknown
59599518438a694908bca94410c2071a,New Hampshire,unknown
2ad9384c399b1013e619bfb730e46af3,Kin,unknown
992dba7e46b96267257a14efd68ef0f8,San Fran,unknown
c1b583dd05d9a5c6227e06b3c7350c89,Castlegar,unknown
4236b548341ae568bd50ba1719274865,Cuu,unknown
c62eabf7ec7d280484ebad28e2973cb0,Watertown,unknown
43e94b0e1a34605d4d31c47103b753ab,Bequia,unknown
7d46d3c284ab62855272f151d7556a47,Ak,unknown
6657d2d3cf1bd55266b3461bf46a4b75,Pbc,unknown
2c0c0e733f923b21ef28f5f1445639a4,Salvador Bahia,unknown
4a66e2605f58f35a2702d5c96654f89d,Palu,unknown
e5b5bf8d8b2f141f240d3b9b494c62e7,Uluru,unknown
83d0b4adb6316284244001993634bef5,Zamboanga,unknown
d0529120c8eaab00a00946af71fc4020,Sandefjord,unknown
e641e358825debdf7079409fd85863e2,Toyko,unknown
66ab13d7d9f61d5e39a9809c99428534,Cochi,unknown
e24e2972e12ff775ae31680f70becef3,Pangkal Pinang,unknown
c6a7273526915144fcba36d1ff3ab71f,Rmf,unknown
0e97582a895af4066977383654cfe923,Nampula,unknown
6c13dd1cb53aad4178e41bbb687bd536,Santiago De Los Caballeros,unknown
0b0e02c640008f972341180eb74c651e,Densepar,unknown
fa924c824a7591f9c56d09da4dfe60c2,Detoit,unknown
1e89f3d18fd55262bb49dbb8cba82c62,Okinawa Naha,unknown
b8d864a5d919e8cb349c7ed274fdb701,Khooddoo Island,unknown
e48b5a86ed5f90b5733ffc783d0bb855,Skellefteå,unknown
f945ec5626a5ef568a20e90fe95b8a90,Colombus,unknown
82881828f50c263af0cf4fe701faefde,Ls Vegas,unknown
ec25f9b166963db2823108afded49535,Altoona,unknown
95973584f1da719daa5d5d23217084ab,Mactan,unknown
67a9d298760854a458e70a82fdfba875,Nador,unknown
4cd363ad86d303795013030c10ed84fd,Saf,unknown
6e7320660f478ef0461590d1e7650945,Drake Bay,unknown
58e1c915370f28b2c15f36a09ca5ba16,Islay,unknown
343145e7c61419597a62c3cb111836b7,South Bimini,unknown
fc5f388295adf84107cb226ac4165e6b,Mkq,unknown
affc1e3ae58d683271566ad25f3be942,Manizales,unknown
9fa647afdd35f3cc9334a118f0ca92a9,Vanuatu,unknown
8710b58f47612c7fd1fe4f05e846c3c7,Eau Claire,unknown
4d0c6361692665bd80e485a29a7aa515,Uyu,unknown
e1f8a7e83156d8d41c3ff218d891ab87,Hilton Head Island,unknown
0ca1e7bf7a074812ba85429140da42e8,Stillwater,unknown
23ed18f375b0f8dad4d823abf4998b33,Izmir Adnan Menderes,unknown
e00ea6f03bd1535b40a71e4a3577f451,Jorhat,unknown
9a0ad6c6d8a5151c4ba3e3acb18c674e,Jerusalem,unknown
a64b8e5acd00f7c7b1049e0d00489fda,Cccra,unknown
7e69f1faea7b6998560680b60488a193,Assiut,unknown
200eef0f653d4708d672c1c7bcebfa6e,Venecia,unknown
6cc6c03c2ca27b78ec18c3737b116314,Taiwpei,unknown
2344e9e14ba492e34af9cafbd0423960,Kirkwall,unknown
f615f4a98af1ecf177cb2c840ce26400,Sacramento Ca,unknown
43d96b88443afdf238bfdf4bc83a3a3a,Langkawi Island,unknown
79ae71cf5fcd11523a4b4f17269b1ac9,Usu,unknown
cc964897c86c1dd84331a3459eb05691,Corvo,unknown
9101e92cf866206ddf450fa923f123f1,Karlsruhe,unknown
fe9972d2ed3d933d5be87d44b080e9df,Vst,unknown
5f6ae38a18eb81e117bff15243202c3c,Bengalore,unknown
9084b40f53f4a876e5b2b499f644470e,Vtz,unknown
d65683e014c613dff6580c8a70d54d16,Hertford,unknown
5ed6692daca42e6641b43ccbf9bb0c13,Sharm,unknown
e9f119babdd09b08db332ee723df5fef,Buon Ma Thuat,unknown
7315515c4c662fe9a26e5fdbada0163f,Dominica,unknown
fe33815c6a99d8d111a1928010a4e111,Kirmington,unknown
925c2adabc3366b6cd8ca0a01b6ebb39,Yichan,unknown
c83b4664e45151e218947467af9f8f51,Cus,unknown
a0337c79605179bbcda8bdd3cc224e74,Sbn,unknown
4b21a8f527b05a83fa68c3c7f24edbfa,Npe,unknown
b317eb4a0249f8995e15776609498c3c,Sao Tomè,unknown
c4a1b05832d81a3aae0edf695af17b83,Shangri-La,unknown
f2525084babb14c806af86fa7a79cd97,Republica Dominicana,unknown
e24464e23914f2d6b79a0112be20899c,Wisconsin,unknown
4d3c325ad7f7a99378d628ebbf8345fa,Hamilton Bc,unknown
1a4e4828c9f39f987fe37ce5ac0be24d,Rekyjavik,unknown
14ed2bf2903f445a843550e1090736c1,Cit,unknown
4030dedd26c4f915bf86b8a34c1b4cb7,Chiang Mail,unknown
8a5d80a4bd87abd3a65d2ed4bc858360,Viena,unknown
ca916676078b0c0aa0572e7b55229d25,Lyons,unknown
acad0413b0e39e2f091362e49f3b4aa1,Sophia,unknown
c20be0c92c673541a140dde024dede21,Hpn,unknown
e95731abbfa1d7f5c822ed9317ef7ca5,Helskini,unknown
3676223e304c70061b7adf5c6aab56b2,Chx,unknown
bd586a46dd3f9eeb2fe0c327c496c5f4,Kzn,unknown
7313122530780213d13c475f452ef15c,Chumphon (Cjm),unknown
f5575fee2f43eff2cfe2a46a65ae8dbb,Moranbah,unknown
79d6c821272252ffd086d6823969fd54,West Fargo,unknown
ba273e47593f6b3ad6f18da3c6d91fbb,Kao,unknown
5db7a68f7aa025f1b56f76506d0a9460,Foz (Igu),unknown
62dae036e833e23f87f63746b13ce911,News Orleans,unknown
a9389ec3efa34a51f13dbb722f4c1bee,Kbr,unknown
fdfd5167321cd3f74b8d1680522919fc,Hkhg,unknown
999822c55c84fe15c0850565013ceb88,Tgm,unknown
a1a0fce668968ad398971b5dea2430f4,Ben Gurion,unknown
790238a0d3dc3d97d8fb22d474a7ae2e,Klefavik,unknown
11614c1371a247414f09fe377b8ffb17,Dalamaan,unknown
c3f330c4d16826f89cd15a5079d15734,Bhi,unknown
21333ffc65d81da321b3842cbe5f263d,Avv,unknown
03d4d9b64e42650e1b9d545e4d723f65,Lefkosa Ecn,unknown
3d4eb74cf5fae369bb7709b4f5bf46d8,Imt,unknown
e381cf02c50fbb196c63b3ea6acd4931,Con,unknown
a3938177469a013cde0b2e0075c5331d,Phú Quốc,unknown
a5d5ad43536539898cfdadfb53ee64e1,Wagga,unknown
045e5d77bd8b960e36ab59955d3d7caf,Singaore,unknown
e1ef9b5fb4d809ea3031e0f1603450e3,New U=York,unknown
9a5c04fccd72b141e9262ac11a934783,Gothenburg Landvetter,unknown
be90a443e0fd489a4e39eedfcd7ed6ea,Nhatrang,unknown
821fc6903d6cf0cc28205b06f5e540d0,Nashik,unknown
97b3fa8d509e8ec9e351c51ce8f59d22,Kingston Jamaica,unknown
b652e5786450f729966ab1634df8b5f0,Míami,unknown
e9d38af26e6d4042f4538ad9cddd88f1,Shenzhen Bao'An,unknown
05f77a308d4b23fed9dd404cce2bcedb,Phoneix,unknown
726ed8e1df5698270f8dc6d9d613bf9c,Fort Myers Fl (Rsw),unknown
9f6177306a3fd73d600e8d286051e04e,São Tomé,unknown
500f469ccbd22ee3ad00f751da6be9ec,Biskek,unknown
c456691fc4a581435fac781c23408534,Shreveport (Shv),unknown
8617224176950a5d50dc9fe9fd2faf60,Singapoe,unknown
dafbe93657d8209799e1c4fb57f45fd6,Hogng Kong,unknown
9c9b8e4c334c0f3f58af6e6f831cd1e3,Koana,unknown
53bf1f2a72c178773e574d033eaf6fd3,T F Green,unknown
a64cdabc1850e6d8667874b4ad656114,Niamey,unknown
e4671d1d98938562462cc24a1847f5b6,Basta,unknown
1f4a81788244029010e41b56e0919233,An,unknown
5fc577a35f6c5e7f9b64cb06981b7de1,Mannheim,unknown
3022832316ace91f525e3adc7cc04f76,Columbis,unknown
d9c53cc7eaee8587e23705aad5f70887,Ashgabad,unknown
32e28ad72bc9591a12633dc0ef3c99b9,Pi,unknown
2b64753be1ce9332a071887b14c0b859,Cjj,unknown
dc83c05acfc591b1b7c2594afd043e28,Nakhchivan,unknown
9841dd2b9b2a357c140d698c565b8ec2,Dipolog,unknown
c6f2582f3add084650908fb81193fb3d,Barrow,unknown
e545245e1c1e240b6c2aaf8a6c79575f,Saint Kitts,unknown
b94ebbd703531e984cf9432b1cb5184e,Burbank Airport,unknown
cf94660f3043501c2c0b866925b5b788,Niagara Falls Ny,unknown
3018ee3ff36bab692d1235cc8abf565f,Rouyn-Noranda,unknown
c7b928edc6dd59c8131b3256bb690ab2,Day-Tpa,unknown
ce3f3d9a0df713dbd82f4ad5640937a5,Greenville-Spartanburg,unknown
97210dc6ac33efbda4cc4d06171737b9,Beira,unknown
e90821ceb8869afc88ae1c6f7061f190,Memmingnem,unknown
022e8abbe1c56388e630b23f4484da94,Rec - Vcp,unknown
62b7d7341467707da28ee6947976794d,New Chitose (Sapporo),unknown
a554d4e30ab3913e97e75b0225dc7abc,Nkm,unknown
dfc9d984b715792b26ce6616b7a6f717,Lugano,unknown
9508eb59b190b67e4309965fb205b28c,Sioux Fall,unknown
81b85dc279aa5e4a420a3bcbc07183e2,Luangpraban,unknown
7453cb11d3b48cb2775e59408d72faa3,Lah,unknown
115aa2776debc7f6fe2db2984d8b1b45,Myrtle Beach South Carolina,unknown
b61694d28560d9859e8d6802e8c9c68b,Amstedam,unknown
6cb0a91c8fac74bf31290aac52c0fd47,Lacross,unknown
22c1eb5eaf037e9ffd883c5562258649,Dartmouth,unknown
3f9e008af2adbc3024ba0073b2c5788f,Wil,unknown
8ccdedfd304d9db73c31ddca16d8b400,Juan Santamaria,unknown
816eb7178f0b7fc84454eb6ffc8b586e,Reno-Tahoe,unknown
29a9153a3cbcbf7a011bc7c10efab6e7,Mlg,unknown
5f763bb79dc6c69c56e3928d3db3e446,Hochiminh,unknown
944f7f1af1bd989e240e11b2850a4764,Los Angela,unknown
662ed05fd3daf397db96508fa2266064,Syv Tolhr,unknown
574b8c1a216dc6042a856c7c01f83843,Sbp,unknown
19ead09196f5222f422e17a5abe1051d,Massachusetts,unknown
8d639782bdbad53b96b415a6aab1e251,Brisibane,unknown
96a72dfdcaf001605279ee82348381a8,United Kingdom,unknown
7279d7abcfa89279c552631c2fbd6e88,Minich,unknown
dccfe77430c3c2f6b55f8f504edcf528,Dblin,unknown
a65aaf100cdf2f70d7b4cde4d5b6b8fa,L;Gw,unknown
166db63da24ab287a852a727f1a3a117,Mas,unknown
3201f85b002627978183b56979a604d2,Dukuth,unknown
3f988234aabd9f89da632350498ad8cf,Cephalonia,unknown
67a68d8cddc17480e4467cbd369b29a1,Philladelphia,unknown
585500237e430f667636902971574728,Bwn / Dxb,unknown
f69d1391c3fef6bef4243af1e6cd999d,Angola,unknown
742ee641796f4d8ce85cb8764399c8f7,Kuaka Lumpur,unknown
d95c8974553e4cab25df5012e8399436,Return,unknown
283068e4de089a22990b7fbfab526585,Sez / Bom,unknown
4bf031e4ff859cc9592f651ee9c3acaf,Bengalaru,unknown
fbc14e5391d999e0ee453c7195c0db1b,Giza,unknown
8d0debc3635f5a068ab85365aecd09bc,Scotland,unknown
0467fe12492a72adeed5a99b5afcdb32,Baltimore And Salt Lake City,unknown
f33bf4639f0468940ccaaa7b02f64a90,Add/Ist,unknown
740636e1a369c0614b5c498f5d8de006,San Salvador / Bogota,unknown
5592fc81ee4656a0ad507ac07ed5cb1c,Medowie,unknown
7ef248b8df5d886170ec38f6e27e9a37,Harrison,unknown
3a3b3c73463eaadcd4665025eddae4be,Reykjivík,unknown
51abb52dd6d71b3ae78b9551126de5b7,Bandar,unknown
4d5a31dab63805a8c52331cb1d92ad7e,Ho Chih Minh,unknown
cb3471863126dc7c45a5425d75d0e734,Beiijing,unknown
dd2d8e727dfaedaa9070b9f67916a23a,Vnukovo,unknown
e1f793d6a2dcced66a78404c7c603d64,Roma Fiumicino,unknown
e30e56602555a8a5e86d20a5df34444c,Tokyo,HND
191a9f0593ef8904852b0c170a8af015,Kalamazoo,unknown
4ac1b5458e1cadf3d7f03810888511a5,Chicago,ORD
be6188d7401f9daea83b74f05c60480d,Phoenix,PHX
798e5e9a4c3ea0e052fd7ebc2e46f87e,Toronto,YYZ
61589a01bd95bbf00d3dc696182bb900,Madrid,MAD
acea399982186ac7b5ead9d2174b7691,Kochi,unknown
eac338a89d027b792801f9a1a8cd0d22,Phnom Penh,unknown
0211dc0bf46f9833b4201bf894dce7ee,Tpe,unknown
dd0702166103beb895b9d34567a06310,Seoul,ICN
f77168a4ec973d595a4fb351d30b1eb7,Charleston,unknown
f86b6cbaa56b63dac9f22475307a45ac,Tijuana,unknown
aaa3a0834e77ca7a709bb384a5b6226b,Gran Canaria,unknown
56a35acb0616d6bb87fd448addd2dcc1,Trieste,unknown
3e4c3da16d4336d78872c1f80190ac5d,Cincinnati,unknown
cd53171449126ccdb0e8fca740af6982,Pittsburgh,unknown
dddb2919b32a6f2f83322967b62f9f54,East Midlands,unknown
3864cff598d59baa586664049a153745,Palma Mallorca,unknown
1064f01be5f6238da709a134a23a4874,Keflavik,unknown
ea80a61f77f66808dfe8395efc3a81e7,Ishigaki,unknown
2bc14844c5b15082aea50fb932b650b6,Amman,AMM
b917fa4a858b060335a359e5c5c6d1de,Flores,unknown
5bd80f89707f9e078b08a229ba1f12d1,Belfast,BFS
5ef8cba310033f56dc6707ea2b1b6687,Chandigarh,unknown
ff3693654f5e715167ddfb551d223212,Trenton,unknown
e7669f712183a4904e9effad7e6be023,St. Petersburg,LED
d0f24dfbd60faf77ff9f27e647ee49f6,Pensacola,unknown
08452ad6fdf315d6ad9b25c235b3af8e,Grand Rapids,unknown
3c437bcb7d605e76db62dcb98a531443,Antananarivo,unknown
88f94309e7059a20e898e25b97359507,Mebourne,unknown
133da9fc44e52cf84e02abe033ce75d6,Kona,unknown
e782187c623da59d225c63d5d3cf9ec8,Naha,unknown
b565da32115499d5c471c3af0ef1288e,Derry,unknown
ad99f0766c237812a9bc8c317ba21a2e,Puerto Escondido,unknown
97e863ad73b7bf2b5e7d0471779715c1,Taipei,unknown
1dd79c8442c0ab566a6b024b018564c4,Bari,unknown
dbe3bacc73aaa7d780ddc68587195401,Buffalo,unknown
a7765c4791f6d8a6a948b2b666462f57,Sorong,unknown
98fbd0899ea0c50768a522a0ba5f08a9,Medellin,unknown
3a289783912f3fa519c0ba1a0604a9be,La Guardia,unknown
cf1dfb6bd465b341fecaec21f91f380e,San Jose Mexico,unknown
754f91022dbc13ea28842e510ebd3dac,Santiago De Compostela,unknown
840e2000424553ca602b0bba2cb9c4c3,Iceland,unknown
c09a95aec3ca0deb9d33e8bd9d7e4af0,Ft Myers,unknown
319ee8ede92157062e0fdbfa0900579b,Dubia,unknown
d890a1aa4779634a82f53c76b32e5ff1,Iguazú,unknown
8ea6b379e2575a6fb7aa7d4a6546d0a5,Sat Lake City,unknown
f30642ca1f2f01e0e61a3753db0183dd,Turks And Caicos,unknown
b1828db815ba04969a096ae29c971838,South Africa,unknown
b28cdbb89d32619f9b445bafbdb631ee,Samui,unknown
f39b4d292d3dfdb38635fbcc15f2d0e2,Jerez,unknown
ac03c2f45389b6fd259a9ba747fb2c5a,Curaçao,unknown
e28fa010b556d3c9ef17688cb8c30d63,Quesnel,unknown
4bf593f20cab0e565acf19cb79256cba,Cgq,unknown
195df0e00bcdad42898d624465713e54,Grand Cayman,unknown
d2c3f09c9ebf2dba01209b24938b8979,Tangier Morocco,unknown
d920c96de7a4687d921489f1dec6f328,Comox,unknown
02333b8bc31ac33d651a59f946647376,Port Elizabeth,unknown
7ac1b502dcec42cf5e1030ee9cd12548,Tianjin,unknown
c2bba4753f1400214bb543845b0cd5bc,Praia,unknown
7f9327476265841d83407ae5afcea840,Tabuk,unknown
143ab4af9f4f0a8ea7735d0993f66a77,Mdc,unknown
49f11b30848011ad6152761307bb8df3,Zaz,unknown
6036f43c195974574faf9ca0eba02cd5,Tegucigalpa,unknown
45c23978b0ea6b52250f2280d2615472,Kaimana,unknown
511fe7498cb755149d13543a2953dd22,Mvd,unknown
dbf8c05769802510d112d34fdbfa746b,Bhubaneswar,unknown
7586381b9c142a11b263bdf83f6f7877,Foz Do Iguaçu,unknown
2f9c6ba72cf0092c3096944f0b58fa39,Siquijor,unknown
a79fe360ff6361e381185956eb5975e6,Busan,unknown
89c653fd4b9ce401ebdfc84e8e6c09e3,San Fransisco,unknown
565f9e73697f373c9dcfccfff72fdb29,Tnr,unknown
4693d5d40c55d10303a26c20d868b58c,El Aviv-Yafo,unknown
1e6f60cbe35964592797c7eb6c5cda4a,Hog,unknown
88944558e2b6314aae5ea52cab9f80b2,Abu-Dhabi,unknown
43fb54ccfd708f5c0d481b5c8d8c71c9,Carnarvon,unknown
dbb15e34e8ce6ebc27a9b3a23f2d8309,Monterey,unknown
a50520b907f96ac7398196a4822790a7,Cuenca,unknown
a2afdce75d189191b5a25c0a4b52eb35,Ksd,unknown
c8a3f2523bf6967f5fe01e4eb5cc52b7,Idaho Falls,unknown
a916122d305c8740c796eb1076fa044e,Krasnodar,unknown
b87ce991737a230ecb006907427ef3dd,Byronbay,unknown
a07b4784f9ec10e1cb84a21a38015afa,Punt Cana,unknown
68737e480f0f0d6f9d949c1844530626,Mangalore,unknown
052fe62e0bb1df099217316ca932772e,Sal,unknown
ba6f41b09f04c73e6861c223c05da6e1,Gunung Mulu National Park,unknown
3ef1fd93a4b402adbc75a03639c3717d,Crp,unknown
36bdd6719ee6502aa91062478f443fdb,King Shaka,unknown
6294df804df3c35ce6bf70084cafa2f4,Harare,unknown
429175cfabc0d1e7d1a6548bc000a8ac,Ala,unknown
6585d1e4f3fe367a0bc8e5a31faec250,Waterloo,unknown
4528c511b13eebd874d771f9c1c035d0,Palembang,unknown
f7419e16d7bb11fdd0127a930c5c2b2b,Burnie,unknown
f9d458e85ce2461424e4e4319a9c8369,Whitsunday,unknown
0b4931dd82be10153155fc77f8345b4c,Bodrum,unknown
f0fbf1e53e1dd395dc746a47f983f13e,Vijayawada,unknown
c9f8550a50d7b0e856eff7d4ec16daa8,Townsville,unknown
cce7e077bbc36e4ae67d0921a7315656,Lbj,unknown
823ef9213337b7fd602ffdff39d6926f,Montpellier,unknown
3c24c66dbe13b0223ae4b4abe38ffe9f,Reg,unknown
6e84d858916e729c5f85360e4f008062,Roatan,unknown
e977dfbe72e811639daa85b27b3b3992,Sfx,unknown
95574d9392c32a1a41e4b1cb45743691,Denpansar Bali,unknown
d5e540f99f1af4b12addc7cc86e1faf8,Vagar,unknown
6573078752f09c95b82f4eaa0e1ddb47,Hrg,unknown
55aad83b2c3a9ff33668381e54c186ed,Shirdi,unknown
13fb11f018d6b8058a8a392a37800e86,Salta,unknown
a6664339cfad387a9b2179a79f26a9ca,Fiji,unknown
d42e809cbfaed2f9c5b46a1104bcaec7,Ptp,unknown
1d38708a244387eb469c36e2e8db98d7,Rajamahendravaram,unknown
1b80ef8c325b241caa4cfa7718ebe65e,Gci,unknown
80ccf3468e8e6034b379a4b2e5f3caf2,Joinville,unknown
4958e2e177f6294162b2997f43933398,Najaf,unknown
247ff246fa7ac8858e907b1bdafd0658,Grj,unknown
2b4431c18f0878289db465914d7f9190,Ha Noi City,unknown
9d8efad7875479096a3ff4b56fe563a9,Ida,unknown
5dbbe4b01c604fa3a159a4bab15fa39d,Ebl,unknown
354a086f6423357180a3fde4c8544f91,Chongqing,unknown
e46e75258388bdd5577b8fd012d2ca16,Hrb,unknown
3e0019243365a0d03e6029f5308a83ee,Thailand,unknown
d8ce58bbe5fc9d90d1dde89ae17bab50,Jo'Burg,unknown
a58b9a5862bed40a2f12a1336c095531,Figari,unknown
627a4cf219e929854bdf07e315550e71,Kalibo,unknown
7cb979d8dd883becc445f53274313996,Phucket,unknown
16ec13a91b33bd7ff878393e0a460dd6,Jharsuguda,unknown
6cacb728be4d3e75432d739f2cd1fac2,Palm Beach,unknown
e40c051423e7dd61a8f5b82e61ee02e8,Trinidad And Tobago,unknown
0cd27463e3a3aa3a76d0cf3feb48a24d,Daraga,unknown
935f338f0c42d118de508f2e405f535f,Ho Chi Mihh City,unknown
3192787b73254592c67fd513ed0ab791,Connecticut,unknown
7c3fae9a5a4620931cbf2441be5051a1,Vko,unknown
f341b02bbfc720641f5a6cd82c7ed859,Kos,KGS
a675add64166325fa8cc19782a633b14,Buchqrest,unknown
092f677b03a106e1082c0aa239223255,David,unknown
37ea4500641a082f7e8eb6133e30783e,Karpathos,unknown
366c7f46dbe39059938790667ac306c9,Iquitos,unknown
de7a1699531b0bbbc4f55a2d8819742e,Rzeszow,unknown
ac0b2d57790d6198efed894c9f14a9f7,Busselton,unknown
93a43de3808b62598afaa290557d7a79,Apia,unknown
391f0ed19449bcf37fdd97081e23b7f6,Saipan,unknown
d8838eb947a6a640e41499b0e36d356b,Tampa International,unknown
a8947532807283c00aaa5cd1e9a87dd6,San Antonio Tx,unknown
e578259b70de46e11c03c57948be81d9,La Palma,unknown
48e0d064945f94cd213a984da235068a,St Pete/Clearwater,unknown
e1b3c15fc6801e6ca026f6fda038a751,Suv,unknown
2b118632065753e73009da924968f2a1,Pus,unknown
532431931d1b25a9e1e9e0fd50ff83af,Tav,unknown
c9fb7cea0650dcb9c9cc235d474a33b2,Bogata,unknown
c94e4ac717353482853ad581b457c5d5,Kavala,unknown
2e1ec941f5bbd6d2eb365e8201428af6,Efl,unknown
e9bc39d89cc3cee8e65baf1c04515286,Masrid,unknown
0ddcb04fa8a77a59ad70deb873f240d5,Saint-Petersburg,unknown
10ac152c993f46f66c78b5694458d647,Borakay,unknown
906a6188736368a103e105dbeed3ee90,Iceland To Finland,unknown
c40dfb8f8e3038f924823df58299043c,Hsv,unknown
163d565acc0aaea053a275a002dd312b,Ashgabat,unknown
ca46462a3c501e2eafd0c9d96f62a50a,Pula,unknown
47d6e3e603ae1bb5197df8e2cbed220c,Wollongong,unknown
8d971edd1d0fa6c6be1998dfc0d757a7,Vancouer,unknown
b01b613ab0b7d94d79d4897f635ae48f,Bengkulu,unknown
1658f04b89d0b7de1a394d9cbf4eb19c,Midland/Odessa (Maf),unknown
68fc5f205d27b2a9f0b9aeb2a8ef7b90,Ramsey,unknown
542769540cc4dde022d24bbdd2e0a4f5,Sao,unknown
e52b42ffbbb316f275c1b569a90220dd,Pheonix Az,unknown
fd8502be6f2ccac89fc3d348602717c3,Biloxi,unknown
972a6391abe2913f47df072ff2c4499f,Torp,unknown
b9ec86419f8cd81c35b366ac5d4dbc21,Mahajanga,unknown
cab4067bec0bed1b7ae6767a725d8d1a,Kano,unknown
4304a0759e1b839836e54aeceff9f982,Garden City,unknown
b1a2338a3919d40e49981e33f85b0ca9,Hartford Bradley,unknown
6357e25efcc1d6259553f8d9c19acc97,Kerala,unknown
f1d4083388c4a15c66d973e0a1ea9f3c,Niagara Falls,unknown
1fcade397580dc43a51a37d197bb97f3,Saint Dénis,unknown
14ddbd98ca04239f46a400839710ed0a,Msn,unknown
b7039d1add5767381b395408b0a58bd9,Aswan,unknown
57057f51a5ff3231d4a60dbdb3e4bb66,Molokai,unknown
e91b0f4d02e97cc51f98e97e61deffe2,Palawan,unknown
b7dcdd6b1ac19fc746a65627f0b42407,Sanford Fl,unknown
962b2ba583019edbb722a36523f70acc,Soul,unknown
40cf8fa020a57fdb63077ce9c2977111,Dab,unknown
95f6f6e18f938c4ad64713df1e8b0d75,Charolettsville,unknown
5004600d8489d6a5cceadc2b35c68c58,Sibolga,unknown
35ef6c4a3dac1e3279c6cb3cff6076c1,Lmt,unknown
3942f75b95647230a04dce25c54d73e1,Port-Au-Prince,unknown
c7f1cc559c39badaec0e2a9cfc18058a,Portsmouth,unknown
217b1f7cdd24068214dfc7e7d47f7593,Mga,unknown
3e155020f4fc46e3c75bcab97321e4dd,Tibilisi,unknown
38abb7ad8d78d2f507132240646e2027,Yqt,unknown
c532207a0690c9e008c70ec2c5e398ac,Aqb,unknown
01a368041afb74f87f7d96fbf5361847,Svx,unknown
1e8e93b5b316f3d7fed2c48b2b4e4c31,Karaganda,unknown
2d230b077cb2619289aaec886c16458a,Gardemoen,unknown
e781c8c3bfcfc7c27958b8704d598d7e,Ouagadougou,unknown
88a92ea80898766d3eab714f77eb3c1f,Nevşehir,unknown
c15db9b1ff8528faa187ad159d725bfe,Jsu,unknown
e6b4c93adc77685640f892bd9ee4ea98,Bydgoszcz,unknown
cfe0af29c55933054bd24122bc9cb717,Cia,unknown
683e015fdfa74cc42b6f4418249f65f3,Tsushima,unknown
e47a3ce8527dcc60bceee02ec5fc2e72,Maroochydore,unknown
a6b7bbca6179402681c44aae7377f610,Sbh,unknown
0507e91a5c887c6c76fc7ab55d88c4a3,Yao,unknown
2b7ae3d04e75f5f2117a59952c6e34f2,Sharm El-Sheik,unknown
d34e88ce1090ea0cc33643c3812f78e7,Bwn,unknown
4efd4632a98f35c2f0348a7f08db4e49,Sanfrancisco,unknown
b9e9e3a2903ffff0763915c0a026576a,Boca Raton,unknown
30fc12e9a579add667d7d5565a523b32,Thiruvanathapuram,unknown
d80fba4a747260913f17262113468ae6,Split To,unknown
f245ab10a02a4cb0ae548ef9672b18cb,Banja Luka,unknown
e71b2e1a4a5d7205f20efa07c26ae5b0,Nicosia,unknown
018783fc51f166c686da3f0ecbb8901a,St John,unknown
6433744e9e3ceb56515e2b6f3fc08661,St. Martin,unknown
9fc7567ec2cc1350f833c8534f9afa41,Wel,unknown
aa8ed9a19579062de8c8b8e9d0226cab,Destin–Fort Walton,unknown
547d8886bcb9011485a8eda856dff79d,Yaoundé,unknown
c1686b9baafeb519605b81f4c1737fca,Tgd,unknown
99c60e3bd1f85495e4928922931150ed,Kolakata,unknown
a0435ae10ca4042133168f27bb5ab8a5,Ulanbaathor,unknown
43f8b5f0b1cb6885b7299db74a931c88,Wuyishan,unknown
cf6928b7ce0d665f14cc4c06bd8057cb,San​ Francisco,unknown
9e16e5874c212e46d8e27a8d922315ce,Fwa,unknown
ca09573eae4589e728e41619142cfe24,Dpo,unknown
508c493479abcb1e3a76fe7584f75dcf,Eilat,unknown
d26e6c40e3031dca0e651467b9d14fd5,Ito,unknown
69ac0dbdcedbe84c52929f10d96d2853,Chisnau,unknown
f542e143b82a65c74eb862f81247c4ac,Peoria Il,unknown
5774cd408d22770f5df8dae2e51fc785,Myj,unknown
4f44905e4be7ece03cec0f3e00744c4c,Longana,unknown
af192a2d2ab11890a37196bbf5c6cf56,Blue Grass,unknown
d742d8ad17c1e8bf7a058dc5d4c6b13c,Rajshahi,unknown
152a8e621dcfc2553f79415e6023de0d,Ann Arbor,unknown
58a5c752b3c724db310d5461f506fcfc,Mallaga,unknown
9841e53770ac63167883799e9d2be047,Ngb,unknown
bda3ae58c914801f097648cd5b7250ac,Kendari,unknown
e804dc8a3c513d2f4bef1ae39be43144,Cjs,unknown
3a992ae33b826bef0c78b70f96b04a2b,Shimkent,unknown
9cafdf42020f025d0b6faf45a46eaace,Duvrovnik,unknown
071974ee754839633512c069eb60af0f,Mopa,unknown
39d2d1cf7efd39b70a99d4e432e3f53a,Doha Qatar,unknown
cac12c249778e93c9d080966808e0286,Snw,unknown
24c6fb0c749e83a47481745050661876,San Fransisco Ca,unknown
9e58d3e353b683f94eb5acec4e87a040,Mar Del Plata,unknown
62db7c74371dba9987d46e7cc3d122f7,Chisinău,unknown
703324fc866f85317421ea880c01bb27,Hcm City,unknown
35dca2520604b3b8a7c38ca785341e62,Diha,unknown
e4601adbb938de5259d25c9988b58c79,Bissau,unknown
ea72e53461523a19b18bb029c8dd0ea0,Ndjamena,unknown
53c37b776280928e5a85b8ecf170896c,Mpt,unknown
9409bffc97767c2d5ccbd2846299df43,Punt Gorda,unknown
63ffcecedf30eb835d5ebbe59a53e017,Nwark,unknown
084654879ca19faa396f41475bcb91f8,Ngurah Rai Denpasar,unknown
1b29cb8143f4cf219e8cf79ffc94dc4f,Trc,unknown
0856a6decee46c5cbe7c5ebed1581b4a,Sgn Return,unknown
eb354708265b87a97fbf18f9536f84b9,Tdx,unknown
e1ddec2d3f06c2d9e90629e4f2ad4d51,Qingdoa,unknown
123962316224502e39a01f1fc53cd712,Phrae,unknown
30ebe0640a4add4afe9a7476603b043f,Has,unknown
bc9bd11d01054e1c0f31a62384865bb6,Arlington,unknown
f1c2305747424378db0b652328334dad,Dro,unknown
8d91f2f8bfb3ce8bfc792c2378e3ab00,Karratha,unknown
b8ea5eb9cf935b88226de611f2ceb737,Daegu,unknown
1f8e308c4703ce60afd68ceaec53da08,Hainoi,unknown
b1bf7ba29956c0c4871caa310b7b5a06,Jjn,unknown
441d645e2bd5a8f2ebf8db98a1a88fd3,St Paul/Minneapolis,unknown
f394d41fb19a30dc8c42b0337e96f11c,Minneapolis St Paul,unknown
fcf23552f1c97588d3e7a66f3ddd8888,St-Petersburg,unknown
637b4ea8d75a48ee0ccb46c933cf0463,Nias,unknown
f6c89a8d2df38cc55ae9723b6e7ac217,Sxb,unknown
2e7256dbe28a0e9e3432822ae5cc9296,Point-À-Pitre,unknown
cb5271dac0b5c4a40616128fce01c9fe,Djerba,unknown
b4d3ac39459d99c6d4aaf33dcd785787,Lehigh Valley,unknown
d9b3222d7f3b54a7488ef008b665a465,Utapao,unknown
1c79900e90022a2bc7f048529dbb6a28,Teaviv,unknown
240ee4a14401d9694d6315f33fd1279c,Punta Cane,unknown
10f85399a5dc1cb8c6880fb09c0cf2b0,Helena Montana,unknown
b7f11acfdfa0b2cecb76823a43acfa08,Mytilini,unknown
b4c20f9f79a80c33f68cc12dedcb9dad,Dehi,unknown
2c871b5a091d2d74e07bfa14bdf1d0b8,Guc,unknown
d4ea8748716551a993934c8bd64bcfa9,Jinnah Int,unknown
ab8c486eb2aaea67c7c6f83011e1acf8,Arkadelphia,unknown
33979f167445d0e719878a5ce7ee0129,Bicol,unknown
11388bf5bf1b27d36abb637edbd5d3ad,Santiago-Chile,unknown
df34a27f9c4145f6f4fe07a9c78961fa,Newhaven,unknown
22a3208741cd0f190a59a438e0b714c8,Bjx,unknown
49e9128c18c8b6af5413e7618fb7767f,Sainte Marie,unknown
19f2a27b11dfff92595cbede454bba80,Palerme,unknown
fcefa35adea3414f99268d1bbbfec025,Wolf Point,unknown
d64cae37bd78301a133491fa5b232d8c,Tambolaka,unknown
e40493dd9ca4d20c7b2679040982d359,Anchorage Ak,unknown
bada1ba6a04b2033cd171703fcbc8dfc,Kim,unknown
bb86b9e13f2f935e498eddcc1d4d572c,Denpasar Medan,unknown
a26566128b6ff0441d6ee7bffe42e172,Crete (Chania),unknown
b686bfe5b46d845a1d0cb7f9608527ac,Cincinnati Ft Lauderdale,unknown
c49c8828fd7f689e5ddc1595e0277f38,Ford Lauderdale,unknown
ff09e40a006c9ee07161a1a3d1725a11,Butte,unknown
0c6926682d438ae24c7b6def76486faa,Florenze,unknown
bef7764f0c067e6500f191329ac124e7,Wic,unknown
7213b2765db17258f039c3c7f1a4e207,Ho Chi Minh Ti Danang,unknown
9bdb2b2f3bbf0d896eaaa151ce63e2fd,Ras Al Khaima,unknown
19992dd4aaf60e8d0f9d465e67fb3e3e,Palma Di Mallorca,unknown
bfe985f02df6510dfc5e4824059a3d56,Crete Chania,unknown
91a18959f861ea943a832f9242509d9e,Bacalar,unknown
eef3f1190c47980d726446fe310a2d00,Deauville,unknown
5a2ce64fd77a323c70fe0925841303de,Panama City (Us),unknown
42d5958f22538753fc9ce8aba09fc8d0,Bishop,unknown
9b1d66653a41cbdfc83e23934c326f34,Palma De Mallroca,unknown
518de04631359bb0968554e61849ef11,Fru,unknown
1626ce80f4ff85b1fdedecbfc317a5db,Tmx,unknown
31efe0c61bb4bba9bcaf08dce010d1fd,Kanai,unknown
eb9fbb36b3b13ffeba0542273d30f520,Addis Abbaba,unknown
24ecfeb7fae4980e87adf29d514e4af2,Amsterdqm,unknown
a61a33607d5843d8b198f6bbd4274525,Alger,unknown
a7e03820d39a1191f6e4152136844502,Nasssu,unknown
f44b2f02153ce7fcf233457bd533272a,Cz344,unknown
d5017e10324de00de9fb182ec3e37463,Los Angels,unknown
ce00654d96217ca729d65ce9e57d1589,Illinois,unknown
2ba96b7d79b74c8ea8e605899897aa59,Greenville\Spartanburg,unknown
a9059f6244457c0d2d3d175e05ee73ea,Akita,unknown
6a2d9af49e1326cf12ec2caa6697a7e8,Muami,unknown
89f07c2f5f15cc1252d69d19177a0075,Cam Ranh Airport,unknown
e8c25fd052e64b59f19760e9d86e33f0,Hi Chi Mini City,unknown
a11a4098da7becef75868d707d4bf2f2,Bogotá Colombia,unknown
15a6ccbd61793a48033c97415d358971,Lomé,unknown
0bd94a08ddde716a11e9852855d10661,Nassau Bahamas,unknown
7dd284a7df25cf441454c47dd0c9f5ee,Nyaung U,unknown
845bd9d51d517e224dcb841a076b46cd,Afo,unknown
1247fc335c8340805c47e42881ece1a0,Boolgeeda,unknown
47ea1a7039cd4cacaf27420e6cefb472,Riohacha,unknown
a41296511ff20f313298cf73b701b5b6,Vlg,unknown
8c30e7c5a0b846074113f7ab0d594ccd,Guangdong,unknown
071e7a610acfad32e3736ebe8ccbb436,Vladivostock,unknown
f6072c1e0fcd78274bcee822b8a11ff9,Merced,unknown
4f14716c941a94e3771eb2e924777fad,Vishakapatanam,unknown
ef3983b5025022b0afade4d518794bd7,Prince-George,unknown
bd518b6e59f592a987fdcef7fc020c75,Hamilton (Yhm),unknown
c5155102f11f27773f0d55f3eeabc624,Reagan National Airport,unknown
da36037dab77381066bbafaae9ecc1f0,Tanjung Pandan,unknown
67411c4a90c3ffcee62a22112c6b7481,Gunungsitoli,unknown
10c372b8f80ab3ca66e6870f72f63fe3,North Eleutera,unknown
fb109aad2b1dab4460863c0370ae2b89,Hanoi / Ho Chi Minh City,unknown
73b19fa95716ea2eea244499cd841ec8,México Df,unknown
b0e889d9a1621a799c6ee527e8535dbd,Msp And Den,unknown
865e9d465a0d750ee9a343af48de081f,Studio City,unknown
d581dd0ec72443e396e882f2570db84f,Torremolinos,unknown
30c6b482f88a5e2f19fd75dec86bbcfa,Dha,unknown
7cf19ac58d1e8f49638e268c5c653fc7,Papa New Guinea,unknown
b34f523017216f504a71a30aaaa23c11,Birtinya,unknown
e6492d9e117107ead9c3c61ce6dafe7b,Minneapolis / La Guardia,unknown
7361c0faea6cf68de97edbdf2489dd2d,Cienfuegos,unknown
06a97d0b1c9907553be26f90390764d6,Ft. Laulderdale,unknown
775273817c405276ea72455abce8bc47,Oklahoma City Ok,unknown
58a209cef47f4e1d64311e8d97c23736,Amterdam,unknown
301a39afe4525cb0d2f3cfc9ee3180fe,Reykyavik,unknown
96797dc3105efb8a2568ce867a4fd8a0,Mky,unknown
6a2299399635aef24d45b03d10ead12f,Palopo,unknown
d04d1630d3bc6160ea21ec364cfe918f,Ref,unknown
09e49b727a9f7534f4669043bdbd7645,Bacelona,unknown
1b2bf55edce735f6c1b80b765c56f5db,Cassablanca,unknown
7aa8221d29f8344edf823c87af3ecd49,Ipc/Scl,unknown
c6f98053a8507c73cf27bc01d854a673,Dar Er Salaam,unknown
aa2c12093575f567445905306bf771ac,Gimhae Intl,unknown
1c7993036f15ec34f971adb165b430e8,Rejkjavik,unknown
16caaa55bc5e828995505393046af5f7,Rome,FCO
86c2a32a58462a71efb52f3499e71c45,Fort Lauderdale,unknown
47d899a1ed67d743afbb083882e6f32e,Strasbourg,unknown
2be68ebeea62344ec9c68cc1347eaf8a,Salt Lake City,unknown
f9c4d7d0558891fe02e35c15a40460fc,Sjj,unknown
c5cab92b4c803f9f4f551c697a03c948,Helsinki,HEL
8a2b0572f41fdc53566d4c76aeac813b,Regina,unknown
94ca4d04e8afe7a905e8d4a7b8a9c29e,Siem Reap,unknown
af65ff7c0c6f962f0b24d087578fde21,Beijing,PEK
d4c53667ce45b1143debc38a6a618abe,Darwin,unknown
b38ab397d1e44f9110d7aa67e8ac6d18,Vail,unknown
03d884025005d790190542a96692e573,Yerevan,EVN
07e15cf05f312c7b05924ea647e9f31d,Hkt,unknown
95c40bab776e56fedc52846dc11d9257,Fort Myers,unknown
a0f861d3d0c847397afb1ad2529c653b,Granada,GRX
e618071015dbd96d8479227898c6e955,Curitiba,unknown
5312330ae6a56f35ae8ba27d199a930f,Dps,unknown
71740d710087ccf2117bb7ce6fbfea09,Penang,unknown
ff500eecaf3c73df3b9b4da6a66b7722,Rochester,unknown
6118936b851f102f380581c1a5a97eb9,St Louis,unknown
21cd1e1cd34535e06e9893152c3f8a3b,Surabaya,unknown
d6a16600d7a6d644d07d0b275189cd2c,Wenzhou,unknown
5886be988b06db6a2df8354ea8447272,Srinagar,unknown
bb24943740d6922777b8f37d322d7856,Elmira,unknown
ed8064aea637909258de7b458b0289d3,Burlington,unknown
fe8e7b9cceb100b24fb15dcf8f974fa7,Anchorage,unknown
28b1fb251c550c7df2b93b7e63af21da,Got,unknown
769ee61f12f6afc40e6b6aae78441896,Halifax,unknown
3710130ea23f7ef9c8b0e7b3f0b35258,Berlin,SXF
dfe759dd05e9f58a8613f7f6ceb0963c,Dhaka-Dac,unknown
b9f1e21ad61a6b738863e1cd0562405b,Santo Domingo,unknown
98f2af26f4760cdc745b874ae351ccea,Pvr,unknown
6e9e6ec13889f0af7f66b726442f1fa0,Colorado Springs,unknown
1dd7c5373ad1927d158fa85b20cd1b94,Ric,unknown
14b1302eddf132c16d7434024dc36efa,Cartagena,unknown
61f8908beaa1b7a3cb5c6667e78c0892,Palmerston North,unknown
8027163e69055f0b11d1f8f676e5ce31,Udon Thani,unknown
55b1439d16c36e40238b6a347fa337bb,Rovaniemi,unknown
7e16b198919499cfe68497bf697fe78d,Bradley,unknown
c87abd6e15bd1bf824ec03ffa2b837d7,Narathiwat,unknown
3060bf34279d344879e9ac73e1a0dced,Atlantic City,unknown
59809379aafa72d1c7107e9f15a3f38d,Riga,unknown
75d7e61ac66495a2999389cc24b428ae,Malpensa,unknown
40d93eb7d3a6985afc81aaae0ba26760,Myr,unknown
9da82a14d587adead86fa9820b13b3de,Basel,unknown
8ad6744e82831914e35f456a8fddc83f,Cll,unknown
f177e6aced528786b6eed8e437b35aa6,Boise,unknown
f059f4490a34951c4d687924f070787d,Guatemala,unknown
b804f6117fa0771711e68836701c9363,Appleton,unknown
bb80da0c0200ba3861bc8d1d1f2140df,Milwaukee,unknown
55a1e34712fb1bf4ac76b8ea0572d19c,Sài Gòn,unknown
9a36ab6355675ab305bf7e7360dbe46f,Plz,unknown
d45d1fe19bbb9b51453e9e4f505ac576,Lombok,unknown
0e69d090df68756744dd48b4b00d8b8b,Fort Walton,unknown
fab47c319f4da485e01018b179879d90,Bengaluru,BLR
7a5548eb52a459b1cd11a9d2d3ac067b,Fni,unknown
ca915d356280327794d30395d91cf113,Bki,unknown
61c9643fe4af87bf8a11ba8c6d0878d8,Nassau,unknown
2c95dcc7b0393c9f9af66554dd1686a2,St. Eustatius,unknown
3943d334e10a42fc40bb203e5f660647,Washington Reagan,unknown
ef13aea35adc4c4768e71bff788dd0da,Reagan Washington,unknown
893513592e3bb5430be98bd178ec38d3,Mdl,unknown
fc789ab6dd453387084aefb1ac8a425a,St Thomas,unknown
4dcc04f19138fec4c00027036069ce26,Nbs,unknown
2bc159d6b90f90d6a1f467553d8c7a39,Savanna,unknown
f962ff4c9e52ab5ba944f1d94dc161e3,Arcata,unknown
fc58b32e2b2db690c7532cedbdbf4640,Sgf,unknown
8fe67a4db42e4b76687e6ad620fce7a5,Monrovia,unknown
86ff99af8e8367486146ae7e14406147,Clark,unknown
54e747e3bb0d723f8ece5cc3a19506d3,Cameroon,unknown
01d2c4f172ae567a3e95dda13997a396,Lille,unknown
c6b6b495c737e5125966d9dfa382ec38,Nar,unknown
99bde781bba43c571f621eaf948ac3b9,Us Virgin Islands,unknown
8b5d15f0848135f45e66e07afc443fb8,Bozemon,unknown
b3f50fcce4f0edbb2711b7587c05b11b,Aga,unknown
280785f594e99fcc598e725606513f6e,Fukuoka,unknown
b6a795e47d62e601610b1ce8d9ba719b,Florianoplois,unknown
417d21d66f06f8fe0d966a610d1a91df,Pmo,unknown
0589052b16d8fed39bbae460d55d013b,Cam Ranh,unknown
7d35a089e24e7db5ee4ff2e12ec17346,Gênes,unknown
8d1cc55c102f5a3cd9f3a0917018c6da,Nouakchott,unknown
1a2d0e614ecbcff23360aa13d3a3f288,Grenoble,unknown
a3b866878d91580ece88477ea6f17922,Reykiavik,unknown
e030b4c1eb10807e2bc7223515054160,Bermuda,BDA
9204f9ceae7cb1222b96bbebd79a1164,Bqn,unknown
814da5fbee48e326d0b17e3dfad47100,Bergamo,unknown
7ad3d128c08c567c7efb8fabae7695ee,Ccc,unknown
1072795f437b89d08ca15acaca74857d,Denizli,unknown
d47d5ec20b2c936a1d7e14365a12cfec,Crl,unknown
39519b152581c558259f3c438014a10c,Pekanbaru,unknown
305975cc7ae356fb6db9c43fc955a6e5,Singapour,unknown
0b7e157bb7b0747671902030c6a1bc68,Stickton,unknown
408a3c6bc142a00fa5c9a82c256dcbbf,Pontianak,unknown
d7dc30722f8ee03f6767a5d9b154074f,Marigot,unknown
5bb599d8a9b105a1d38c1e9c0b1bf715,Fort Lauderdale Return,unknown
4a924ce0c12d6fa78248b1740054026d,Gcm,unknown
8f76aeda5a11653a724f79798649c388,Vinh,unknown
1e71b7dd932f8f1da218274aeb3ff891,Otttawa,unknown
23dac56c1b9e16cb210659ba71200ae0,Gfk,unknown
74b4cbecea884ebb141fb5ef96191636,Belém,unknown
2954d8bf39174e67e51d0d67f4645d37,Coruna,unknown
fd1277b42ff4818cf821c7546781b0bc,Tenerife South Tfs,unknown
d9020eaf8c64830c66cc0f984cc43eb9,Taif,unknown
d049134b57a9b66b1e4b7dfb70a0ea25,Aqp,unknown
8b89f1f95f71237416dc846038771eb9,Kutaisi,unknown
8dc4ed9a50ea5d14e916c947172867c1,Lanzorote,unknown
dcf568df9ce9ea8b3e6becf66c2fc6d8,Tromsø,unknown
d0c41f7dce4b7d2e18db20350c9bf8d0,San Jose Costa Rica,unknown
b28de000600137643e28ebe80dce824b,Ema,unknown
e1bc1759d28d89774b0111858d873a7d,Buenas Aires,unknown
26c343740f6e733db5d6b233ca902c09,Colombia,unknown
904b12e676b0b2c76cb39f74c30cfb61,Lijiang,unknown
2d0779c4cf45f7f7debf167d2b045b46,Lau,unknown
bf452692f5f8630dcd15bf8962b995a1,Mahe,unknown
ba99235054bb17cc20f5205d4a35a7ce,Mjt,unknown
8ad3bd1e677e5bc0b367b0355b42b7d6,Var,unknown
74b446bd9ba82b91f21e07ae7636288d,Doncaster Sheffield,unknown
bdefebea2c6c5ec49b7cee7178e2ef6a,Flint,unknown
a2ae3e1771e36d92f5d8428073bcdd3c,Crk,unknown
cc91be78a3e959204cc969a8cbc7b463,Uln,unknown
a14a603c95f24c2ea7a0f6c7769de659,Sck,unknown
eca14a201f75cd4e6a9a463d1b7db051,Fuertuventura,unknown
82c2ffc99eedb3f33cc31fbf06a3c1e1,Bmi,unknown
f26937d9f26f91a304a55a353149f648,Kraków,unknown
3f97831e560d76160888fb564ea1f091,Saint Martin,unknown
63b8ce2e7e82718b5b473e1e3ee5094a,Burundi,unknown
0f4f17c0b8dfb4357da97d014e4a6b8f,Bacolod,unknown
72385a720bc435e3daa8921fec55f338,Galapagos,unknown
d30385891bb4af429ca7ea207f62b8c4,Ntalya,unknown
f667f696a29bc580975736e69c46fa7b,Covington,unknown
567fea9d72a96854a77147b7627f1a4e,Majorca,unknown
b8a670ce31eb0cfe6d6b5097ef46a31f,New-York,unknown
5f30d84f4f7bc36279591be1e9d412c7,Huaraz,unknown
c4402a4378df2a54fdb1d9296e725b03,Aep,unknown
516eb89d88986cb6478fae0b6696eb52,Tikehau,unknown
d6c99e9eeaf264b43e97b4594d1e0d96,Yxs,unknown
8087314a1b533b6fb4a7e8016ecec226,Changchun,unknown
2eafbfe7615d5083455d0c92f2b2a114,Denpassar,unknown
ae6a3ec50bc096eeff4fa7da2b731bf5,Suva,unknown
40bf90436610546c35c14e1268b58cf4,Botswana,unknown
aa70ad034814716241a212c5bc70f1d4,Sll,unknown
11e8845bc5794a97124212ba3396d332,Wainwright,unknown
49b55f4c2d596208c457dfe85832f497,Desmoines,unknown
1348853454d28b77bf1e9cae67ef9164,Gimpo,unknown
9384ecc1db4ff33f2f86851db0ec0515,Elizabethtown,unknown
bee63cc5ddab36ea7d6a06e4eebe444f,Ush,unknown
daaa853f2e0415c583113e4597f9e408,Pvu,unknown
39d126054a8be94ea09fcc9f64d54413,Muscle Shoals,unknown
99eeb0bfe00fed7c72e5be88b1263f37,Point A Pitre,unknown
7727ede0575efb52dc5e8690984e7755,Bulawayo,unknown
aeb20e582d2880e50cf69fad8165aaaa,Coolangatta,unknown
26bb093bdf3936ef7123ee6bb3049995,St Paul,unknown
591d8e833081ce00c6b10cd593139f5e,Ironwood,unknown
e148398b5717142c28bc9b14cc3eeeaf,Jzh,unknown
5dc31c8d22bc93e9177e1fc0e63f048f,Puerto-Plata,unknown
c8b9b1d3fcfa82c1ac2388a030813fb9,Dar El Salaam,unknown
f0a1ddd514b4d482d0d80bc659639869,Wilmingtom,unknown
aa425cc6a2ad6cc1524d0ca78bf94b34,Washington-Dulles,unknown
3d5ee87b68bdb3080768274678db9725,Mcallen Tx,unknown
fee6ee4c9881a2b72fbc54fad5cfdb09,Bme,unknown
bccf266e5a57d16dc468914009d25ef3,Ibr,unknown
27b1b7147e209715a6540c9ec7201d71,Vilankulos,unknown
49ac4354af012dad7f3e25b188d064c8,Tri-Cities,unknown
3d5b8aa45d339116eac892f78ad27835,Jambi,unknown
6d79fef1b2bb411540999d1c64f14f1b,Bilboa,unknown
8adf5396fb60669e93dbc3413cb18785,Jedah,unknown
c97eeb0a635b9517699a9c2fdb098dcc,Port Louis,unknown
11124826ef5725108c24196a59042ead,Popondetta,unknown
34555667b0c8172e7764a886be7bec26,Monastir,unknown
e17f60b593c2dd74044e8c186a6b0fba,Tuxtla Gutierrez,unknown
5a0fcb86f9286044fdbd9c2a84be4f36,Mdq,unknown
879a55caade54114b55aa45b02168d16,Fes,unknown
249b66f7555c2602005b345819e9da9c,Tweed,unknown
a6e9f067010a1a5e5d53b69c1af721c9,Cartagena Colombia,unknown
c664cced0e7df397f7e8268edef46bee,Tamboolaka,unknown
90ee5ec903cc26918fdb0cbf31e65136,U-Tapao,unknown
0848f3947399a0c402d0402ab55c4059,Montes Claros,unknown
0c0a95903faac1e7773094d6fd8b16d3,Fuerventura,unknown
15f3f06a58b27363ce188bb9f4e2be49,Kgl,unknown
7aff7729bb78a04a9d98f39eeef4d93b,Mcghee Tyson,unknown
1d6604b9bd17165c99edad9340f97666,Hailaer,unknown
ebda2bff184a23fb9ba237d9a5c86978,Gimhae,unknown
ae3411d211b9bab4d848936d84d4f1ea,Tenerife Norte,unknown
4f48a7a13b2fda45eb2619d22379ab30,Aingapore,unknown
1b35187c90323e49c796b5e7fb8bcde8,Nat,unknown
a4c041257c0f55dc62a5cb159e627b72,Barelona,unknown
02a367a6b79f655c76049854b4bc6fe1,Iași,unknown
5a8636fa54355e014f4ca713cb3983df,Lyh,unknown
353b7ca731dd3e9a09f9efea39046935,Habana,unknown
947b305e073077dd82fbe8efc2161498,Grad Rapids,unknown
6a67f9b48b82462ecc3e0be22a4075f3,Qui Nhon,unknown
3ebca4d39b853700fd5ffbc1b820f621,Ile De Terceira,unknown
da6bcc9290d99e4afc5da7893f9302a9,Avalone,unknown
a7dfc6a32c31bd0750f869908ab27fa6,Abudhabi,unknown
0f7f1b32bc1604b12aabac76c50391ba,Nyt,unknown
f6b029be9ba5336197ec5975c04e589b,Rodrigues,unknown
049cb38913d3c721e0f3142ebfbd3768,Abbostford,unknown
5ca9c87c0371c5c99c2487e493d251bf,Oaxaxa,unknown
b103f2d68fc15795ef391f4a33762624,Kolhapur,unknown
79bc4a1e832dbf574e27d8de297bc682,Dana,unknown
2dd95708c2865a6be47dd043d54bccc0,Pls,unknown
354f6804a6fb32d2937b2bb665d290e2,Xi’An,unknown
67eaa9dcf9d664aa7f71ef4ac7114c95,Aci,unknown
4ab29e266cb4a97c6fcf02a9aabb87d3,Smg,unknown
d4012f774b253bc167b9e27a412bfa84,Yxe,unknown
e2d63b85d66413452f9ccf8f2fd064d0,Lethbridge,unknown
ea5ab194b28d968e5b41f027e62c0733,Xining,unknown
d3969d5f276549ade168b4f9ce63267f,Phnom Pemh,unknown
c31e308db204a433fc9cad7788575c8b,Rfd,unknown
42c82030aa8f68d612d642dfe6d37c88,Pnk,unknown
c2a8e380ed26b21548cbd05b2300f47b,Tampere,unknown
ae8b4fd5af57a2e25e6d01d858e640b2,Mec,unknown
c9818944f37f2e4f1fdf6587eceb92c2,Saint-Louis,unknown
4a410e480866bdb20f3205458797e1dd,Bhadrapur,unknown
9c342b8828788182d591d8249621ac54,Anguilla,unknown
7d8bb8580f780a0523e87cfa204f2876,Busunaga,unknown
87704c9fd43d0219e264e4bbea1bd6ff,Smi,unknown
f85e5d49ca5a812b65b510387c528f14,Rio Grande,unknown
3f34e475f1ac8fbc6efafb8ac486fbea,Dekhi,unknown
6deee5509abe79f26e362e282c69083e,Destin-Fort Walton Beach,unknown
0d57f6b44f6360a1cf979f287dcaef35,Ponta Delgado,unknown
46163002e958a86754c4e49d465eb3a6,Wichita Ks,unknown
1c9920d15868012db689cd9585a2e98c,Tj,unknown
fdcf7ee85ccaca2ec0a0b1d4afd878a9,Jiohannesburg,unknown
9361a2c2f640db186ef2197f8f3337c5,Sao Vicente,unknown
e719e396a196ad782d3c189fd136de83,Serbia,unknown
605340f8ecc84607cd385074ce35c5ba,Abbotsford Bc,unknown
54c461f519ab7560a877721dfde9b159,Ho Chi-Minh,unknown
569860520fb7f72f8c81370c751eabe7,St. George,unknown
ce9f6dbf0475db31a3e69f857701b1c6,Yfc,unknown
6bbe2f1a3aaa8885429a8a163f2fe4ef,Frs,unknown
e48942146978231099a9837c7520c9ca,South Padra,unknown
7ea0118660ec39c3e1125f685a014398,Stanbul,unknown
27e006dfb1e2f129f8dba37768d8cc7e,Tan Son Nhat,unknown
cc9831c2fcddc66bd6888f2c4d846865,Kansa,unknown
001d8f997bb7591ba8a6d75efb930e99,Portland Oregon,unknown
709e237df8ea5811e769ea5ec7323524,Mardin,unknown
4cacfe88f6f191448c9aa8d2189cf4fa,Tanzania,unknown
850fd3cbce1a20c203b4f9268b8717ec,Hargeisa,unknown
d2ca564dd78687941d00e36f9e7c5ec1,Wamena,unknown
ded88f99c962634f8ecd01185edcb226,Buka,unknown
6512b80be6ded18fcd504f6fd90f3bec,Con Dao,unknown
18665b79763fcd4fdbaa5790f07aa20b,Blz,unknown
2032db349396c1d9589708aa3ae104c8,Belem,unknown
4724960c122dff4aad316aba90dcc5ca,Basel-Mulhouse,unknown
7c40cba2bc67a816af2ae5107da616a7,Arica,unknown
e935ecb37236bb9acbfe7aa50c9f3a8a,Trd,unknown
5fb22a80658c8628f0259080e849099b,Lbc,unknown
75dd06f1ef8375cf17200ac89299d4c3,Wallis Island,unknown
1a48cb2983631f696d7e7b5c1af25ec8,Philedelphia,unknown
b08415c55c360c14a698094c013a1ea1,Catane,unknown
fe7a0ce05963b9bb9420bb77534007c0,Fort St. John,unknown
c4cc73c88a17d95e5ed4bd5687f01b02,Sint Maartin,unknown
953a1416b51f298d888f163d6cefac34,Shv,unknown
7e0ee8190d3ac08cf6681ac0b1607bf4,Ors,unknown
f02928c62ff79913e862a92a11e9b1a5,Hat Yao,unknown
640bb75b6ff66567e8737b5124f6e1e4,Pnomh Penh,unknown
c00c12b4ece49876a8ef5df876088f61,Rourkela,unknown
658ec3368d97edbf35f45776e200d0be,Nosy Be,unknown
1c703e5186767de0c03e156290d1f664,Huston,unknown
80deddfc01d26edeef96195e57b79518,Ilo,unknown
8740ad73cbc241d5f12a4e2372db4590,Toyama,unknown
12b2916a32c295f50761c5b6d33a5233,San Diego Ca,unknown
1ef2173f82f6886a540ddb2060165478,Palma Majorca,unknown
677f879333c40b059754467be528e50d,Palanga,unknown
2669aa5984d2ba47ffad214e45d322d9,Treng,unknown
a073215a5fba598c57fd1b04d94c18c4,Fort Lauderale,unknown
1633ee15be6dee17259866ae49ee8a0f,St. Marteen,unknown
a6e2e60e4a27ed319eebb0fc2e0830e2,Mgf,unknown
273c64b948f21b96b75e092c80131ed0,La Crosse,unknown
81fafdc408a389f29d2c848d9520c512,Jasionka,unknown
c7ebb857868708cb3a32a1d26a865aab,Tutocurin,unknown
7494b9bd20cd4dc0b28c98c813e5d303,Thd,unknown
f0a8993151d661f7f03cb68d658a6e64,Sakhon Nakhon,unknown
c7197890144f4abd3a2c1e5c2ed7e652,Dalls Ft Worth,unknown
3b087cbc56b2b833acd44c6142cb1bad,Igr,unknown
4693151af6bcdd0d21350dd8a811ace4,Rupsi,unknown
41c6108f60267e7a4633e476377b1291,Torreón,unknown
b397a0a1cea7c9ad9a3c975ef46ec2c2,Yhm,unknown
9d7d44c10f54bd02cc3a50e0be879acc,Targu Mures,unknown
24c992ba64980d86f6f2bf29d0516a92,Pendleton,unknown
f56354442e361d09e4c97949f529fb06,Singapre,unknown
c18f7637f2f1eb6fc6a892daad597032,Kosiche,unknown
2f9571747fe3b4b41bfc9f51b82b6631,Garoua,unknown
77c6516f86442cbc007a19ae8eeea2f4,Grb,unknown
b066b7e2da6e344847c4cc3ed41a347b,São Paulo/Congonhas,unknown
88f3652359d6b5cee3e731e03739493c,Joahnnesburg,unknown
f55285c32450eb19d7cde1a7a4eef6c6,Moi,unknown
19573887ce753e8ae5e534eb47a4a849,Mhq,unknown
3bebee73468824c9a60df619b2ae2984,Alaksa,unknown
8ba130f61fa3eec8470c7554aa546982,Ixtapa-Zihuatanejo,unknown
dd45e52154040e35568c1795c053da54,Calcutta,unknown
590cad9b51603031ec4ceccd2c5dbdeb,Sangster Mbj,unknown
5be22d7bec73e38fda0374a401c2b98a,Dalls,unknown
1b86a87299ca272eb9995ad2961fb5b6,Quang Nam,unknown
03f5e9bc2a75e274a5c3f6715bc72f16,Melaka,unknown
2e91a7b52a5df6bf30a2c05d03c64380,Ho Chi Mihn City,unknown
bd78f8b4ecaee04a7651a0a0ba18d3e8,Mil,unknown
28709767e6c705b71d5a63b00da94ea5,Worcester,unknown
04aacead98c7c5ca42266b04c4c60849,Augsburg,unknown
b412eeda748a55db5c816df435b59646,Bankgok,unknown
16cb330b086f9f9ea134271aa2f311d4,George Bush,unknown
c371d36b38169f37b9d7fdd2a4f479d0,Marsa Matrouh,unknown
fa549eac1002292b41c4f334a2b34b02,Sao Jose Do Rio Preto,unknown
3b664c8d2e57ddc9bc2753fa628aaca2,Puta Gorda,unknown
308eaf6a84ebf1f2711731adb304c608,Cdk,unknown
65806423decf90baa7359db9dbeb235b,Belitung,unknown
ca69c92e24417f633811d8bdf0f33116,Gensan,unknown
9048074138d3f896a9369a9c936d7c23,Tarapoto,unknown
888df4de7b044cffab0f823536eabb70,Bordeaux Billi,unknown
5c1b2f0adfba60d8183ac1bd5d4a5ed6,Detriot,unknown
0b381fa764c50ea0c3585f22952f39be,Rostock,unknown
7537aac483a76b072d86c2fe1c86e3ae,Salcea Suceava,unknown
c2ee8d85fb8e7cd864dd1bbf5ef4ef99,Phu Bai,unknown
c0c6f1269c338ee6edfc719cc646e57d,Yqj,unknown
66c608266faa41ef3dff51576a520d76,Zvartnots,unknown
04b7908b665460ccb196f32d2365823e,Fort Walton Beach Florida,unknown
374b0fafd35a20fbc29f95b705303476,Kwe,unknown
27cea5207de343d3505c0710701214d8,Nuevo Laredo,unknown
5815f88d2d13cb8961b1553c7edbe3d2,Ixtapa/Zihuatanejo,unknown
c91b32359ad6ddf14edc184887dd02cf,Marrekesh,unknown
a96357076b3704f29654d2e9d56cbc3c,Lübeck,unknown
a84ba465fbd5f0946bf4da41e8052428,Bk,unknown
9d63f4d073cad713a7478812b695afde,Ansterdam,unknown
273fdb30c97ed3dea89f626e88859dab,Manhattan Ks,unknown
33a308b5f40d28d9cad2913648fb4860,Iquique,unknown
4668cb30885a58a256676dcc6368bf2f,Tortuguero,unknown
9165194ef97a17d6d7d46263db8dfb6e,Fort Saint John,unknown
7f779241d2565eab962e52cac2852ff9,Mosco,unknown
e01aed22e0b98e75884b6d25da2efc88,Dagestan,unknown
683680b07a0394a1cb2743630cbb8679,Kraljevo,unknown
84097d4edd203ed061cff87c5158b900,Blenheim,unknown
d7ececb1a13d40a7f02b380c4687afb2,Parigi,unknown
f1fc1bc4954d825b9a2c08565395237c,Århus,unknown
5764e910743af3269cd5b4cd1d5b4133,Cataratas Del Iguazú,unknown
7b2d5986486aa89f110362b819b81db3,Knox,unknown
8383d824aaa630e35ad2c5c3f656c29a,Coollangatta,unknown
2d131fdeb5abb21037465302a8f58e1e,Cms,unknown
9673c5ac28925a9bc6ad2f4fce3cc724,Grants Pass,unknown
7feb92a488a414379e4d20d62c2ab384,Wichita Falls Texas,unknown
c75fa924e9d9cc62eabfff3428366a3e,Ankara/İstanbul,unknown
7391f0423a67931e663038a3f76dcf32,Reykjavik/Keflavik,unknown
40e624e15467770b65be7fa60d66ec05,Addis Abba,unknown
e210c2d52cfb8bf3bc8f4aa7186405ca,Corona,unknown
ffa1a924e0e1e9539e733375b3ec3242,Ho Chi Minh / Hanoi,unknown
8d46a5a37288e6b166f46bfaab7ae8df,Metz,unknown
d833633fd2a34685f18097dc1efee080,Amma,unknown
c2f61b6124de28ec2933864bc38735cb,Duabi,unknown
e440ef2337188ac4360b56df590ba2ab,Cmn /Acc,unknown
cb7226cb30f792be76bdb8408043ec7b,Edmonton And Winnipeg,unknown
7e32558930887ee9efe0ed87e715456a,Modbury North,unknown
3c1042493224a9c6fcddef2d2d4be727,Reyjkavik,unknown
179466684f5d5c1c7d9fdfb2703a83fa,Baldivis,unknown
59b135dca32eb08c1010f8fe824245a9,Rejaykvik,unknown
4309025818b5c9fbb75f687b58a23848,Kiryat Ono,unknown
ce4664c7ec8110ed4a3f5552c2a65a15,Mozzate,unknown
1f0c279e07500fd09144ed3eafc691d2,Sharja,unknown
a5fe3bcaed1f0f8d4e7d65671423637f,Lahor,unknown
3ad9e014379a292a2a97e66756caa66e,Chrzypsko Wielkie,unknown
844721c24fe9eb58d0d976c65fe2e695,Wuhan/Guangzhou,unknown
06cf6ca04ff92fe2ef638d5e507a63e0,Auclkland / Santiago,unknown
1dd51bf40d37bb03b5c594d7826825ab,Kl Stopover,unknown
2d4f3af933aac00679cbefe8af1568c3,Can/Csx,unknown
7fb483ce5195d3afd9d1197d4def4064,Kefflavik,unknown
976ad9414e969b5708d2ab80602a3ee9,Bwn And Dxb,unknown
d6a2fdd652df5bd10232e49e13d1f236,Nanyang,unknown
6242e3a3a5c4641ccbdc4b0b20684d79,Rhode Island,unknown
74a356684118371751981203f2588b87,Gmp,unknown
a89c3eea75a41667e251db90e8b09c4f,Bogota,unknown
7dbfe941f83134ef229e4f6eb866a68d,Zambia,unknown
9598a7c924b687044eca79bb212b59c6,Venice,unknown
993cf7ac0f6fcdce0c43de386e9878df,Beirut,unknown
77bb237c5940fcde7784bf20ef8d09ad,Delhi,DEL
3a60f6cc5241fcaef53e4954d849a693,Islamabad,unknown
e24e3e52f9c8a501684e344fa8affdbf,Olbia,unknown
56bb2c3fa8387e48d85d6d7d881cc968,Hyderabad,unknown
1fc6218c7e768f68ae8e4733391aa489,Scl,unknown
650dcbc7554f7508818f6458a1c6a2a0,Lithuania,unknown
1b9ad5d61fa73a9faaf8ba45bd4a37ea,São Paulo,GRU
9c1dad1e0ac55fdaac7556c7c2cce339,Antalya,unknown
bacfeb237969fcf30daef6c9fb98e4f9,Lansing,unknown
cf861961a151cc0c1d8c01c16cacedf1,Bruxelles,unknown
fe92000d50713d93f70199db9d3d4860,Rio de Janeiro,GIG
69fa6a6cba0e835d60a42825f931da9c,Cagliari,unknown
cc3d22b55def772058176aa667c918be,Sarajevo,unknown
be169fcbc6e948e95143947ed9e864a2,Bengaluru,unknown
698d8da7efe8355b29af1b9e2a11a0ff,Kuwait,unknown
e12f4b60304095116b1b8e0f13fa5d97,Gaborone,unknown
4468092cef225b837018236448085c47,Israel,unknown
2d70ef58cf56739622d94c28b5980365,Suceava,unknown
7a01323a9243f5011bd7b8a40aeb7380,Maui,unknown
db342be11c5570e10c66f315697b5bd0,New Orleans,MSY
e8dd75c0edd5031b3f167478a11dae2e,Cape Town,CPT
3e840bac6233273d5c038857e72bfb2b,Naples,unknown
c2c0c92109db9ba2d8d8bbc7b3e07256,Toulon,unknown
9b10904ff5993c8b0fbfe2699e0c5bd8,Havana,unknown
6570fdd83be479aaa35c94e92611ac79,Marrakesh,unknown
e62e23cd90b83b7edb9c61784a4cbe95,Madinah,unknown
05c193ade0bc3161bc4c95496787b4ba,Indianapolis,unknown
066cb6fec95980be84bc9709affd68a2,Krabi,unknown
83e348003902f5e92e6c607ecacd84ea,Schiphol,unknown
f27e05dd0532246d8c69fd4ce4d14fb0,Islip,unknown
9cebb7d452c41766eb4f6738176212c1,Ljubljana,unknown
6b01757e0bc50990fa80ee4740f8ab41,Szb,unknown
bd40fbd729b7a220d45d2b1b98623a15,Add,unknown
cb2ea76f50997b0ef667ef66c54e101c,Dad,unknown
cff2f2da26e40bf29bf5c727d7c8c820,Wichita,unknown
1843b824c1975bf2bb13ca4ca9c4abfc,Ict,unknown
4c43d1d603e46a7d63ed95dbf75546fb,Washington,IAD
2af8a5ccb0b15269bc647e1e2d25bc43,Shenyang,unknown
2790a783d4c3457de14ca93fe7298ca9,Alghero,unknown
7ce51949e21e6d6f8718fc2a5d11b1d8,Las Palmas,unknown
3276a5b3b649e4a40c03f8151bb2972e,Tampa,TPA
df75120172b6b7f0e98e62c7358b441d,Teesside,unknown
3e0fc25559e1e3e7802d382fa7877f0a,El Calafate,unknown
b5335c1357ea085afd33ae08eb0a087d,Gold Coast,unknown
6bead80a5d473b3d5b6227ebbbacfa8f,Broome,unknown
1f9a80ce2191b37a0ed3d60caba64136,Davao City,unknown
e23aa119338fa1d6ca740bb051f21a0a,Kodiak,unknown
7774e2de19e450b607d42aff80355da0,Kuching,unknown
ec6dccfc0467bea1384117a95b3e21f1,Lagos,unknown
166300f525eaa1a870f12693aa2987f2,Udaipur,unknown
f29510fee48cc7ceb1a05f19e1673cea,Makassar,unknown
5e070bef418d2d7f0929bbd77c7a779b,Durango,unknown
a0b3b33370628a515526d95d49a278fd,Newburgh,unknown
74b8d83956c9391f4abd9f240c0f0a79,Cozumel,unknown
3a80d30012741c2a082f037da9b8cc0b,Krn,unknown
2729a3af76a176ec87e19c300dfe2959,Run,unknown
2320c91068bbd5a222a0c86da762c3cd,San José Cabo,unknown
e68ad62ca7d72ab0790ae40b22d144ba,Cedar Rapids,unknown
b4760d18d173f276654a9850bb04f19b,Hannover,unknown
0986750b8fdcc53ae75cdf285e1d8d02,Spc,unknown
e7b32b344614b7aae2b95a81ec06e0c2,Saigon,unknown
e3948f04ebbe18bcb0ebca768a75609a,Lynchburg,unknown
7c8678013c3b36fee207af6efecd4ae7,Xiamen,unknown
955916a3d8586753ce9c0d3cd0b5d8fa,Sandakan,unknown
dbccdf46411340ba11e84f775453f1b3,Kasane,unknown
712c15a7d549f30b686203a7b9a89694,Mfr,unknown
41e960b2d22b9dde1d3cea81f2219b94,Jacksonville Fla,unknown
dbe0da8a165f0785a6566c6981ae9cfa,Loreto,unknown
b472e3304d2701b09d7b9da4e422535c,Jhb,unknown
f1dff96d9da9a078a475e6967c6db24a,Da Lat,unknown
5e6db31bb07af3de9ed3aaffce8ba1d4,Reykjavík,unknown
cd8774a47c859239daf898667a8d3cd2,Daytona Beach,unknown
c7d30a55c66a3754921184186d128c91,Ont,unknown
664799bb140e2b0b87548314016151ef,Noumea,unknown
d6ff36488b68dda3e01dd9563cbee9a8,Vacouver,unknown
6d0094f6e437e96674bea4d6d9c9785b,Dillingham,unknown
d2be48aa9cefac902427a495b6b49de9,Abilene,unknown
9ce6e37f6e04420baad1379862fa079f,Tampico,unknown
8b802566125893db4110bb6618aa6963,Itm,unknown
fdd3aa88bb3780e7076beb9b1f90cca3,Bjm,unknown
6e79403179ffd36e17e5e9a5edaebc99,Dortmund,unknown
1bf4ad217c019b8b5de277abda158df7,Rockford,unknown
07297b7d6fda94cbd70e00ee99809089,Turin,unknown
175237a6401cd408b75b6ef49d5b82a4,Bogotá,unknown
94677c012b7bbf8ec182705e4d789cc3,Sfb,unknown
791a87cb1cb117d8b9478c387a07908c,Dong Ying,unknown
26791a7c26c419dfddb6bba89406135d,Svd,unknown
9f33b4c4183b6d40ab4761ef5c81a59b,Bishkek,unknown
0cb2b57300e0df6b72080cd886b7a6d6,Kauai,unknown
2e4053e674175c5a41522cc2bfe179c3,Bgu,unknown
7f16087cb45cd144ff7a794f9ae8b496,Zakynthos,unknown
9fe2ae5543411e2798b7af9413bf6974,Hat Yai,unknown
ed22f07c1dc7784c7c28d47cddd64a20,Tahiti,unknown
477331c8086aa2c223b48e069a0b21a2,Bandar Seri Begawan,unknown
d98f435e6c3537866d7c026feea895c7,Bosto,unknown
5e111c5455b5926fcbc1a94e93126092,Varna,unknown
ce7fb9124a3378c95135aa9f8ed0cb34,Kona Hawaii,unknown
bbf5ac125c7c24a819a5a5c46fe96cfc,Arrecife,unknown
5e8a953d1de0a0e5b6b9017c307ba8ff,Hamilton Island,unknown
137de2a2d3c6856ed578105236ea8ec5,Aviles,unknown
acf2913a1ea21cb0117af079c0d7192c,Syracuse Ny,unknown
f7ba59eeda5ecf46f23c54b55d081581,Juarez,unknown
02fc814f15b2898d164d0a39c39b6ef3,Erie,unknown
9bdfc239ed8a7e2434f3ddcb5c6c0c69,Skg,unknown
ece2897a715bdda331163e060fd12dde,Gso,unknown
6f0575c107489d0c7a34a521201fdc02,Oran,unknown
1927b132710eb86856065dd5b42cd467,San Juan Domingo Faustino,unknown
a7a8f0ff04bf1e8e7508b5f96bd84b05,Olsztyn-Mazury,unknown
be8fcf71c6ff738b3e5c19c3525bafcf,Cincinnatti,unknown
38f09bfdf5874a2a2fa27bb5c25b9274,St.Petersburg,unknown
bea206d6d0173f6d16220a0580ea6e58,Ahmadabad,unknown
ef9bb1536b7e960a1ec5b267aacdca58,Stornoway,unknown
1b76b54ef68a5f70831ce52309a23a62,Utah,unknown
f51096c58b3b9384ac7d7f0a36c11b07,Wro Viamuc,unknown
8fe8b75652f193df343b7a62c1f9c982,Agatti,unknown
0e87d5d28c04ad928966d5af4cdc2012,Chu Lai,unknown
34d07bb6c0c91a43d775c1b0d117f27d,Akron Canton,unknown
af08586a4cf1babaff8c4bb65cde15ec,Santa Marta,unknown
d6999a0ae8ee96127e14e5d3054bd2e1,Minneapollis,unknown
839184d4e1f549ad541cf4b482125a5b,Ind,unknown
f8550b00c18380d6858bb1fc92bcaf91,Madang,unknown
ff37b21d4a7e060f098778a7d962e211,Frankfut,unknown
d159f615192b3fdb98807fbc74e8a730,Autataki,unknown
f9bae3a9141ce42f3a9c962ee699daa1,Torino,unknown
dd960c4bec1bf736666e2fca19420eb3,Hfe,unknown
6cf071aa5942cc31b875e1f38521a7ba,Gps,unknown
6c1e9bf20d94559444584b3e522760c7,Gwalior,unknown
82f4f802a89bb733c927c3eecd120999,Nepal,unknown
7656a9f500ba01dbfaa9c3e2e26193f6,St Petersburg Clearwater,unknown
bf805caa9631c3d681d3377810655d19,Cns,unknown
8f38490d17362576380a3998ccb3e8e8,Tunis Carthage,unknown
54ffe48bf0da46b508cefe7274038b14,Ajaccio,unknown
3913c7f71c4c53c5e4f4a0637f5b693a,Split (Spu),unknown
512431da08805aadeddcf42c05af7438,Kdm,unknown
e37354ed6f78a0a8d4a48d54dbe90beb,Bel,unknown
f7dc4dcfaa704794f1e4cc30071b3feb,Tel-Aviv,unknown
92e2b305003bcc0f5a9cf23b486b8782,Alg,unknown
c9e92bcfa78118bda9896d43676ce0cb,Hi Cho Minh,unknown
9f3b7cfc6c9c24a21627d377765335ba,Dundee,unknown
d4d8ebcfaf1fffe25818e5b08bbef122,Tacloban,unknown
553c8b18c002ca48cfd0521c0e1dbe6c,Syz,unknown
9dd69b5cb140cd5b99ee0b0aabfe944b,Vca,unknown
ec2f65eb708451948814323fe65e7c18,St. Maarten,unknown
930fe04953d1e21665a7e21fe9681fca,Bern,unknown
c5796411cab064dcc598cc103674ff98,Destin/Fort Walton,unknown
5e9ff886d5ee9b6269bb20119be80a91,Cur,unknown
37fcb2e12906a8d32c3ceaa686a663d4,Ariquipa,unknown
9b68a5b30c55916358e5b04cbfd573ec,Hak,unknown
4e51f9177954279ab3988a9fbed52ddb,Caticlan Boracay,unknown
d131ed0bceb9163116adbcd1bb733033,Long Island,unknown
98197efee0b2238569fed090c82c51da,West Palm,unknown
3da9d67715a02c77a4d206f0005235a8,Zadar,unknown
c1ffbf2e2929846562d9465eb6b17c8d,Rio Hato,unknown
f83e83c34e323613ca55cdb5538d130c,Anc,unknown
bcf8d321039cb2fc2922279431fbafe5,Lei,unknown
014a3d9f4d6c71c5df5c653477b55186,San Luis,unknown
e965a78621c144944ab40f73224341db,Roanake,unknown
36382af09ff56853222e2d0eaf61f8dc,Friedrichshafen,unknown
9970809f460d3aa1646f3fd136e2cc4c,Fmm,unknown
fe165ffce4cfcb81e5312a8842ac23a9,Stockton,unknown
c0964fb1b7fd145923a56cc8f15db479,Jackson,unknown
a14cc25cc6157dcc573da01a8dfa0814,Ppb,unknown
e1f464880ddeddb533db380a19b7fc48,Hongkong,unknown
fff8391212b6ad2a08337aa954634f93,Jsi,unknown
4eb3ccb01a1f4220e113c412b27a2eab,Volos,unknown
beb24224dcc1b6e524b4bd9cdaf662f5,Grande Prairie Ab,unknown
67a344e0e95fbee2ff2d2fa3bfc0eb08,Swf,unknown
f8028e44c2f7e49531d0d0d58dac758a,Uzbekistan,unknown
fbff8927d0c212a551c73076a239a59b,Trang,unknown
d3956142dcffb21349845d2081a8ea0c,Sabah,unknown
54699059da15c0e93c2aad55b82887c1,Târgu Mureș,unknown
718811239bde2d8bb5a4f024f74f50d7,Ubonratchathani,unknown
1576bf4b4227be077f234d89784b763c,Hkd,unknown
b60dfbcc2ca0be28bc1171e5baa4b91a,New Plymouth,unknown
40861c58189037d43ccf8e3461421a19,Lug,unknown
ccc1ea561c31865d078a649dcc2e8362,Sudbury,unknown
3a1d4b5336dba62b387e32822a469f8d,Hrl,unknown
85c1f81391619dc012731aa105d0be42,Martha'S Vineyard,unknown
9c3dd76e23cdd62c44a9145c89c4e949,Mazatlna,unknown
3c3c2cc02f232b59594b3b364c75cdb0,Hollywood Burbank,unknown
bbf8ae4f9f43811db11003ee9dca3df3,Jhm,unknown
d2b355f04960ae867d2bb23df0d78590,Klr,unknown
d6b2dbab06daad42d2b3ca3e1407127b,Ft Wayne,unknown
77f616d76035dacabfc154a323ba64df,Savsnnah,unknown
734c4d0567e4eefcbdf6bdcb52c36e22,Nakorn Si Thamarat,unknown
8ad72895b0965052e7b19bc0c03691f6,Mdg,unknown
2ef7de35ef4799404fda2b1a77db3978,Yuzhny,unknown
bc31646463b800343d15395c00811f26,Hanoï,unknown
95476cf1eb298a7af2d577e02571cd90,Instanbul,unknown
3f9818307218fb64eb337571260fad9e,Baranquilla (Baq),unknown
e2222a19545bd5a627172800d864e3ed,Ancona,unknown
c990899e652be6912d6a92178ccd21d1,Ygn,unknown
c31307d32ebfe50ac2acd12f2f992436,Hau,unknown
9fc74f800019c1ddea46f26708410c1b,Labuan,unknown
e1e63553c5b435b6eb88dda9275739f6,Tab,unknown
e660d62f04bdbccf36a6237ab938ce5d,Janakpur,unknown
e69f36190c29832d0bb13033680df53e,Prestwick,unknown
69df880a805f84ae1a5d187c77bf55cc,Taraz,unknown
147d200e5bea007e49e55baf8a579f01,Dabolim Goa,unknown
f5e59449c67af65677debbbfd0f0e143,Hiong Kong,unknown
8900b8fce4b1236e1d540134fd25ae38,Idaho,unknown
38d9b6663071d9720afa7675b0fd61d8,Cheboksary,unknown
edf586d97722071a0bfce9a497e1591e,Boson,unknown
ebae6fc6aeedabdfdcc524c2d2334007,Sngapore,unknown
e3bd0bf511a819f569881a4c5d5ea535,Sarasota Fl,unknown
3c933410f098d39cb85f06f8af7607dc,Switzerland,unknown
eed2d8712f3ced1399cf206182bcaf28,Lamu,unknown
0282ce0f5dcfd4e8a8102e01cd52d62e,Durham Tees,unknown
057c45baaee0f2104d1e84d4f00bd3f5,Marsh Harbor,unknown
ed4949f5dad83f69b7b11eb388764232,Paramaribo,unknown
98461239b4ddc240d62b7ee5a95cab77,Don Muang,unknown
f1135ca57b9168b403e3637fe2c32a0a,Dalman,unknown
03a69436595f4ade50fcf8069a8e1691,Chang Rai,unknown
7d1b864853d4b5288e0aa1271ad0297e,Portsmouth Nh,unknown
e7a8b281962067a99dfc2cb78af9cb1c,Panamá City,unknown
59c144bf4aeae0f3361e1f06feb77669,Ajl,unknown
4190369562371ad1de46fe934d4200f6,Hô Chi Minh,unknown
66315b4cf82b49adf73cee5a5e96de84,Minorca,unknown
27184a15983fed600ad9d127d7c8ae21,Saranac Lake,unknown
98f97f1474717b483a52e6cc090c0de5,Kuusamo,unknown
4a20bbcba8259d3692cf969d022e25bd,Amburg,unknown
cfaaca24aad6bd5842927fbfb7bdc27d,Buon Me Thuot,unknown
488d1938fc53c4c8a4b661f6c7d0cde2,Lbe,unknown
e8a8d97e251fde087cc7dd26f805fb68,Panglao,unknown
6d173b2a1bcddcffbe743e6b7d44dcf5,Vasteras,unknown
ffeb5d8c1956cb246082f4c626fcc259,Sihanouk,unknown
bb638d47ee409479ce63d394d37da806,Kmg,unknown
ff6885a7f8b034b9e14a15647eb2f3b5,Zmir,unknown
b1115d95bb34170463b43916c8de0e9e,Osaka (Itm),unknown
ba8bf8fbb1ce6f52f41efb17bee4f141,Vidyanagar,unknown
580b548e603eb3d1b04388539fa8ed0d,Hong,unknown
6c45a3baf7b84e1444dd32da6d2b6a13,Cfs,unknown
eb7d9999f7d746c5664c47f18b6050bb,Ccp,unknown
5372f194ddc618abf851c0e7d623538b,Takoradi,unknown
ad59b2d97be0f999dbe5724586663d0c,Bora Bora,unknown
47c0378712b89ac49217c09d3fdbb1ac,Simara,unknown
26a119f2d290037b0ef239435c20a387,Bir,unknown
b4ce9272e920ab8943d1e076e41ce8f5,Sud,unknown
f2bebdc4277bf77e3af8ff205f8a37cb,Hefei,unknown
4d43f830177c49b7374456e3fd1a2530,Ho Chi Minh Coty,unknown
0d25d443240fa9e5350b38a09d89b881,Huế,unknown
cf11605e122178b73b30fdd4f922d293,Nlk,unknown
b7630d6d429f8c06837719a53fe7db69,Loikaw,unknown
edccb67cdd8d15dfc3f04e95000a71fa,Clinton National,unknown
4033e9c99aa4e583cebac355cead795e,Nla,unknown
739035cc55b7fdf28027e6bddd404a45,Lihue Kauai,unknown
6b15da0903463f1633de942a319da850,Aeroparque,unknown
baa266507ef50268b1cdf995b93c72f2,Peking,unknown
9ac7a763643575e7ea24760623ac58c5,Reykjavík Keflavik,unknown
43dd22ff268760099563ca123ae295eb,Lpb,unknown
6216537be6e9bad7eea20318d79a3820,Santo,unknown
611bb78b998dbc985fb794d7c0ce951c,Sharm Al Sheikh,unknown
6ba20c455915a5514e01d1dd8f635ebb,Sdyney,unknown
300274a6bdda1d3ee2dbc7ec2786ecb9,Chi,unknown
7c9f861bd742e49a0373b14e51bc0027,Odesa,unknown
216a8bfa850654d0f03376e6b760f796,Jeju Intl,unknown
9232112c6ead308a97e9f2c312fdcb37,Reagan,unknown
df823a7a028d12eaf40a1dd24cc3dab6,Foz,unknown
36470933c8e85eaccca9d09393c9b07d,Nîmes,unknown
a53c751db5f674ca8fb1660b7433d7dd,Ft Walton,unknown
ec681984f103054e9b4daff6e8939438,Krong Siem Reap,unknown
cbc5f4f5be2e4e4fc5065fcf17176392,Amarillo Tx,unknown
b042b405e25196bb53f18dbf971a8d5c,Palma De Malorca,unknown
a347e9fcdeeee3b4fde5557c2b390eb6,Pakse,unknown
98e0f747966a704791bd636bda7d9d3c,Ortland,unknown
83f8ecc1e2f1dd9b922250c074277560,Uruguay,unknown
5e90ee28ae669c149a6d4d44ac57ecae,Ysj,unknown
e5cc8537d08ddb6d659ecce74ea61d6f,Greenville Sc,unknown
9e1c8319630d10d60feac7acfbe6cfc1,Vanvouver,unknown
d2ab686fedf04e7ec91076b8b71c2ddb,Jashore,unknown
b5e792a6b97c61c26463cc39b94750ce,San Juan Pr,unknown
7f427751ce6a8d5fa905212aa96b45ce,Warszawa,unknown
2d8fede1632f93499cff1d743fe5b880,Puerto Villarta,unknown
52a355a70ce95fc93c9ec4f59ee52f6d,Guw,unknown
cab7f916f663773021e9be5b3584301d,Minneapolis (Msp),unknown
24fed20ac428e8acb11fb0652f3cd68d,Atenas,unknown
a81656710e9a40e0ba745f2ef1379a8b,Ges,unknown
0a905c20ce636dc905708a89f5183063,Elazig,unknown
7642046097f33bdc4a788e6b2c963c87,Kuala-Lumpur,unknown
6268ca7218dfa71da7ab1553a66d7e02,Bardufoss,unknown
6a5a072d05f01e3adf372d5244ee4cc3,Aja,unknown
3590baf21da259921d56dbdb20e16b3e,Lar,unknown
023e7be3e46e0fb2fcfb2592f726374c,Saudi Arabia,unknown
33c42fde39dcc77cbea1fa8a0e9472ce,Amsterdã,unknown
cc21eb3f30afc3ba603177b8aabd8829,Imphal,unknown
56e0e03d2332d775a59bee8c2510a525,Maderia,unknown
f407d0ee9b141748b67cb77b60f57020,Kahsioung,unknown
ae55f50f156917e4b451539aaeefce9d,British Columbia,unknown
33389cc3513951e3af4b307b068b57cc,Bpt,unknown
e64feae127a0ec52b98302997cdca39b,Chicacgo,unknown
1ddc0c2c1a3f65267ee8c3158324b7c1,Lakeland,unknown
0c33718b98ca83df1d97767ac1bee602,Last Vegas,unknown
7f326db9820195be77b7fa5f0769b09d,Aug,unknown
80b5b091ac871256a2cd7f718fdd5f15,Gri,unknown
4fdf3a4792d947d9a50312db217a1439,Cockburn Town,unknown
2b43e34506984db97b5978c6e1a2e6ba,Pucallpa,unknown
418fb8406727e01a43952d23af78470f,Latvia,unknown
b72c40d635b0a6f354e820886f7cd8a5,Canton Akron,unknown
0c78b883bb16ea7c12ca140813781e23,Orlado,unknown
eac2ca4e6679026176f638ae62eccc9f,Pasco Washington,unknown
b5a38dd3b411de0f956effe3c8d8b6ae,Foz De Iguazu,unknown
3ad833e13526704eddf539861a505155,Luang Pabrang,unknown
d61c84d17aafa05fc5590ae99eafc410,Boh,unknown
e31d43edf633306aac96528a413e270c,Paraburdoo,unknown
d61ac20b5edf1433f2ec6afe8a443f52,Tuticorin,unknown
55dcc4bb0c537a505332cc50a9520ed4,Okayama,unknown
998a2506c4c34ffbc3cccd6ea42c2362,Bxh,unknown
802ef3194ff6f10ebc446e4b8278defa,Mccarren,unknown
142cc046854c8ed1f8e1cffa2ce03ade,Buenoa Aires,unknown
5d6957c299418aedd357967cc72832d3,Ogdensburg,unknown
c58d16d640d2d0fa2cca428962ad6a8d,Phx/Mesa Gateway,unknown
7e64ae1756c591f09c481a85dbe5c518,Totonto,unknown
201782d34ec4bae4158db1a46f98b50a,Siam Reap,unknown
5b26e1ad5db147d5b0797dac4c41a4e6,Hurgada,unknown
f9944252a367889fe3fa4f945ad149c9,Oita,unknown
44fa5546cf993acce95e4563773e2fd0,Hibbing,unknown
9c104ac921ea3c3bef88dcaa847f9ebc,Reyjkjavik,unknown
c2cd881153d8c9cae1f93d00dc712fd8,Maceió,unknown
c45ed23d3cf5b47216cc0070ebb1f7a1,Vno-Fmm,unknown
9d701a0d5c64953bd7b44706f711bec3,Río De Janeiro,unknown
b55fed9c7577654324101d9c8521f364,Omaha Ne,unknown
ec295cc0a623938bdb57c12af08525bf,Jaffna,unknown
4723df3d0720b174bf11c2218d295832,Buenos Aaires,unknown
ff7a07288bcfba703caccf82a84e68a8,Lappeenranta,unknown
93683752a78d027060b51bc8b7d12eb9,Bogota (Bog),unknown
74b27d35e6259ea423b0161a56588305,Kewlona,unknown
9292ff4c43e996d6f6853f825a208db1,Ho Chi Minhy,unknown
f106842dbbb9016add066b08d3d01ba8,Zhanjiang,unknown
87eebd225460c65b6046f519fc104e66,Portblair,unknown
4964b6cc7a69b46434f159d400a73d69,Bahia Drake,unknown
1c7259b6881ba5ab0513c8789f1e4906,Redmond/Bend,unknown
79d261ab21adef15ec822edb7b1fc1b2,Yichang,unknown
30318187c69e564d6d2f087248a601db,Bimimi,unknown
aca73217ca1832d55dee907ca5153968,Rzeszów,unknown
8ca44cc9df252e6b0f6935b962772605,Sangster International,unknown
8627ad638771239dba40854981fa4c08,Afghanistan,unknown
c556778734986950344a21f57b49e098,Culiacán Mexico,unknown
d1747f3833dbbb4c259f1966f6bc99be,Redwood Coast,unknown
8ab895ded871cdfd358f6c7f723e1a14,Matsumoto,unknown
6f42a6933b37088ac1e798c01567dff8,Victoria Bc,unknown
5035e9145ae39d15b2d3085c75089c27,Coolongatta,unknown
20af64265ce4358c9488e5f537caa64d,Eas,unknown
909f253bdcc0e09897a248582c45b8df,Pia,unknown
8c412de4f3f9983458907579a0ca209d,China,unknown
2c42139f3466879899b85d809c7e7d0d,Bercelona,unknown
b1127782367be46a98c4ae465e5893b2,Slu,unknown
1ed0038d59ab000b26dff55e1e076ff2,Münster,unknown
630c2061b73894749605a1c482db9b88,Hbx,unknown
4dc8f07796d11da4b3f67da2cfc4347a,Ubon Racthatani,unknown
4479ab052ca09d508d53bbc008765db8,Ciu,unknown
7ba322127880a159e64b208abb96b6da,Kalispel,unknown
42b8e5bb6fd1b1ab7e9bd8e6e6dfe894,Albuquerque Nm,unknown
2807429b7d496f1d469b1a8c8a0faafd,Ashkabat,unknown
2a19c2ba1243263a4bb530582008926a,Linyi,unknown
26c2d0815152514db6b87fea25e6bf80,Ancona Falconara,unknown
2ae894d5099b102792bd348827c1c1a2,Vps,unknown
a03acef7c5a4021a88bc9a2c44cfe509,Raligh Durham,unknown
699ebb37ea7a6f771b457608f4eba615,Santos,unknown
0bdf2e4e14e53a767822943f769936dd,San Sebastion,unknown
de9bf832915200c21396041face5dd58,Ho Chi Mình City,unknown
cb68509029063ada8069def20daae818,Benghasi,unknown
01b6891ea0087d5d13df5e565d7948be,Vilankulo,unknown
947e99f7b528cd4ec198108daf38c17a,Dil,unknown
0672f52644bed926d49df221f12777cc,Leon/Guanajuato,unknown
b634ae1b433b9573a94a7f6e2f412126,Kaysari,unknown
35c6dbba4940b050c1e4b6e9f95e4c4f,Destin - Fort Walton,unknown
61622f64751104787b5f40d91fc9e46b,Charlotteville,unknown
93ffeb9ce2589537d4c2dce3f6adccf1,Malke,unknown
fdb9ad4dbcec2667f7c75d978cb44e07,Kilaminjaro,unknown
b2dfc05bde369b4e6e269647562cb121,Clarksville,unknown
f67a30354da2bc1b95df77e90122a278,Tonawanda,unknown
f23e37335ec56efa79f5726f8010afeb,San Angelo Regional,unknown
a5409ee933b6b1169bd9224ffdd49cf9,St Marys,unknown
49c097cf44d9012551f5e4535ea303c6,Cloncurry,unknown
038466fc62ef43cfc0d4ac0b8a29893c,Barnaul,unknown
c1e4773ce8297a4415c7656514f03188,Gtw,unknown
1cc6f4524e7306f9fe6d627de965d620,La Guardai,unknown
610e3a578e8e54481a203f2ff2667184,Destin/Ft. Walton Beach,unknown
046960347d6e51efa428f7d3548f3442,Gay,unknown
6357f6431f62a87f32cf0958068aefb1,Egc,unknown
90881931bc792c13cdad704737b17ba4,Rba,unknown
bb5236b80025d8753091467b514f8d41,Meixian,unknown
bd184b20d3525b8c5fc9a3b21ccef8e3,Myrtle Beach St. Thomas,unknown
613a685d204c0731e994233a50a2f170,Laguindingan,unknown
4195ce42ff954b4005cf2b0242b71623,Casblanca,unknown
02786f7a46ad255e499e43e6691ae0f7,Degeau,unknown
ee93ed87cee32dc6845993b7ba6a6628,Casab;Anca,unknown
32a9ccef5ca3f1b82557f91bf5518950,Bejjing,unknown
49900f3a087b69381098a1288bc2c625,Doa,unknown
c268f997ed3cacc96703741b4cb4d28f,Montreal & Doha,unknown
add2bd349a95df4a9c344a1353505a9e,Abu-Dabi,unknown
b7fd35ff9c9d9bb4d9945a58caaf87d6,Tmm,unknown
73a85b1d3d4a04f174a1572e51c38b99,Ashville Nc,unknown
b97b03f2086bade1740f96de4eca78b2,Central Point,unknown
f2d40c2738ddc68900fd98ab517873cb,Chisenau,unknown
d259809f570fa6cb51b95c59b1354684,Orinda,unknown
212ebb5295b9d949558a71c9addd8675,San Marcelino,unknown
5a15c9f4e7ac3af6bac9dfee651b4f18,Perh,unknown
07ba59c7a42a757be164f0ed8b8bb73d,Kuwait / Shannon,unknown
3e9afc36b663de2266592d07a51581d9,Cancun,unknown
c54e5f6094c94714f963a08bf676d2c3,Hobart,unknown
e2e48e30b0c200c62c62cd17bec5906d,Honolulu,unknown
a14d3c94ae941a3b5e190a314c6ac62a,Skopje,SKP
6b696c37ccfa288a054e78a21c498d18,Guangzhou,unknown
1cba356274c32f02852b4d919175e58e,Bologna,unknown
e957db9ecf0fd7ec93e41a07afe80047,San Francisco,SFO
680007c470d4dfea45efda112c04ca43,San Jose,SJC
1f2a8113eb18a0a3265996b450e55370,La Paz,unknown
48a0f8191e58ac9a433ac141f314216f,Brasilia,unknown
164ddb080db63728555c71346e371068,Baltimore,unknown
0bb73e83557c35c28d454340df2075c5,Santiago De Chile,unknown
c998288a56d7e73756524c70cc85b95a,Shanghai,PVG
3559b274f52a657e0320dc3dd38a38e6,Ft Lauderdale,unknown
604a995cdd8eaae86319e77f551305f2,Puerto Rico,unknown
e0dade04d9a3272469ac1344c8711ca5,Chennai,MAA
cc0c0684e6278da2c4c65c76a5c176bd,Accra,ACC
3dc8539f0f3ee2032ab0b255f4134e5e,El Paso,unknown
9c08c15c50bf83d88aea0b05d253c260,Knoxville,unknown
b72dd30c95ebb22f4edf9a3fc88b3acf,Panama,unknown
99b8a1107e491dd42518ee8a04658b8c,Pom,unknown
c8f23424316ba2685c8af6c22c9e091d,Wdh,unknown
87af1174fbbdf223113040ada1ae1d49,Sofia,SOF
1478d5da684ee8050733563c4804141e,Entebbe,EBB
0ccb3ec43b430fe812d8b784125681bc,Cuidad Juárez,unknown
037c0fc694a89bab1d53a06fcc1527f4,Ktm,unknown
ad92dc451974520cbbbbb836b83da343,Yangon,unknown
ccf96ac832146807e8b13bbc8178862c,Dalaman,unknown
53864c0bc2aaa252ee35f643f824e350,Fuerteventura,unknown
2ce0bb222c6eb78871b8564894c735c3,Kef,unknown
00f53d3a0aad2a92730e4f364fdb9133,Liverpool,unknown
e0add4ed28bbeadf84c0afe2ae3622cf,Corfu,unknown
250f315d74941f902684e128a33219d6,Isb,unknown
903e771c4d4f94b2641762c43ca2c171,Irkutsk,unknown
5dde3db3e840fea4f9d0e5873248eb4e,Marrakech,RAK
73132e8fadef8fbd00603642f2bb4e5c,Rennes,unknown
543fff16184b981aaac2c34bd08c8212,Casablanca,unknown
d55e53de07a97967d4eeb54120098775,Omaha,unknown
1d376196f75377c51bf868087d229f3b,New Haven,unknown
e69e165051c9313ac5067f3802599cdc,Graz,unknown
ddb46f7c0523a7251e95111dcf8e975e,Mcy,unknown
1e05ae6e482f93584787889264816888,Monroe,unknown
e0b7ae00fc24ed857f430b45837203ea,Tirupati,unknown
c9069ba5121a3d684f82c652a40e3cc0,Sakon Nakhon,unknown
c0e82439a0969d93d71dc866b853c210,Skyros,unknown
493c46b1a9ed9c60bc7a0102509b7845,Rdm,unknown
7b72f090f6b724cf06706225af68ff84,Chiangmai,unknown
5c2be2f6690668f4ef511e8ac786f68b,Smr,unknown
c4d14962d150815f7e5f3d0692427f73,Hawaii,unknown
1cdb24a6643a56ab4ed3150cb0b93526,Faisalabad,unknown
70418584a451fdc6a4904500b80ef1e5,Ha Noi,unknown
7c6be54bf77825bbdb171b915ecbf161,Memphis,unknown
9eba020aba961316ad4d853a35ea5eb4,Poz,unknown
63a66281428b15bcccab515c87c6fd4b,Medford,unknown
4887cd1bb0f37010c3d7cd8e9ae59e6e,South Bend,unknown
9a363700fae933e433da270628e158e4,Pekanburu,unknown
3f66264d90be26ed91429a40f7635b07,Saginaw,unknown
a6f4e3d662843978f02c893e1e1a06f6,Ubon Ratchathani,unknown
9c6949ee1be97863f9c3811fec3ef0d6,Sambava,unknown
18732c00f05c451780e24baaf2e77026,Jeddah,JED
c72dda4ae867b0349906f5417e0d10d6,Ohio,unknown
b55c3027f94e2757a33110bc38351211,Kuala Lumpar,unknown
c518d3f8d1e1ff62e6725e8243861510,Launceston,unknown
6cc01ad4db77cd96aaa01f0154e21381,Sce,unknown
cca50dbb1ba5ff71ea6d42f77e16cba9,Twu,unknown
04dd499f70cf6140f8577bac03bfee8c,Diyarbakır,unknown
99d207d02ab40fbb1aa673279cd7541d,St Vincent,unknown
c48b041f168c87b44a762c12e1313ba9,Nanjing,unknown
ddeb9b1778bd082d0caedbf44e10b524,Green Bay,unknown
1a26cdd24432a8d3703cc2746d598b7b,Pnt,unknown
c51e2394f58429e6471be27ff19b45c3,St. Louis,unknown
2ae202dd4495c00042096e1abc3fdeec,Ktw,unknown
3fefa65a066e97f7b9edacf22b1c76df,Belleville,unknown
641bafc46b5850188eea05f21161377f,Binghamton,unknown
1a14795ab0b13e90057055d81a749f76,Kigalii,unknown
fc6efc3c13e9bc3f82bbff4f5cd7297b,Dar,unknown
1c16855071e765d395af09c164b18cef,Tallin,unknown
7b17b21a10f053bacde47b3b7222e54f,Saint Petersburg,unknown
833a503fbd9004e9f0b9ec1aef0ad8a8,Washongton,unknown
346e6cd47a4e1b56f33eb577a8281370,Seychelles,unknown
33c510f9678c834602805f804ddcd209,Sav,unknown
8951bc3298c633d8a8759be010a61263,Sao Paolo,unknown
61630d3fec0ee62a00554d8e5052cf87,Wroclaw,unknown
01d58daf77eabb1c8f38452728b7296c,Málaga,unknown
def89b25ca359edf620c050d7b080878,Netherlands,unknown
1827e3b112bca10e27ea6a49cac9cf54,Port Vila,unknown
ccc65e15e2e4e57dbd8238ee5f717d4a,Aarhus,unknown
344e2eed1d68e7c4d024f98252b4514f,Philippines,unknown
443a8c00c45a9cf9817e36abb0497bfc,Ayq,unknown
a6a9678c0639a01f7ecefa774a3d02c0,Seoul,SEL
e4fe61b5c313cb1edf74e0076bbecf9f,Fnj,unknown
e5b67f8c4ba76e3ddcc2508f264770fc,Ercan,unknown
22215001b5cd41e0384443de3d4b1a42,Huntsville,unknown
b87621cffcb091c5be41e768ebb22a1d,Cody,unknown
a4ce48ebd4e5331737ca0c47650ab950,Sub,unknown
d8386c9138ce7fd79135a1552885db2a,Legazpi,unknown
904774a5fa268835e948b7507256ff7b,Sre,unknown
2222b39ae21dc03c57816716f47b875b,Cbr,unknown
dcf2170fbacc83124eb4c1ff8f564a1a,Vigo,unknown
8b76fae62e83f68b839a8b74f87bb348,Ytz,unknown
77cd040c598b77cb76d476b83f4b1cb6,Košice,unknown
75c7408dbf420dc27bc3449a98ec1e17,Montpelier,unknown
81677cba4d67e3bcc05911908b78f435,Williams Lake,unknown
528e9b89e24be3cfc618d6ed4431665a,Norwich,unknown
900f0edbcd07746bffe898792f768427,Gdańsk,unknown
39b092b5c2667a8350914d404d56550e,Erbil,unknown
ae235ad08a31755078ec16efb60edb55,Bragança,unknown
dd7af6b7e58416698ef6e05c2a34f183,Syx,unknown
e44273c4371c6a7ada8f3db3fb57d692,Ranchi,unknown
fbe3b3063b6a6f44f1a308f59d3b39ef,San Pedro Sula,unknown
b127d08a844d2ce87951826e2dd252a3,Indonesia,unknown
9da6d107af89750773f03bacdd3a4bad,Caticlan (Boracay),unknown
b0811af7c4d73a00cf6c88203132578a,Johanesburg,unknown
dd121047b59a1c55ae0e26b75dfb42cd,İzmir,unknown
4d8c77cfedf5ee840ec7c8c4acd9ab67,Santander,unknown
152d3a545d25b790fb56dd2977ff337c,Marseilles,unknown
a2191f9d599326889c343188816568f3,Tyumen,unknown
b1913f30a7c1ef676e69fbb954d1193a,Vadodara,unknown
65c372fb66c8f0f76309b58e4934717e,Iloilo,unknown
682e5811d423c1676b67e587c12c938c,Berne,unknown
0edfcbeb1f74ed1decb9ca3ba1633149,Fort Worth,unknown
a6c9d3a418d718eb41a3c30aa376adcf,Petersburg,unknown
4a2a4f538e6e490996b43d6c75437903,Abuja,unknown
7f2954d8cc8c3ff219e81089d3edd85a,Yqm,unknown
5f119f4a5241003d437975e8da96a977,Ulanbaatar,unknown
6b9a6152aaeb1b6deb6df7f5a80ce23a,Atambua,unknown
30154ba8e402cf6911f0880254ae7b17,Gua,unknown
c093812bb3715c1e0534d0de1800db80,Sdq,unknown
422451d34d1dda3a4cd0f236bb131d59,Siargao,unknown
9cfc629b2965d70ea87350b3533562a1,La Rochelle,unknown
65c8238e912002dd5104e98af566ba8b,Nay Pyi Taw,unknown
ade93602b009051595c3b9df1fcf7d04,Baghdogra,unknown
263afcba8660441b9a73233453439aea,Morelia,unknown
d72d842378c046cffe869e63d825daa6,Larnaka,unknown
c2bf0e78ca81bf58465bc646e121f4bf,Pgk,unknown
e9e9f9b1c1fc3b1fa5a067438ea976aa,Sdf,unknown
121272499655871b317992a4f7a2d326,Hydrabad,unknown
48cd09d256d77e140595417c60e77c43,Mpm,unknown
c203b158516f4cf39bae30ac9657ba83,San Lucas,unknown
dc89791fe6a550b2671e7d56647e0b2b,Coolangatta (Ool),unknown
cabd77d750bee5ae29382e2fa510bbbc,Mqt,unknown
36fe894ff480310f9f7663cf5d6062ab,Prosperine,unknown
c8358562e00f076ef138eabcbab50574,Lgb,unknown
b95d5fd62041c9a01e7cc40dcb2385f1,Grenada,GND
c0f8ea7afdc3e350285fabd3ec27357e,Gau,unknown
d4e6df5378de410ae6bf727c7760fd90,Tambor,unknown
8c81fd7217bda5b714ce93926eb9e863,College Station,unknown
da512a94400e1929b47e2c7eb9ff1914,Doncaster,unknown
4a6407c1ab5c7a99a330f57d752e5ff9,Ljubijana,unknown
7f71dc142cab57c64c4ec23cdc638725,Nagasaki,unknown
37b4d9b1917e1394f3efb0057181be4a,Harlingen,unknown
ee288c3fae32e9236c09edf666ebadfe,Esbjerg,unknown
596bf8a89fb2a0eec145941901c192d5,Fae,unknown
684e6fb56a9e11285460e54d0f31b5fc,Reno Nv,unknown
eb5b6fcce301c5894c36944571f42726,Cluj-Napoca,unknown
568d75b0ce06290256288fa4bff0b5bf,Bll,unknown
dc177990d4c16f68470868e9e551d356,South Caicos,unknown
f61616ab666bcd0a2ee99568a9e1a24b,Bki And Return,unknown
903ca026b612f69b464d4493e2121400,New Brunswick,unknown
f115a8f4e5d648d01e2ed822b13b1d1b,Sapporo Shin Chitose,unknown
cb6f0daa8c83c241e85e49a29d5659ce,Panama City Fl,unknown
abab01903badc2847137087628348135,Tarbes,unknown
c407d4faa6e5ed370036fcd60ed215a5,Kuantan,unknown
0701b9ca38feed8cd9ec6cfcad477682,Casper,unknown
a8b22205e360bb58642243521c1342c9,Nyo,unknown
a4084f038a0dce16f884eda73c727b14,Meridian,unknown
8ae3dc3a78a9b54cbb8d36647a7b8c13,Iguazu,unknown
cd24d6dce12c51e4e1781d5381590c94,Palma Nova,unknown
d9e5ae4a2463309373193ed8773350c1,Lxr,unknown
2c607c3b2b173313180a9990d2bad150,Ybr,unknown
ee79096d6f8cac03bc1f5a1e248e5674,Lyr,unknown
6d9b596d7979b039d0a64ce04d6243fa,Cek,unknown
56c1addde4c2e7b0c652b32d7427447d,Kalymnos,unknown
4148c3d9459ff807a9c38a7d528122bd,Columbo,unknown
99414381aa93476e21ca1364ed1820df,Eluthera,unknown
62a2760155d42658de897fdf3d6541e7,Merimbula,unknown
4a1dd97afb35f22a48a016531d9c0492,Lalibela,unknown
6682eb894be314a78fde21fb1141c0e4,Yinchuan,unknown
dbafe7ff809e46602fafe590d63fc215,Harrisburgh,unknown
b65acb11d0ee31caccaa29ce1888d938,Goma,unknown
d853696e87523d75943d04404b6a551b,Minneapolis St. Paul,unknown
67f9c825b7d959f400ee849e32692211,Zha,unknown
06789100822efdc3242f753da67b4be9,Hds,unknown
e390509ff02d4e6d1d2fc7cd0ee3ddab,Tap,unknown
b5bbdde385bff429ce99b10020569cdb,Goldcoast,unknown
b5b3189a3d9416e405c534dfbbebeb3b,Hayden,unknown
59bcbb0dab1844b312259c71d559d64e,Rze,unknown
58052cb6670a793355cd18158a91537a,Ft. Laughterdale,unknown
bc4a314602bcbdf9513ad94929eb66e1,Boa Vista (Bvc),unknown
0768d37c2eeed5bbd3a641b120ecd0e7,Halim Perdanakusuma,unknown
0727a5311dc6addc04a9a7bee6cfd5d5,Tanna,unknown
21fe17dd22309c68e1796f2d81b4cc76,Mysore,unknown
241157c051461d50f09f0752e4c4dd90,Indiapolis,unknown
6c7294eff3a5657d6606333615995eb5,Makasar,unknown
17c55788ef6dbcec006676da01ab9cc3,Aktobe,unknown
07fa9e7a4e15c7a14a4a9c9fad6417f5,Wichita Kansas,unknown
b53499ece3cbd24f2165a12ab4053950,Nha,unknown
882a0acaa47c2bcfc494ee5b4f87da36,Pleiku,unknown
ede5bf71811ba96161668d88a9af53d3,Brazil,unknown
94947b8e5fa4546ef08bcc8449df58dc,Sti,unknown
12b65721a0ac527f8b9ddf5df69f0b06,Saint Prtersburg,unknown
94489a08a74b80aae13d6d15d701fff7,Holguin International,unknown
2fa9efd082e6c02d3331a62c0c4b2b4d,La Guardia Ny,unknown
1719d65610a5d440edba558c5e50abee,Dibrugarh,unknown
2688d3c1a2be33b878dffa0c487fc25c,Osaka-Kansai,unknown
e3619a70048cb2dc8cc2841736efd6f8,Puq,unknown
35956044fe7c908e2c362087a9f94925,Scott/Midamerica,unknown
981f6c86e20205c8ccdc11c15e814a3c,Nebraska,unknown
54b256ef8d1b5ddbb817a3358d093343,Kishinev,unknown
ed0afd2ba91720986a662cf1f635ae3a,Sitka,unknown
f057c6d011e95eba2cd961f2ba1b5132,Yerewan,unknown
7f7e5bcbd3db21d25dc75025f8302bc4,Cky,unknown
9e768c18466245c5cfdbd9d7c1299566,Béjaïa,unknown
bab3aa42f0a7fc4f57b10e3f29b14375,Npl,unknown
784e978f07bfca8675407692a1591ec7,Brwownsville,unknown
8909a777ff133ad04bae4b6fbdaeef68,Ixe,unknown
251f1df19665c122a245c5d087af76c3,Anr,unknown
0b546953cd278f05c7b892fc57b7646c,Senai,unknown
9a0ffa905cb048b9471633b4f8c47fd8,Djb,unknown
627e87063f9be7f24824a3bcd226ec7f,Klagenfurt,unknown
698fb113e9b19d8f4201f739b69582cc,Allesund,unknown
708b8775808e9c629d1ccf915d374a75,Newman,unknown
5d37bb356aa7f220350897b47456a14c,México,unknown
1c88c1322bbf6b3bc6b55e9103e00d74,Cho,unknown
22b7104c2168d9edee8b71aa65b61141,Franfurt,unknown
6015ae4f1cc09d65d9bff3a40e063c11,Khonkaen,unknown
fd4b889446cef09218572ead9d46b3db,Kathamndu,unknown
9827f01054716e6ddec1cc153444f322,Mammoth,unknown
0a437e0f44e8cb8820edcfc6cd4f9743,Kenya Mombasa,unknown
d42d37132d4b6b6d9d98d42601a408f6,Breslau,unknown
c1fe4d82d3975e8a6160c0602979bcaf,Sdu,unknown
94be29dbf5fb8d88172b3b0da37f5c0e,Bsr,unknown
2c5443a7c70b2263f4a898f4834baf54,Beinjing,unknown
85d09201474a333a0031608f602464ed,Lanseri Intl Airport,unknown
dadb4f6ea5162646e66bc6e99b54970f,Stw,unknown
6d8b0ae0a87357df17831e73cd06c1b0,Clovis,unknown
12acc986469f04b1d0a040ab39040ba1,Kanpur,unknown
68c587ef30f0c0cb601cf34fa4ec0cbc,Ysb,unknown
d29a5dfc13ce831ccbd195ba757565d4,Kherson,unknown
598c42679a46dfe32017ad6667a2c462,Seletar,unknown
c77070a8668a1ca755257ed084de4418,Cluj‐Napoca,unknown
50a8ce2fe2cc801c0790b2c953e213f9,San Salvedore,unknown
d18c20d9962ab5f35c062521ee9669e0,Grozny,unknown
86fbe062327d0a160c5601aad4e5d1a5,Santa Teresa,unknown
c3c636005a75b12afa5183789174c65c,Cracow,unknown
498c72753babefcedd5637716633b0d3,Mlm,unknown
64ab9bad1c8e876bb17caf75193679cc,Bjs,unknown
e0f6ad082d2466a4c6a2f3060a5bfa03,Tenerife Sud,unknown
c94225ad060de791b8731d9b0cc4e2de,Hua Hin,unknown
36d8c5a5147e292aa38c7ed60cbc5ae2,L,unknown
5d97d6c1e9584ec82a3566cc306172aa,Klagenfut,unknown
cc378b526510312bb0886f03172d7e52,Varnashi,unknown
f92e8cd538ad9176f2dbcf54b3d74b7c,Washington D.C.,unknown
1b989845f022e14a702ece07c0c45119,Kiliminjaro,unknown
2b7012eb52e307126710a572045c87a2,Punta Gorda Florida,unknown
5858af69bcd91b2d82ec1ba0845027d4,O’Hare,unknown
435c2b2a13778887fea5b68b57db0e7d,Puerto Natales,unknown
e84e982370f5810415db0f1dc5f74c6e,Akron/Canton,unknown
053c259e0025bd298183aa1efa04aecc,Millbury,unknown
4fa3a15f2a3c6155a46232a4bd10e7db,Fort Myers Florida,unknown
31060421d428b21d9db3cd1a221a0f9a,Ottawa Return,unknown
7b0f2a375ee0c5cd67486f7f383ba458,Santiago Dominican Republic,unknown
773317b3c806be29b752796385e6a1e0,Uralsk,unknown
e6a717b94cf6db035ce4b2daa77ea9b2,Ottowa,unknown
3cd499efe26c3a30a69ba6ea46f07f9c,Pavlodar,unknown
02991e880e2bbb2b207cfbb8c1dbb692,Hhq,unknown
9d7207f3bef94d14f698be8f3a2942b0,Gizan,unknown
b84ef1367fae4a61b79cb6aba1baa868,Bruseels,unknown
754de92f82b26d5de637e6807fbd0007,Ghaziabad,unknown
86e4aab1a2cac2d64da10ff8c3651b57,Sandspit,unknown
511733e1740a682520e2ce881752968b,Ggk,unknown
fea1fb49cb056c94edee286c6a2a219c,Tunis-Carthage,unknown
8773575187ad326001a8b602afdf4524,Curacou,unknown
abf64b1822c463b207aa209965fd8ee5,Iguassu Falls,unknown
c44e179703ff5d833335677aa5c3e185,Antsiranana,unknown
cd0e973043b7e637713bc01c1912660c,Rejkavik,unknown
b62dc9cfa3dae8190b36018fbc63a17e,Laughlin,unknown
282d02a53fe6ba1448ad781889a54237,Ana,unknown
1e7fad73d668888a53815c6961221537,Philly,unknown
2e229e029ce31207cbcd6b618b147fb9,Henderson,unknown
d31d3bab162fd940d91637fb84dbca4a,Bismark,unknown
e55da64f7ba36784beb3a38ddf2526a6,Daressalam,unknown
6016d1597418075584a97e271f3b0dea,Legaspi Port,unknown
e8f91580496ac8978f4599ee5063a623,Galapagos Islands,unknown
259edd41cf1a00eb13345972c4eca8ab,Bauru,unknown
4e27ad6443bd2ce139380d1d2e9aed0e,Sgn-Lhr,unknown
0866a6dc2aa176649a709627e7259da3,Uus,unknown
71c75847786ae7feb64f65e6a2f08507,Urumchi,unknown
c02749eec9fe67cf86e235beb135d35f,Souix Falls Sd,unknown
49d393e373737fdb16a2eddac0e8b054,Varansi,unknown
24500160ff1f4192ce27d8bb22254111,Wedj,unknown
3ec726611b97336e4dc90adc4026bf2e,Jakatrta,unknown
64d88782f9eb2045a6fc6ab7f5648576,Edmoton,unknown
9e9fa188e69b53ab19f29420c1660939,Cabo Verde,unknown
019dafe63841e62c965fe378806e535e,Ggg,unknown
8a93042a1f4b74fd761062e0d06597d4,Weeze,unknown
1814404ede2e7e1ddc9a1813f1f7f7b7,Aguilar,unknown
282656ff188ba202c4e6e18823b570ff,Foz Do Iguasu,unknown
dfa77956ef557b7ae25d6317e4e6748a,\Salt Lake City,unknown
b059b9f269ca96e9d77f31f1feedaada,Zanzabar,unknown
d104dea3c3419aa605ba696931bccedf,Fuereventura,unknown
77a0413a06174804c3527a6909977924,City Of Derry,unknown
3dd6daaca9ce3f590ac78be409d03c85,Islip Ny Long Island,unknown
3c8b8b12ee1b90d4096c7b26a21de0f6,Beyrouth,unknown
d1a6675983200a75aad6851aa6481f7f,Rok,unknown
93d23d0b8e6f5a0e478815877caf6cf5,Riyad,unknown
baa98c50cbfd9f751c107a72dd820fa7,Sharm Elsheikh,unknown
192f91cbda7ecbedcbf286e88aef5d60,Bagdora,unknown
50b33cb6cf8a85be2c79d72a9ceb7da2,Kti,unknown
1c61b669a2dd85bcd048777a7ab1615d,Yqz,unknown
246e4407d11b1093ba0215e97e57d69a,La Réunion,unknown
dbf87c12d0cfb2eb428897ef0653a6c2,St Pete / Clearwater,unknown
c3ce4cae99a8c3efdbe7660557a0d095,Mdz,unknown
bfe081263434ac7c790d8d3529a0eecc,Gainsville,unknown
3fb0289a08d86ddc2c977de0f6755eac,Buffalo Ny,unknown
529d3f78d2ac7f9ef73061b799721485,Rel,unknown
ef0dad9ae394cc46d52b3c908fbe18c3,Gove,unknown
015ff01d4d1f5c6fee8aed5b15384ade,Rhodes Island,unknown
8a7092d111e9dfc1bc07ae8920712c07,Lpa (Gran Canaria),unknown
63e3928f4a8e324044ae04b8f522815e,Perugia/Pisa,unknown
c8d7e7922f61c61c36bdb9fc6366a7f9,Carpiquet,unknown
b5515526c8a6d7904e5aaef1cad4d6e6,Tamarindo,unknown
109e9359db54cb3d54f7e7f7ebc10ce4,Tri City,unknown
e9555129f57ee0ede5bd0d5b0163cae2,Kristiansund,unknown
95888cee1d4d4af692a9c2354c7d059a,Venna,unknown
255d9f5283dcba709df382ab19eaa95d,Mux,unknown
08b52ec8f734eea7474e20053015cea8,Casper Wyoming,unknown
8af896bc3d107a97619d569bb156657d,Maningrida,unknown
be152dbd172c12f38ba127ac53c1a392,Teheran,unknown
b5215ff720cb2b9674e966993cc98d77,Santolini,unknown
28d7c48cc21b8d32c104c15d318a0b4a,Bogota Z,unknown
ca3e46e3555cf17f1cd34a612d2e1705,Bve,unknown
6e944977292e6baf78aae1386acd596f,Vvo,unknown
cc5e4b9d456ba0da16c707b754f63c13,Ontario California,unknown
851b2ea1c22dde7820351ff6deaac70b,Washing,unknown
6a8e81020efde78cd0e523b16f0a754b,Va,unknown
a763a5f871663c5c4d3ea64171a34786,Norfolf,unknown
4be294761b8e46ba67790acd5ae82189,Toliara,unknown
c5b22138f9d54667ba1c29db8eec11b9,Dalas,unknown
014ca747476bccac1eee96e7876bc093,Lonfon.,unknown
2be4e9b0c145990c7cb9e42985e99c29,Machester,unknown
35f816bd254335aa48a02c705bca96bf,Dca-Nrt,unknown
7b9d1ffc5f4b87954eba4b2cd86b367c,Bahir Dar,unknown
a83ee170dce987455d345c33ae7632f5,Pensacola Florida,unknown
2d0e5481b946cfc69b7126dad6c3fdc5,Skc,unknown
49831c7ed865fe4ccd4512a69d152b7d,Kyiev,unknown
0cd635eee98aa9d366357375eb65c252,Jakrta,unknown
a7caf670602778f8df758b5bddd84942,Papaete,unknown
ac76da672dca1f42f71a159c13cc9733,Malbourne,unknown
498bf36432d086245c8770ba581397e1,Saint-Lambert,unknown
6dcb571a4d7a53e93367359c62404023,Mandurah,unknown
9a1f149b96ab3ab058ea92c2091ebd57,Inc,unknown
3824b831b45434271aa0e62a85c6242d,Adis Ababa,unknown
23f6d84e2173c05cc6a015be65e82534,Francfort,unknown
51534a3f1397023e42baf439e86d11b2,Taipeh,unknown
d6cd58bafae0d8443b8b9802993ed8dc,Utrecht,unknown
f773dd76d2c42a7acb068cd69ebc2444,Muscta,unknown
7c8334abf83566bfe9aec63dd672dc47,Reflavik,unknown
dd0bf526e91bfaaf16317561669e10ad,Sab Salvador,unknown
7a5ec3dba4af2fecc48838625e003d12,Sharajah,unknown
77ff7b3c56182670dfd812993e845cb8,Kingsville,unknown
1bd312f5ecec4145ea9fa05919bfed19,Hui And Han,unknown
59cf2aff35fbff3a8de81e56daa52467,Søborg,unknown
c1d03e29dd5b66918a9505ecc7c26ec7,Goteborg,unknown
568b88fcb0fd7ba91e1aa2685a0c30ed,Bogota / Cartagena,unknown
2f31308fdc2d382816e448e3932046c1,Frankfart,unknown
5f95b36506693b9862d13986401edf0e,Reikjavik,unknown
f564cc9209f8a7d22a69fac0d234bae9,Las Vegas,LAS
763c079566d157cc54e310cafdde60b4,Dalian,unknown
d45a231daec31ed8062caa6d1c6b26f0,Da Nang,unknown
e95f9313a9d5b390274dc328fcba2f2b,Sanford,unknown
60bb9dc313760ec4b7e130b46a7304dc,London,LGW
0a5b3e66dc6a4ba8b0fedbc1d95ff35c,Guadalajara,unknown
8fbceb774e41e95e7e956bd9735e7f03,Harrisburg,unknown
19cf0e3c91661dcc2f5c67257ef97a33,Accra,unknown
2eb7f7faaacf386033234c696f5c8326,Pdx,unknown
68c970ab17089c72861661bd65d839d0,Toulouse,TLS
33a1a0a7cdded3f1d91d795c975bb24e,Philadelphia,PHL
d1662835f73301935aab09b58b7cff03,Cincinatti,unknown
3db997cb1c5653eec18dd207ab59c134,Pnq,unknown
6d79f60975fcf02fbae8596e2e6d60ae,Puerto Vallarta,unknown
06575420a0e528b357513d1ff239e8d2,To Verona,unknown
7c9b76ac05409dbde5480cf94fadc5d0,Porto,OPO
20fcf6b2d6d8d0e19a58ef3a00df4e87,Eindhoven,unknown
5a174758a22ac99c05bcdda71e5e7157,Manilla,unknown
2bfe15e836b1e4d42ff5f6a95fdd82f2,Cuz,unknown
1050437baac6901c16af0bbb59563732,Chengdu,unknown
fb3a4151c472e6693eda34c26dc21f38,Stuttgart,STR
7ed9af6003f24f719c65f06f25909b53,Saw,unknown
e3abd63683777413b267ed0c96808623,Leon,unknown
a5a31cf83d4e58375f182ee7c6499e0f,Shannon,unknown
9e36745f0f3f154235a08c70e930a852,Ahmedabad,unknown
517ed62480d79dbc3de7c8966a499a14,Biq,unknown
1c7a34edee7ef5bf8cf7250def5f1612,Denpasar-Bali,unknown
0a70ef43820c0a1432193188b4004ef7,Baltimore Md,unknown
f9d36093814e816afe3a0257eda1c516,Bastia,unknown
f1c7f6d0b52e9412427e961d0c516d09,Kolkota,unknown
95c86781a5e4abc5df2793b3e1d636f7,Craig Cove,unknown
73f0b9052e96d13d9a710c7196384c83,Bagotville,unknown
1b965be364e674107252a6a31f0fe35a,Firenze,unknown
7397d4dce9649d7d51464d58538b6cc2,Cordoba,unknown
1fb4aa6159cd8bdb325ba56ad7486f7e,Prince George,unknown
f07e7a843ed0f38869ee032dab4e8644,Aracaju,unknown
0daf1eeac6e400dcfbde588d73adb936,Xi'An,unknown
a77eddcf001dc4678a1771f332757f91,Honduras,unknown
710fe66321a50ad50ab723545c091b0d,Pen,unknown
11851a1d2eebc1b139bd4bfb1cf799ee,Héraklion,unknown
2cac28b41b20a8c712c2ef463a3cf916,Her,unknown
06ef0404d420d15f32bc8b424c4dd668,Ostend,unknown
ef1856ae879e56d779214ae2ac00402a,County Clare,SNN
025eea9f2c8355718c3b021ee16866f6,Johor Bahru,unknown
36fc24b10bda097af6042f7fd4ebc71a,Wellington,unknown
1360c03e53d0fb8b92c82b95fed79cc0,Nou,unknown
373efe1b82c64cd72d6e4c9f36b7cee4,Rhodes,unknown
dcf0ca4ac9e30ce7eaf5dd6c1a0dc3a6,Luxor,unknown
3c5460ac5770907691680b162529d649,Albany,unknown
6c780b109e05a1c77d4bc57392b5d46e,Fayetteville,unknown
304396631be9e9d1957b432e605b1a2b,Tulsa,unknown
1308a25c810ee9a13827dde45546c6e4,Québec,unknown
6f9f4f1ef690d609f28265bc8b15ad5a,Mke,unknown
4b34f9bf3a1756ca759103edf64771bc,Riyadh,unknown
1473dfdd82ba1889a05b1fcf9996c756,Brownsville,unknown
67a0c14c117e0c95441a086695ff0ba0,Cos,unknown
ffbe8aefee8040485a1d4264ce241ee6,Luanda,LAD
8e032c85cad9c3946bb29cba8b11fd24,Pdl,unknown
fe85a27cc3a0687bb4de8f4e2d08e67d,Guanajuato,unknown
324d861103cf3962d86ef307f66427c0,Qing Dao,unknown
0b7f4618989d663bc6ccfb8fcacc6dd0,Tennessee,unknown
10028260de50ade313e5f9858b93eafe,Koh Samui,unknown
7e238741d233eb92b8bc3be2934557be,Miri,unknown
daaf741024bf5efbad42405b297b9946,Dayton,unknown
fc0de8ea5b1baefe2938a5844ed8ce26,Kansai,unknown
44ccd1a1a1777b5f165f7545f0bddeb4,Washington Dca,unknown
0479ecbca916199a592b48937768aedd,Milano,unknown
46938634aed037d3131ff86989c9d8c1,Tac,unknown
f612444a723dafe86918311d48540695,Uyuni,unknown
81184ebcdfb194da2980186662d5d1cf,Kingston,unknown
984f225270b44dce1a9dd964175f26ee,Cabo San Lucas,unknown
33ed2fe749489a26bd78a5db9fd10844,Salalah,unknown
e8f67000cc8f4b9468e508dbd750d6b6,Columbia Metropolitan,unknown
b13ff20733aa797bc1f9e3c7c2263bd8,Vieques,unknown
0740dae172c96e1c82745db30e3ae279,Durham Tees Valley,unknown
7ee8008608aeb48437505aa7e08f96b8,Nc,unknown
a37dc995758a42f7028688bbb1472a64,Kbl,unknown
c3f5bf261242111d6eeab614768b45ce,Puebla,unknown
2f1212216e47e6be66be0650a3baefa6,Maq,unknown
1477559ad109eb24809aed42294088c1,Prince Rupert,unknown
7f70dde8a0e3b866d54aa6258ab2843a,Shreveport,unknown
360785d93d2b96a011eabdeb5f08fa9c,Malmo,unknown
4d395e6d98764d181b7865f3530eeace,Cluj Napoca,unknown
ea0657fb7ec7df740c9506422bc608b4,Dakar,unknown
03baf527206ce984a53fbce27df73c91,Curacao,unknown
f165fd86896cd93aa100163026b425ac,Pqc,unknown
737c3f92e055fee45e390e18d5c55e28,Rsw,unknown
b8f7a942a1a4ea49a330551732a5d696,Huy,unknown
e7ddcd29e167af7780f93b1e81f846e3,Stavanger,SVG
497068c2008ee5b4a7c3da6a94dfb668,Quy Nhon City,unknown
933f3b987defbe90b26442c64b77b26f,Florianópolis,unknown
8244ba656f23431c9b6a21a068ebc8f6,Lihue,unknown
1e94f4c1262a6ce592f85899d8198b01,Minot,unknown
f72d51283609e6a761fd57197d8b99f1,Tagbilara,unknown
23308c0b9d4545c25c6d32c570a95579,San Jose Del Cabo,unknown
cf05f8eb1c55b79635884dbe0821d06b,Puhket,unknown
c86c07632addbfa1ea4f9e70019c574d,Mmh,unknown
eb525e4b25faab16ec70be47ace90141,Bucaramanga,unknown
d5c9ed7ffd63e2a1e4d847587b903216,Murmansk,unknown
1322d120204facb4d457e5de4421a113,Mfm,unknown
6af99767817b383af7fa870353cc1f3e,Lloydminster,unknown
fb0e27bc28f30875dc788426e2dc7186,Dzaoudzi,unknown
2c127574371825c12d87df44cecdbe6b,Uth,unknown
f43dbe957f46de9ee8150ad3e156dd0a,Dongying,unknown
2c949e719cbd2aa943b00bbfa280410f,Zacatecas,unknown
6559d492bb63c2624afb9de42eb92471,Lome,unknown
33dbbe4e3210db313291c0689b7786cf,Hahn,unknown
0b8276f1094e246bb7ddf88dbbdc065e,Mfco,unknown
4d42684c814dbf524df7697882c1daeb,Mjv,unknown
356bda7c84b5b83ddaed58312d6b5be1,Cr,unknown
6c7921b496ea6a35439ac1281a2202c0,Pnh,unknown
8f804abc8fb38d6acac67eae2e705a54,Santa Rosa,unknown
66e09daed56234b151ccc5c64f7e80cc,Norfolk Virginia,unknown
abc8ea8344dc079e5a1db8bbeaa2b838,Kamloops,unknown
0caf6866fd767b6e174e6ba0801b2216,Portland Or,unknown
6f43b4ac50503f1d51e2bdaab8951373,Las Angeles,unknown
fa4dbc7d584c98f89de52a99b6faf712,Leh,unknown
35dda26ea5cb9918a8192fce846e38f5,Chq,unknown
403742410aefae1f34609964e0172e3f,Reggio Calabria,unknown
8493053a21973749a923f8a9e57c33e1,Kochin,unknown
2b64b9d8f4e09b51ed185f7d73ebb1bc,Shangai,unknown
f97bc371a2a46ef1738ca169a379d105,Ashagat,unknown
1464d8c12a127f0e301e383ce078193b,Fsz,unknown
7e7f152f8958725387a5ad4ecf945ccc,Saint Thomas,unknown
85e5930cad29f55e7ff658ffdedb0ef6,Sibu,unknown
86340e941af8a22476f2db344471959d,Lig,unknown
93a0602f087ec0e5c8097de7d17f6738,Thiruchillapali,unknown
14e116fe37a0a040dbf58b2b1d137d0c,Riga (Rix),unknown
7191a8d880b86e828a4932c6630cdedf,Pps,unknown
59f55ac5396e1e7a5065dba0c2aab826,Abatsford,unknown
d76f91315751d9d37aeb07aaf63ba529,Bombay,unknown
f54abd8eb9bea4e2a19ccd2b56b62293,Kuala Lampur,unknown
50d1bd229133d6895bf9c65243a062d3,Marsa Alam,unknown
98cb82d629a64d9f967270c0fc610667,Lom,unknown
a576d78d866b2a84907d99042b72a50c,Lafayette,unknown
177bf0b356feb99aa424e1edfc814bd3,Btv,unknown
b5f87237e0509e5afd36e3321fcc9724,Traverse City,unknown
cdea30662a6aaed4b2454d1f022f3045,Sms,unknown
d9965c80e6456d82a461f6444bd027a6,Johannesbur,unknown
46d4595fa0ad6d9684e31f7b9f7bb4d8,Pmb,unknown
dc08832b2f221d0ebfa5769be3453dcf,Koeln Hauptbahnhof,unknown
c2081e95fdbad39a30644f109064d3f2,Valleta,unknown
0bc7b473b5d63ea82a8e20ddfdce1da4,St. Johns,unknown
0dd67311bacf28f2ab76d784290ff91e,Djibouti,unknown
7f4556e62a7acaadc4c7e6fbcbb916fe,Lourdes,unknown
9e7623ce1bb1fb3de383120f4367fc57,Bko,unknown
ead728cfa0f838430f4bc8c75c11d8f5,Santa Maria,unknown
b2ab10508c02d27889bd6b97d1552144,Puerto Iguazú,unknown
d2b004bd8f3b0e18a63e29ed620de80c,Lisnon,unknown
73eaf12a5c0282b2e453424155cc62c3,Barrenquilla,unknown
7a5f7677847b1f76786e89c3927060a9,Stornaway,unknown
7953ac9638ad264faa79a4a0d71da06c,Cayenne,unknown
fe1602faae900b6100f0ca27c58619ad,Tgg,unknown
b0aa9281894075e7ed84e650fa265a0d,England,unknown
83953bb4024d668ea8ab54985281f1ab,Batimore,unknown
feaae229391a42b8fe6d44aa1fd886cf,Krr,unknown
961d1bfa31a9b5f54571c2f3ed7dc36f,Maastricht,unknown
859fada4fe89f10405d4049160877762,Ostersund,unknown
cbfe320457da2a245090fab1bc6b21a8,Jkh,unknown
b96869910e7ab2183406d737dc33e1fe,Mdw,unknown
fcb8aee7af85435bbe31d92a88428bd8,Rdu (Raleigh Durham International),unknown
28a207ec2c3c3afd241f727d992d2f14,Eskisehir,unknown
e890406ade6f8c5345ca9a099c0cfe05,Oia,unknown
76eb9e80f66114a2599ad2391ea68451,Nakhon Si Thammarat,unknown
2a6647348f6075ac0fe99293aa38894d,Los Vegas,unknown
f00530763de059c43d0da647ec01efd2,Pietermaritzburg,unknown
9b31bcdc5b1393dc0e1f7db74929d894,Gwadar,unknown
bee70c90064547ef50e69cc879463e6f,Ayodhya,unknown
ab0db3dc11dabf7dc4d542b02d8c02d1,Malta International,unknown
c781d578f0c8dacbf1f68d9a6407accc,Changzhou,unknown
6c58d7b0c8f69e2e87729c874fbf7fed,Paris And Lyon To Rome To Valencia,VLC
798f7c18b8de8d0ccacb81a61ef86c82,Cwb,unknown
0e207755e4bf1a464e313dd52beeeb75,Isfahan,unknown
4c2c93539722db0f99dbf308d8f14281,Fnt,unknown
27f646e5a15b1577b89f558eaff6bafc,Bozeman Mt,unknown
53e7e90f782271fb4cbc0eb9d32098dd,St.Louis,unknown
c05cf0dc878bf6a17cc82837f513a58b,Pico,unknown
7722a594736a1d1057962474b368d0ad,Boj,unknown
db11a0bf420eed2a9f4881b150342281,Aor,unknown
415734ffd7381ee44cba58bf00e88c8d,Dvo,unknown
00491f63c3cef3d21616d0954ec33fe1,St Croix,unknown
5d4a04e94f6ac2d1a15bfa27b18ba782,Dubrovnik,DBV
46a06739813d1f3781dd77b73a2f3203,Groote Eylandt,unknown
7c60456f431113ab88b9cd1ab7aeb490,Kristiansand,unknown
2b59a1d61a5284b25f33cc049e65975f,Med,unknown
efbb9ffb0170cec9634ef5722edc6b88,Moheli,unknown
ea85714f8facbde0b132d63f28fa32b5,Ho Chi Min City,unknown
15e58888a7dbf342f7c3e3b23247ce97,Rostov,unknown
bf102bbb8f5d2e42fdbff3c2e069c27b,Bgy,unknown
0852d8cefbbe8764817039df09559f4f,Honiara,unknown
43d165f6058af066f68c01f21921a548,Puy,unknown
251cc2cf504df3423f3e576135679a60,Tapachula,unknown
5a077cb889928ef683e526fe40420945,Louisiana,unknown
0d1ec8e074b0e7c63ded3446543b60a2,Tao,unknown
081b6e349b3773684b4821a0511b9845,Billings Mt,unknown
3e1ce23f359870500947656a0eed3ea2,Ulaanbaataar,unknown
dacf98e8f1cf055a72bcb50496ee25b3,Sulaimanyah,unknown
dc46a6c1225ddcfb4cba80c3e862d21e,Destin/Fort Walton Beach,unknown
7dfec8bf5e81e47222e75e233f768680,Najran,unknown
7a09d2cefabeb026b81bb8ca5aaff93c,Vilankulos=,unknown
63305ae36d5960a1fb3e17619e3ed681,Surat Thani Province,unknown
a360a11448d8b0113b75c55041890d8b,Weh,unknown
ea37743b143d9588951e4558a91de176,Amesterdam,unknown
3072de1382d399eaf574eed5e72b0637,Xyx,unknown
4203bfe46c37ca0875da34455662afc2,Taupo,unknown
58111505920254f121d9c32d9425c877,Bju,unknown
539dfb778d4844bf4f6430a76d962e3d,Los Angles,unknown
61da00049ddb506cf4daf1e72ddee336,Iguazu Falls,unknown
c03ba44f29179b992e3c8ece23222d80,Maun,unknown
a46a36401f72798b9efd443a7b2ec7e7,Ny,unknown
637517253e91c4a4dc653fdd2fa75128,Sal (Cape Verde),unknown
2d2d40df878bed9b8707c5f75a02b7ef,Ulan-Ude,unknown
dbf338a5ffc902ef37f63e8f4b97048e,Culebra,unknown
189014114d8837e8cec310d36cc5e30c,Bonaire/Curaçao,unknown
a13e398147adde663b6b4c28d0adacd5,Diblin,unknown
ce1e933f83cefa2eda0295212570075e,Panamá,unknown
82f6ae0ed181dba62061964984c1cbfa,Jagdalpur,unknown
d1ec2e2a15d3ff36ffd2599c8874289f,Ljubjana,unknown
1a2eca5e12318a8d328f335d899ca2eb,Jyväskylä,unknown
f366cd6592d66f6cfea111a67a5c08ca,Swq,unknown
3d45c85606702eb2ed3f5a1424f83547,Kuf,unknown
16a0286c3638d2f2ab62453a5b54fe15,Hatay,unknown
1c8d261111052d09f073f07df5bdace0,Treasure Cay Airport,unknown
e479c184b6fca23d3fac6253badb5791,Forli To Bologna,unknown
0b0778ac16278123027a6a87141ddfe1,Nasaau,unknown
beaa946304bbcb3eb280b0080e8a3879,Tuxtla Guitierrez,unknown
f2cec08e1580ad53365d1a29253d68b2,Shenzen,unknown
1998a34f55d48027ff839a0e8004caa0,Ft Mcmurray,unknown
7dd5b61709294ef1b051d94d0060dbc8,Sukhothai,unknown
c5261ee5c4cbec7c902a0a8b76d5b919,Cyul,unknown
e9e29b5c0ba968fa8da1a058c50f2dd8,Foz De Iguacu,unknown
38b014ec461fbffeab28fdea6021fa72,Exeter,unknown
1466efc0f6c8ff1f4d541b8f13530279,Beziers,unknown
1164249e9dccd8072f0b6e3ca6af83e8,Fuertenventura,unknown
fe99db28dbf5d20ff1470e6c87963735,Dsa,unknown
76dd508ec9c2afc6efe4f9f57b948a35,Algarve,unknown
a5b77dc9bc13c0b41b6a1ab09d613252,St Denis,unknown
7ad45fb661a343016589d6d089635313,Ixb,unknown
f49f36a2d0f3c6a04870fdaa7ec37c59,Podgotica,unknown
1cc669ec80efdd99d90271affc1eeac5,Springfield Mo,unknown
ceb508b1055fb973ccd400429eb4bbfe,Crw,unknown
7bcdc7c21497fff1625e24fff65965f6,Tirgu Mures,unknown
b6a485dcbac920505a74051e8f6616f4,Iayseri,unknown
c5c1647ddb883e57f96d4f0cc03465fc,Spi,unknown
2a671a77ba180afef594873efa84c629,Pbm,unknown
4f32fc9367beda228624f8ab69ef843b,Calbayog,unknown
9a56a428880568ed093817e899e813ca,Haiti,unknown
a7075abc67d556125817196e1a93b9a1,Senegal,unknown
10947a085b3d1fa7e8f96741388ba41d,Santiago Dr,unknown
027fc9026acc87788c094b920a8ee4e9,București,unknown
b6fc48b767d96dac47a4aa3dff9f0468,La Coruña,unknown
b7b62d873e72790c573719866da6590a,Uk,unknown
90c55630a92dd448942a90dc74b7c412,Guadalaraja,unknown
cb3a4eb9f90c3b2bf2495e4f000049ce,Edinbugh,unknown
625a7a0c7432ecafe92b1b3c4a560a1a,Pensicola,unknown
a5717c5b2df165a2cebfdadada9110b7,Baden-Baden,unknown
219fc5d3b2e0b1f04865a49b7c0f857b,Chiapas Tapachula,unknown
d975686b000673840878003271f831b2,Yxy,unknown
971a97452152d1bebf8f219330a5b79d,Tif,unknown
d9d966319c8b86c2787ccfa3915f14c8,Kgw,unknown
c3e5a66134787c05bb332a2c1b2a620f,El Loa,unknown
db08791aefdf07b37b62a0ffd29eeda5,Madison Wisconsin,unknown
529a44761f217698868d0245a4b4691b,Dempasa,unknown
50c64d204f506b23750b1edb5efea84c,Rar,unknown
d5c543fab64d17f7e7073f3df6456a0b,Hrk,unknown
796fc8b4c8ab1a2cd5353e282885a836,Enugu,unknown
119e78764b6c476133a086ede1b92426,Greenville/Spartanburg,unknown
3e0b1b8490f820396020df3623d3c761,Reagan National (Washington Dc),unknown
5043fda72c08747c243686c8e8fe9807,Philadelphoa,unknown
ef9e29c4d9fc9084481c5949be4ee628,Grk,unknown
e504fec0367392104b444d87763b91f5,Tîrgu Mures,unknown
2d686577b94b318318c5624fc790c28b,Turkistan,unknown
7315ec2d68c359bad67830a19bef5537,Mahé,unknown
8ade6cbd85105558e160efbb873b1247,Del Carme Siago,unknown
26c2fad7abf47f740e41ea0948672602,Ampana,unknown
7c2dd5b56019abd644f14592e434e73a,Gran Carnia,unknown
6797ba10e3975ee0cd5edf8f9278bf05,Sonoma Ca,unknown
308da04a179b959a782964af785b771b,Goa Dabolim,unknown
4d95f5671f698e624392def7fe96b6b0,Pantnagar,unknown
caecadc662c51e697fc3aacfa765aeac,Great Fal S,unknown
561fd3f1f418772a66482f0709d9f844,Denpesar,unknown
a3da963426a82cc2b94e26e55f409e1c,Bodø,unknown
5438215e01fa8bea04ea2e6fd150597f,Rnn,unknown
dc11c25fc5e4c7d0a26a2d746613d6be,Newport,unknown
adc0e256e212691f7e1a7730bdef3270,Pmc,unknown
273e57ff152c4641d324ab1f25ffb742,New Yotk,unknown
1529c64ee90cb5608be8ca95fd2d795b,Mlu,unknown
e552eb8da1da16e5fbf37895b3423dbd,Bradley Intl,unknown
a42a26b84f0f7d649eb405ac89a62f69,L.A,unknown
9d5d781ad229e1fbc884d84c65438790,St. Denis,unknown
a9608b70403b71332a25c2cc98511d64,Bwa,unknown
bab2f67282636cad3e0f3ead41758293,Mekele,unknown
e7e843d2afc8446ad27cbce351ad03c7,Ohare,unknown
e26c27076130d0c4b346df3f8dad610a,Ukb,unknown
f180d37c3fe59d6c2df4d8c1ce6d09a6,Uluru (Ayres Rick),unknown
1ac15899ea53bc6b73ecaa9f1224b449,Han-Hui-Han,unknown
a658745c1abd8aa1e69905e08310936f,Hindon,unknown
52bc44ac2e57c9eb9faf0b54ab7364ec,Akron-Canton,unknown
b0ea47b1db00df99a130e818f620b715,Phu Quoc Island (Pqc),unknown
38afcd21fac6fcdb90328185b5f6bc49,Kalaburagi,unknown
c9df0795e0c8eea11c477c169e04916e,Guatemla,unknown
82192ce4788be919acc49cc6115d4c35,Valdivia,unknown
4c5b89d8a499ea58befed765d31315c1,Adélaïde,unknown
107db528bf8a8e4158f82742a3a78232,Jkt,unknown
b98d9a8c838e2d155317fb22efdc98a7,Bezier,unknown
150573f3865640a784f7a727369e539a,Abi Dhabi,unknown
d72c2310b469dbc425c43a97d6315e69,Plovdiv,unknown
f734aa6ca6c014b4c1bd06a59f2e42a8,Kano Mallam,unknown
03b2da725827b86d874f8e650b63328e,Espiritu Santo,unknown
f1ab3e008c4e5396c23109c74773587a,Isla San Andres,unknown
3bdba472eb6422c914785e17578fb07a,Msp Top Las,unknown
f600d247a97236515296d5168035a528,Legazpit,unknown
dea2028f3b963bfbba4001dce5c2a853,Laramie,unknown
9a89ba7aa024bcaa7553efb4097479a2,Midland Odessa,unknown
a20ef88a7835a5d6f6b6ceacbb888f1f,Kitchner,unknown
7662f16897c6e9c1dc08eae877e745d3,Grand Turk,unknown
f74fac2a40f25d61cbcd82c9ec660f29,Washington To,unknown
a739d7aee479f440e4d582fea18e644f,Landvetter,unknown
a0aebbe3f112ad931944f0af20609229,Cincinnati Oh,unknown
15880fb10450697e41d543c06ddd4840,Vemice,unknown
f81a9994a5a18a58d2383c4569937c01,Yzf,unknown
d6df5a3d637b756d16e58f95f9c061b3,Ft St John,unknown
cc7a7d2392247616c4d45a21f769f55c,Ekaterinburg,unknown
3eef1549c0dfdc9f4d4aebbf375776b1,Orange County (Ca),unknown
72f07993a715681bc33907fe75904f41,New Yok,unknown
54c0fa688623f2a8c1fd0c3b468aff1b,Bosnia,unknown
1caaef4bdb7dcab80742a84899bc4927,Phnomh Pen,unknown
6d209a2cf7e8291952f0dd765caff096,Kempegowda Bengaluru,unknown
f39786a11dc7016fd363fb91909de342,Kentucky,unknown
43d14568d994170304eadfaa8c4c73e5,Bhavnagar,unknown
9f53bd4113f16e670c5565573d473a0e,Wtb,unknown
6a281f59ba267bf5c27500cbf228b0e2,Orlandoi,unknown
a462738a9d5c3f50eb4480c19037014a,Cooloongatta,unknown
3723384d9f12106d95b26f1c223f67a2,Durham,unknown
ac50af856e0a4b0cf26495c1483d7770,Mid-America,unknown
851013ec4bdbda0655f63cb839913700,Fort Laderdale,unknown
2b1f7076e1c42c1ff25892d469e2d016,Luebeck,unknown
22e04c51cae2a800297f2a2c47cc0ca4,Cape Coral,unknown
fc7bf0be11a4d98b37f60084edb6a27b,Bilaspur,unknown
2a642f7cc52439402e49208ac08794fc,Wabush,unknown
f6f07f1439ea46a6a33fd459ce3f73c1,Boseman,unknown
65b8a0be70ae95a03fea7614bba3a234,Jfl,unknown
9bf5f4560461b2649655de23768db177,Shubuling,unknown
5e8b6fd3e6e1f2d1e6c5da428672de52,Dawson,unknown
1cb42fdc2662143c099ed6ca9ba0ec47,Punta Gorda Fl,unknown
5a3781f381725b496dd0fdfb3de3dc26,Suriname,unknown
622a0bed66cd7e2af3f6dc2aaf109f8a,Bhuj,unknown
8f2c3d40440e5c708dc9aa2ad8d1161f,Abbostsford,unknown
5483a02c1ff6775d3371809f254a004c,Krabi Tobangkok,unknown
6944eec788c95587afcfa026bcd789de,Mexicalli,unknown
c4556161719037c55894b82fe2b8c7e0,Ac,unknown
43e233134276bc6a0e6190ca11d0f11f,Kadhdhoo,unknown
a36357c74106383c2cf0c28fe9909383,Venice Marco Polo Airport,unknown
56a835f7024edc2da429cb223cc808b5,Atlanty,unknown
86e6965fc47263c14b00e99c8b5869fe,Chartlotte,unknown
2fde76f14a53e598b8a92336fd71615b,Knx,unknown
17c003a89552dcabcf531a0886adb1fd,Phn,unknown
173d42c5d7c8df3052f93eb958539bfa,Colima,unknown
2d1a4974bd9b3e20ce76854b9679bd33,Cincinnati And Lexington,unknown
2188b905c839e5f661bd3790885cb922,Gurney,unknown
78434e6810e28fae4ffda3f2821010e3,Philadelphia And San Diego,unknown
b10f6f50c85a50bc2d297fefab29b9d7,Little Cayman,unknown
f815d8813390d0d15874c934b072bea8,Palm Springs Ca,unknown
62f27c09c19af119e0f756cd4753d3ea,Mcallen Airport,unknown
e8f1226fb81bac71fa826b09a6b56d85,Mme,unknown
6b1c20da9e54f730cefad75f3547a8e4,Tep,unknown
935e061ab7959ca5b837c6462cbf31b5,Santiago Chile,unknown
3bc4048bcf29bf49b41eaf86de049f44,Oaxaca City,unknown
63c768f99e43d20c3289ab0a0b794991,Kohnkaen,unknown
c010c598fdeef5a4926d2a9ba8a49fe6,New Yook,unknown
d504ed0e410e47b521b934c8761112c7,Puerto Vallerta,unknown
5320c23a4ca148a222920505b7beb88e,Kuala Lumpa,unknown
32b23cfc809c7e1a13bc56e35b9b4d90,Newawk,unknown
153ed7d75935f3b1402a16e22d30d14f,Macapá,unknown
28926a8fad1e6490fbdbe85a04ba2529,Lpt,unknown
b8795e882031cc7043eec33e961b30f4,Ags,unknown
2d2ee90af6b07ad3fbdaaae5dc2d0119,To Bogotá,unknown
5dc02873d1fc0b64424efcbd91b41f41,Limpopo,unknown
f2efda8a1a077ffe6b5f4436bbaafb28,Sal/Lim,unknown
a8ecdf4566046787a6a7a367b731ec38,Carlotte,unknown
d80af04ce27684421a66c382ec9bdf1b,Milford,unknown
b3018bb8ef8784512c01593219736026,Reunion Island,unknown
5976cd62668ff5967ce9e6f081451a08,Bayonne,unknown
25b34c3c800efc67037a72a9a8e4dc01,Yyf,unknown
e8e0cd51d1fa08fdf4c756b444be87eb,Cambridge,unknown
2c142cae38124add554c6c8de79eb6ec,Geel,unknown
badbe459ea06e3e79c4aa294329c2b6d,Lir / Bru,unknown
1cc04dc9e6e1a9edeae3c29883aa5b87,Nba,unknown
d22168e49997f951fdf8bff7b854f5f0,Plane,unknown
e0e4b15e60cdc06df0422feb0d291839,Chl,unknown
e77e6a9b7efebf26a37ec2adabcd8882,Adu Dhabi,unknown
858968d64e60898158fd05fce3617821,Abu Dabhi,unknown
47c79c1259717929e860b1baa5b4af60,Kualar Lumpur,unknown
f29728e2f2f8b58cd6300bbf7505e116,Gabarone,unknown
9eaeaf0c08b98943427f120ddead39eb,Arlanda Sweden,unknown
fac6046f443cc54fc0cdd8bfe42dc9d3,Honolul,unknown
61a39505dfd3f033afab9275b7edeb56,Reykjavek,unknown
c8af46895cb2b112c934b4569204cd91,Solid,unknown
254e2b8c2ac859e7beb61bbd1facad2e,Bedford,unknown
60b645008c81eaa1042ce56745507600,Aep / Eze,unknown
86f210a18208768bfcb926219b20f2ec,Bodoe,unknown
a82159f7113cb0cc8c52e4b3c4abe3cb,Bandar Seri Bagawan,unknown
f11983b89cb34c45aa3a311ba7e8021d,Westfield,unknown
e8a196d7416e3920a349486f4fc16e84,Addis Amababa,unknown
3ea56eb3b2d1e410c2f8a496ac627921,Barcelona,BCN
586b3219cddc5994cb52786cd6df214d,Quito,unknown
2ea602a056a7cb815bdc169a5800dd83,Sarasota,unknown
9f58d6e5b2211d75dfc1341d61bc2a34,Hanoi,unknown
bd4a17e3cad71a96534eddc28c27ae5f,Frankfurt,FRA
faabc92a146a57074f365355af558757,Austin,unknown
7af86889d568c9dc5c729235a78c88e9,Kuala Lumpur,KUL
fbae803347e997e81f28731033273e93,Seattle,SEA
79dd8750586223214bbc2b27318f452a,Kalispell,unknown
7d760aefc92c6359b6dbe05483b244c0,Windsor Locks,unknown
34c8ea26e29b80ef0c7fc4148a248e1a,Jeddah,unknown
298c4073d10d8a9e436b528b8cb5c291,Stockholm,ARN
94eddbc25692b27dabb0acfe3de0c61b,Nantes,unknown
e9f66383f3ee98a7863b7472216a9b1b,Port Macquarie,unknown
54334033b49745a160ca6f35c8ba79fe,Tunis,unknown
29d6375858e4f2626230fa46f9b15011,Tbilisi,TBS
88509d85c747684ffd36c13c79ada2d4,Saskatoon,unknown
53e31d30a9dbe7c82c578f0540827aef,Varanasi,unknown
8a97d6827c3243f3c8a19f8f63adfe28,Fort Walton Beach,unknown
651f8c28fd83b8541b4a1af93c8a4fce,Minneapolis,unknown
f67764ea8fc18f753b01fd43d5cb2c47,Amritsar,unknown
5191ce3f433f5b3ff3e47756f96e8e5c,Tricites,unknown
fdef597574e652d9996fbd65a578169d,Huntington,unknown
284fd1c02d2dd4e263b1dcb45b402fa8,Jacksonville,unknown
11c9354da2a842b7bfdbd6c2c534f422,Bordeaux,unknown
b635800e80d28e5fdd057e02f98699d4,Chisinau,KIV
1340f44a1bc5066a1ca4b2521c854f76,Burbank,unknown
514898908e41c8425a3ab5fc9c165834,Mem,unknown
794840605bb2a59aa6185b0b11d95af0,Bratislava,unknown
95e14340997f5880ce1e28ec8e5031f9,Banjul,unknown
3209a42051f5b1afc43e27bea35168e2,Quebec,unknown
7241cdce9734335cf53cd49f60bff611,Tobago,unknown
ccaf2ecaf082bc4d21aff6fd07022bcf,Dkr,unknown
ec9fa65d1a5decc43bf8605b0a4b5903,Ko Samui,unknown
028cc110476003edd8ea4ea503fb8193,Genoa,GOA
f71b176fafeb43b79d88d0ebcef9b17a,St. Petersburg,unknown
8be20268c39f970dfe434b2bbce101cc,Kbv,unknown
57561bea290d87abec76d97bf020fcea,Mykonos,unknown
a479ab20ba6dad9b2bd13e5a741d03f8,Bournemouth,unknown
fe5db7e3fd6e879a4016e510a4da8f31,Adl,unknown
2a553c67ed34c161921f0ddf7636611a,Sevilla,unknown
0153516f599307c152c7bdf6c82ded20,Fairbanks,unknown
c878097a97f67a66cfa5eb08c86a714f,Guiyang,unknown
7874773ebea1056e35de548802d41063,Avl,unknown
06e97d725f54319374d793eac1423883,Solo,unknown
19df76f3dc15de9b3123e76fa9d20c0f,Detroiti,unknown
4e643027dcb3b73a3ec306a6cba543be,Tallahassee,unknown
2a0e2d06a7bc87488be669c963e1c42a,Madurai,unknown
a64731b58de4a152aa8e2dcbaa123ece,Rabat,unknown
c920c2c9c45989b22dce5efe2f8a60ce,Sunshine Coast,unknown
a4fb118bc8ab8ce5144da0323d9ae61d,Lvi,unknown
572245d0ca1121cb429f50afda26e419,Esb,unknown
7c407b68255e610480c246c9b3320e27,Malang/Surubaya,unknown
67aa815250bd1bd8fef60b51252c4fef,Kiruna,unknown
3bb3456e885c4470f43e0d5dca5fde6f,Manitoba,unknown
e4a98129fa03a3a5064ec837dc8b38c9,Australia,unknown
6603c7f337f8312e0a0bf8754d6d0c46,Canberra,unknown
00c99bdb4e353ebf9d7fa1559ee1299c,Bus,unknown
5089aee2320ff979fdbbca654a776d32,Salvador,unknown
bc3211ebeb2222517fae216d360b97a6,Tallinn,unknown
ac3abf7df0b80a3d3501a42a1c07ea4e,Nue,unknown
b3b26a4e702d240165dd5aeb62b987fd,Yhz,unknown
574c584d14db288f8071937d12c59748,Inhambane,unknown
d9d4c9c0d67469cdbd03fc4f149baa3f,North Carolina,unknown
4b65129393e3d9d4a3253116034ef023,Nld,unknown
3c4e2ddd22c7c5a4eac34e16f738f29a,Stt,unknown
612ee27d38f674e33e3a5abba5c28d0f,Surathani,unknown
6b096ec5029e531274cf93d52c0a5745,Jakatra,unknown
e240aac659fe94d8165f6bfc0118038e,Jordan,unknown
cdf3144c37b3e6ffacc1cd478d40b4cf,Missouri,unknown
ebe2363cc9c846b9e56583374f1915a6,Steamboat Springs,unknown
e680f82a2b6a555d5dec870f35f9f429,Santa Cruz De La Palma,unknown
bc48e1cfe7ef9c2391e9e2b8d80e59f6,Bon,unknown
77f477af553e626d68893d511daa3e6c,Kilamanjaro,unknown
1dad0df359a588996f2711eaa2514d23,Muskegon,unknown
20bef218a41d4a6d517765cc16b88f8b,Indore,unknown
3de2822da541c24e1742fd31addcc5bf,Hyderababd,unknown
e9d9afe7bb0e5e59eae2512e591958de,Salt Lake,unknown
f2ee0b4307d5264461ae1708df88773c,Syr,unknown
77ea3a6f4d4fd31554b287b32e10a029,Albuqeruqe,unknown
e643842284bf0232fcbbef50320c6991,İstanbu,unknown
6cbb6d81afcb4880ff953b266f87c58a,Rarotonga,unknown
5c845041b31d34fc2beccce21fb34b63,Gbe,unknown
1db5d946c34aa9a10cc38be4d2322786,Murcia,unknown
438a027594a1ce58dd1552bf15ce95be,Tenerife North,unknown
8b4632cabbe945e918c9eb16ae55f95a,Alexandropoulis,unknown
c4e62b12616b6fb0fa6f1e74c6921a79,Rai,unknown
075cdbf9e07b7b28a67bff070d4bcf82,Tsn,unknown
cc58255f11b02bebec7380b178d92c35,Phu Quok,unknown
f1e1977fb6fc391d63c14bb4a5051a69,Jayapura,unknown
627d8640c2f61685f633e7561190cbb2,Los Ángeles,unknown
ac20bbfd61711e4d105e0819b8fb05ac,Danang/Camranh,unknown
75689ad4489bfda1371d19a8e00f8c97,Hanover,unknown
9738ffeccf36d3f077510de100891fd4,Bangluru,unknown
2881349c4f57d0115f7511de6b7a508e,North Platte,unknown
3b04d8497775414dc66052850f32df82,Dc,unknown
880757e53afd6e27300fb970ca3c922d,Urumqi,unknown
29efa099d0fd0806dd023ca4bc2c60ae,Hermosillo,unknown
3a1f283bf58082127973001e5316152a,Pop,unknown
087c31fb92fb9ae9548575f63a9e67b2,El Nido,unknown
189cd9a9e4837c2e1fc74c282a767df0,Monreal,unknown
c13b88e9b13d191b3f812e7859b355af,Adana,unknown
f221aee864a0bf1fef9d0015348eedf7,Quy Nhon,unknown
6a239441889f73f86ef0db375f03dcd1,San Bernardino,unknown
13c1f17876e1c525dea3029ff7493db9,Trujillo,unknown
8b8ded26576cfa6c04a4bf73cb5de03e,Brussel,unknown
f8f4c1272e81a412e489d09f784c9cf2,Charlottesville,unknown
5ca1828d8847ef4ee8c6da9cd92d2da7,Whitehorse,unknown
d8ba4f8d68197c50ff68467b20c5b2e0,Silchar,unknown
a6f9b147637def88b399fb902bc7bb6c,Fdf,unknown
9cb51eac6f4385f15dd1dffed48bb5ea,Saint Lucia,UVF
e7144c08c29b5f42fd89c7115dccdee6,Seatte,unknown
15c414832eb85582797f754dd85cbba7,Mzt,unknown
6525d962374d44234e275d2986d85d14,Yzn,unknown
4602f29740c37d3a817f79e0882bb9ed,Mosinee,unknown
620f540c9f42e90d9dafac0666e2f8ac,Cmx,unknown
3ec67fe5a52efb47a7eac016a2cddffb,Arkansas,unknown
2a6c854771aec5d120443e3d6d258321,Hamad,unknown
10e0403fd0f08b450d81c4d1c237e1c6,Valletta,unknown
823df7ecf869414cb1fd0b4ceb2e4b54,Rijeka,unknown
77d952afc63917378073060bc56e91e2,Mackay,unknown
7b7d04543f0d15fd151fef0d1cb211a1,Viracopos – Campinas,unknown
1bb15e40d66486b047bcb5edcef95ba0,Rbga,unknown
0a203809dfc50e4f2b2405d79927d54a,Kaui,unknown
2534e9752bea390db649862588e1426f,Puerto Maldonado,unknown
8af48a5111aa3165442b719a893e63b9,West Virginia,unknown
a684a72a1c469f1777ca382a2af70364,Asunción,unknown
1060a2b853a27c92547e3d97459305e8,Antwerpen,unknown
bc285716a809d9c71a03b636f4dafe9c,Fort Wayne,unknown
a141b7c61b6841c467e9111bb159be8f,Shimla,unknown
f86b64531460a4f48693da8188da5630,Ods,unknown
4c2559a694fefda181befdac585eb0e5,Vila,unknown
fa0fecb2c96bc0211b441b3b2c42d1e0,Ywg,unknown
144c4f5ffbc9ef2b9997011df5412cd8,Drw,unknown
4c671f3384d134fba6ce61753b987376,Takamatsu,unknown
0f9a2270f302872f10bed00c258d51b0,Homer,unknown
1edf6190eaa1b0e84abf22c8694cc768,Iag,unknown
ed9ba1aab0c023f269587de78b729225,Svi,unknown
22b66eb202ce3719203dd1b059c1909a,Ahemdabad,unknown
b88bb0e9369477c552c92cab8746f0b4,Jaisalmer,unknown
d93684ac24209b2a163d35d1a10b077d,Destin Fort Walton,unknown
daef1624c97f4b1b827ef2371ea42bab,St. John,unknown
afd8abbf7c580442885098d1dd23f96a,Longyearbyn,unknown
c89a9cc507ec3ff68d73aa8de0871447,New Chitose,unknown
49a6c47d4ba17619be3ac15033d40cb3,Bhagdogra,unknown
d562444da83f7f7858bcbb119cd157f6,San Francicso,unknown
a48265d6e6eca03612e4b7f48364bf9e,Dunedin,unknown
8fad0864bea5138bf9d264ee201b0d58,Magnotogorsk,unknown
182cf28ae4e67f2a11b637434f3ad6ae,Yqb,unknown
8bd4b2857aceed0bf9b0ef951c385870,Xiy,unknown
2c821d685c03ade27ec8a88af0bcbdc3,Napier,unknown
9917a7147be576ae5490c0ee043e7923,Hia,unknown
addb101fe0d8017a8c39f6c923b19ccd,Wrowclaw,unknown
9cd41294236ef49ed83be6e16fd6af26,Ukraine,unknown
5608d54554796a1a63e7910dde32d859,Scranton Wilkes-Barre,unknown
88bea5762e1e1304de54393001ecf5b0,Milano Malpensa,unknown
514a39b42c4e592d3e932a0675ffa6fe,Ter,unknown
8c0b1ff2020cd8caa4086812682f3a02,Prishtina,unknown
e7584ff1bb691a991c558d12c8a4cff7,Calama,unknown
71a4496229314108785584e6ee9a07be,Seal Beach,unknown
ddc5c39d94652d98c280829ec313381e,Bostobn,unknown
067119b7af38886b9435b39433e97b33,Campinas,unknown
17a8249691d69abe692a7349a5752f9d,Khartoum,unknown
085ea1135f8d040a27f23b716b2a5e39,Tvs,unknown
ae38f10aa967b25432eb0b7d809d8876,Gsp,unknown
0ef5960bacc455a5b3442a2c2166e2fb,Ctg,unknown
69b607f7fac48122e43099a64897a7e7,Tek Aviv,unknown
26c1172a546f7ad8021adc843f75a9a8,Sau Paolo,unknown
2196d62f6d57d06d3e7b84ee995cc80a,Jdh,unknown
334ded974a0f4fd4e6411d6b738eacfa,Seatac,unknown
5c4caeb5edb3f085503a915f321e89f2,Sid,unknown
a924d2a9d8a2b1d54d6504fa97ad9914,Jnu,unknown
6cb6b47c0c2fee658d77d1234117be34,San Jose Vialihue,unknown
707566ade279c4bbd9278b833f4bcc37,Hattiesburg,unknown
63c1d98c6a86abd1a7e6f38dfce3fa76,Vinh City,unknown
de53bfa487364eabc43e51cce4fcb573,Aua,unknown
05a3e44df66c215772d162896b8a4300,Varedero,unknown
ea0d3f7610c4011cda8f142be8fc87a7,Mpl,unknown
159cb4a7f95c6dd215fca10c83a2b281,Tampa Florida,unknown
460420344756fc44b6c193a9ffb86c61,Cuc,unknown
285c527502440e9b8ecc67b7963c5a34,Hubli,unknown
74581ba357b002eec1172dec2ce7d654,Gazipasa,unknown
38eb9655e2f6f6f09a89eb8f546d55c8,Unjung Padang,unknown
d97eae8ac7ec8ce13a15b6c7d13c00b7,Trs,unknown
4697b0d1a7f0fb5cdc14b81bc87ef1f9,Sarajevo Int'L,unknown
7357fe408c6810f09b88079e0743049e,Samana,unknown
78d44dc0ff25339d8c698e8bde0836f0,Rwanda,unknown
46837e41cc0ccbc0365cdc17f4587f2c,Cagliari Return,unknown
8e685b2eed63f5f1116047213584d7f8,Clarke,unknown
9437d15678e7083031bcf00ba6be88b8,Diyarbakir,unknown
162aa1c166e8154bb45dfc1da74ac4c5,Ordu,unknown
379931d45a5ea33a9f9940552af4dd7c,Ixz,unknown
9de0759354032b4ff55f9e8f97a8c321,Puerta Plata,unknown
45199345c72c964b856bbd93e6f367e7,Dwc,unknown
371e81d2ffeea31e75cb4c052773fb30,Srq,unknown
e70b2f75a471c2de400041b15bb90481,Egypt,unknown
5399bdaa836738f86f94b7d7582d483d,Santiago De Compustelo,unknown
8a0a8f0ef202c7febe6938ba51ece10d,Québec City,unknown
676575d529e386dc3b925255a8a7261f,Jued,unknown
c1c12740dddad7c1fcc26b8ffc7b5102,Tarbes Lourdes,unknown
619386701676adc66ff0d4e6d1eace64,Paros,unknown
e440b26eca85530a498091ef4ccdb24d,Sen,unknown
d275600be74a61377beab6e6f55459f3,Kgd,unknown
ce0c0bc71a239b2c9aee87b005657dc5,Ft. Smith,unknown
2085ffb341cdb640c59ddd045c24bbc6,Bgm,unknown
8428826ed5aa95a9deb13c93ebfcf41d,Wroclwa,unknown
4a7c2486064edeecbd49ccd939c25468,Pew,unknown
418e044b646b3940c33cdd7656ef3a70,Milán,unknown
c40607b393556e43ce1e902cf938ebdf,Nad,unknown
808ab9b79700319cd2391ce6fb75ed1a,Peh,unknown
621f3f4b677109b01564795c2ca0c5cd,Clearwater Florida,unknown
169b1232d1f22ef2f0759a7d0aa62a44,Manzini,unknown
5a88155b55ffe83265501e7d2a3cca0d,Gda,unknown
eadbe29c8f6446e01b96af84dbd0b18b,Norfolk Virgina,unknown
934d8cc54a4c7be7128a76a2e68eb36a,Vilanculos,unknown
708ebb352a10b9fcb2018858288fa664,Kelona,unknown
3c7ba39795d46f02a37044d779152f58,Matzitlan,unknown
c66fae9d87ac13f7f335c91cd32e1408,Maniitsoq,unknown
b756103effeda32b3600d6b25f40a9c9,Njf,unknown
8b55129a9ff2a5fe442bbe58a8c3e75f,Palangkaraya,unknown
a986155a2bd697444781e3796a11f710,Kansas,unknown
a06751a64be59778a0eaeafed766cb53,Alor Star,unknown
fa0f5784ec4b5bb73a85e76a15743d49,Palma De Majorca,unknown
a76f2fb75adfdc1cf497b564371a114b,Berwick,unknown
da9dc80f9d6245ae45e79506a28b72c6,Orlanda,unknown
0c2a11419744ea3c5bb4ccc5cf9b9081,Legaspi City,unknown
4c7fdb8f55f4fc1ea2bd2d64e994a306,Dar-Es-Salam,unknown
dfa762be45e5aeb9a541ab3b722f5469,Dong Tac Airport,unknown
6df3eee9e3c18994063bef391fb257c3,Cjicagpo,unknown
2a6254816ffcd6f964c84190f0403df4,Suvarnabhumi,unknown
000c8eaeffae53c9302e27463ecc7e54,Wux,unknown
1106596fccbb3361884ce6b0886ba1e1,Libreville,unknown
8d0bc04489c00813a24466c1f8c33a48,Myrtle,unknown
b9b9533b71dab703096f18fbc94ddb13,Kerman,unknown
f6b4b6a5b7a5c4ebef6a4405d9d789d5,Gnv,unknown
82758201864e81b9463822563550f9c5,Qjc,unknown
2d590221a21b8e863075c8583bee62d7,St Pete-Clearwater,unknown
5c86f053dde433644d768e424512ead3,Iph,unknown
78e6e479c1a666481ff3990c265e8330,Ho Chu Minh City,unknown
34913ebcc8c368cc88aacf3388c45508,Txg,unknown
e3e50a36bbd773a3d6b86b739fe2d849,Hir,unknown
317acc1c08c4ca9e6a2cca8b187f74c8,Asp,unknown
d8d010258394f63ac2018f840e4e18ce,Palma Sur,unknown
16e20177156804a7d05902b987b69f92,Cucuta,unknown
1fbdd312f0bfec3569c36e31b7045f6f,Bucuresti,unknown
1e67e0e512008407322c666c9ca0ede0,Satrasbourg,unknown
d90256467587f96f6d107f18c21b136c,Guangzhou L,unknown
e01eb70f55157fcbf8c2efbf7bf396de,Medellin Colombia,unknown
b85cd775ab713d8cc3989ad17d26da44,Puerto Prinsesa,unknown
02be00262cc22a93774dbd0944ad787f,Momtreal,unknown
60e8bc1b6bb94c8c6dbff7d825e7593a,Doha Airport,unknown
94a57ca6630175cd9429caf50b6ee5b2,Québec (Yqb),unknown
2a0cb47dcd27042928317599735d8ff3,Venezia,unknown
c487256d3ed1b1040680e7d8b23b3977,Kulu,unknown
5b90b4f44bb9dcd00989faef9293bb07,Tbz,unknown
bcc4a1ab7d422a134f46a7ff9540dbe6,Mexico-City,unknown
e3d3f3b96e83cf2cfea8baf1809ffcc6,Tlvb,unknown
d280b84dde979d1a22a08ae93d3042c5,Trinidad,unknown
9dd2be67d538aa53b0c30dc4e7e25a4d,Pbvg,unknown
6044ab92f2656adcc39291d5565b3e4e,Huatulgo,unknown
9bb6a786fd5796bbd7b31d69ada8d17f,Guilin,unknown
baad6869faa1843c9848c5b237f29c9a,Kuala Luumpur,unknown
7ad951a2a728a4c84cb829e3b2a79536,Tiv,unknown
b587b6a517e54f33cd64f83c5f27ea05,Zanizibar,unknown
2e72e4b3939f8540c47c61a50b90916e,Kuala Lumpuir,unknown
34226bc2e569fe419c1dc4aeb51e8b37,Peuto Princess,unknown
24324a3e21f918c0c7682a0acbed9425,León,unknown
b97175a8b7b2a7b7afcbeae08995a7a1,Sao Tome Island,unknown
5ffa0762555f130e7c3dc01abbaab315,Chennai Return,unknown
c50eb1d3a2e94f732557848c18ebcea6,Cheinnai,unknown
7171519400e66f9f9f01fab6dd6a3448,Neveda,unknown
0e19622e62c4fb56db3702794ee313a4,Hux,unknown
da2340beb456b47e538c16c5c3ecd4e3,Damman,unknown
78c418ad0f1fac024b524699af10cb42,Rio Hata,unknown
0f54ef4f4b586a8afd5c611e6fd0204f,Nukualofa,unknown
625f960669035b143fab4f0d57a271f9,Ireland,unknown
a521fc6c2b19ff955d6620f486a0c72f,Dharamsala,unknown
debc92ac30a72414f78fb454efaa2dd2,Knoxvillle,unknown
972404ef4b96da8361675c49bcff0dbd,Egilsstadir,unknown
95bfc2ace333d11616294da808caf671,Dueseldorf,unknown
7f0266fa25dc1bbab3c3454f44121595,Waimea-Kohala,unknown
f51e77373957f7a61e8c54cb3545ebc1,Charlston,unknown
93f9b33789e43ef55ba829e7593ea183,Providence Rhode Island,unknown
3b3dec9226a916b1ec1ee8bc1a0dea47,Lgew,unknown
ab307a08e0db03587f5c688a3dc69ddb,Honululu,unknown
862041276beef5e7cee9db427c45d402,Moskow,unknown
88cb45b76290d4b5403f4ee37d48be32,Tyler Texas,unknown
e72d713e6661d48640b0dda350dc8c93,Praslin,unknown
13fd1980801e1a891daa8716b182dd34,Angeles,unknown
50ed145dd9b686c3625631463019d02a,New Oeans,unknown
18b499cc7aa9da6679e073d47dff9123,Kampala,unknown
772c40c0b59aa5fee74e3ac42c1cf277,Piarco,unknown
20f3cd822c005e200b532a6cbcdf1711,Het,unknown
ec30356ac5eed679592653908dfe53a2,Brive,unknown
04f944e7cf49bf16730314170731bb59,Wasington,unknown
d531ed9270b33461dba85104d7cb5c15,Brasil,unknown
be5c52e63bf6d47e7fda3d1827abc3ee,Mic,unknown
9ef0cdda2416d02833170ea24aa390b0,Bxh Tocpt,unknown
7439a3cff50f8b8aaacb9b16cd6bedad,San Jose California,unknown
048903f81dd7c84d1f01bea8f9f6fb01,Baracoa,unknown
42d942b8c67a0d8dc3abc6d69f772160,Kozikhode,unknown
31e13f172fe03cecc6ac266913c567bc,San Juan Puerto Rico,unknown
b768628a02b4a6eba0172516a6a27573,Ssan Francisco,unknown
cf96c1b445abc335c79bc0dacf96e36e,Mlb,unknown
5346641de8af228d7d02f11c7ce007d9,Londonto Penang,unknown
b78af13058f7400421cb32d2e55b72e9,Milam,unknown
96629307bc9eed18794e4f8384e2f60f,Concord Regional,unknown
13cc2407b19e90c4be7e44868d658b3c,{Vg,unknown
346000001f625971ffa295e8083af000,Delaware,unknown
37877b38a31f84d1c11301767be000a1,Santiago De Querétaro,unknown
36c6efffc7eb654d8a646f8a28a48103,Awasa,unknown
00a6f2771569f2d9e698d2fb09a1cce6,Lun Toi Hkg,unknown
4f9a7c08422444ae50cf11c991698552,Trenton–Mercer,unknown
c5780ae78daa3e97595dfd2f2b6d8fb1,Drwq,unknown
08689ca477c1a02eafe78d2b3c83d335,Madison Wi,unknown
73b256de254cd63b0aab0e5f412258ef,Kaoshiung,unknown
585d42265152b2f9a4cc96fea96f0659,Timaru,unknown
2d282b832208f4face681641cc6ceb73,Deerlake,unknown
dcb3e57083b242956f51ad6784443d44,St. Cloud,unknown
9e1f4cdc7c2a4cfbdc1cf35b6f0b45d3,Aal,unknown
dc513217b4f15c640b88874199c9b5da,Ulaan Battar,unknown
310e11c1511dca62b825af6b43799b2a,Cha,unknown
b5e64aca873b3e9b63f426b9c608720f,Bij,unknown
31d98b44f5e43c6e751aecc0f666e564,Los Anfgeles,unknown
68822b88f564a520e62e7acf7f2caaf8,Guanzhou,unknown
81a1c2b0908cfcd0914d211930370adb,Johar Bahru,unknown
9fafc36e2cb446ad0b19ae965521b560,Worthington,unknown
c50f6a28a748547f5db44939b819c16c,Aquadilla,unknown
623d02c2f94e0d08dca7e0816ec73fbe,Huizhou,unknown
06d9fb490c5bbb7acc71e2452311265f,Tulsa Sioux Falls,unknown
2a3977bec3cb8a95254269342d47a523,Jilin,unknown
7849f7cec2f3becc472c0ec83607c234,Lisbonne,unknown
4e4b351f837a562644b85ab9424e806c,Koln,unknown
0599a396346c5dd1e0530ab31c73999b,Fergana,unknown
9bf87c5531daf0681a83cc9ec73dc8bc,Philedephia,unknown
fcc65c43f9c0a13d28c7b12793d0e1e8,Dli,unknown
159b13f2f67c25f487268c122e28e141,Goal Todoha,unknown
9f106655891c52ce146941ba105c237d,Horn Island,unknown
46d8c60fbfc071bde83105c9ae00f97e,Nrn,unknown
8a63040cb33372b23deae8d4a679e70f,Rovanimie,unknown
91f109d1251533f06d7aa963d62e3d95,Mactan Domestic (Cebu),unknown
e57ef01baa29456d05e284b5257f5f7f,Ixtapa Zihuatanejo,unknown
d03e629b47c99fd947230c260396e50e,Dunhuang,unknown
b49f527e09e393ad14dce7769f5b6755,Pangkalan,unknown
cd76b8c778909f7d621d95a519c11c97,Mhh,unknown
962cab5e72d615838bdf13b17c931866,Cyvr,unknown
39adffdd628ff195a757c594291ac0d4,Dusseldorg,unknown
517ed5c1fe791da18d24bbf3cd909b4c,Usinsk,unknown
9a87548838d386e48ae95d32ee601596,Köln Bonn,unknown
37698221158385cd532a15a5fbade69f,Bangalore Tochennai,unknown
78bc1e0f0a8626784e635435b57c9c57,Mactan Intl,unknown
960fa08f106e98cd3993249c75ec010b,Ho Chi Min Vcity,unknown
45913f9f3afec3693a398b0fcf8dd2ed,Moc,unknown
880a5f7d8a86ce8a0e95b32429eeb064,Cusco Peru,unknown
e27801ec80b544e46c2d2f2a9c9c7a4f,Puerto Vallarta To,unknown
0440dc1158f9c758359f3b28dc2efa07,Add / Dub,unknown
bd3590cdc0c0b51110aff849d22ec4eb,Palm Coast,unknown
40761c73a0376e0849337f7e5e2faed4,Kuala,unknown
408a08ea8997de0892ba26c9885e7acc,Selangor,unknown
87d62977d4a978bbc47f0155e7431bba,Panam,unknown
05a5bbb7627804213204b92c138fa06b,Air Canada,unknown
7d283c87459b1dc4ab09ab977f6d94ca,Jaunpur,unknown
ec130f75d8fb111453437a75daaf2409,Kuala Lumpir,unknown
76991f78ae863c61ab80320bb9949edf,Stroudsburg,unknown
58e138dd3ceb9d38889ca0fbf6843329,Abidjan / Niamey,unknown
15d3ea4117c11ec6802d582cf19680d4,Santa Cruz De La Sierra,unknown
b0c06cd90434d688fbf6979121d7f820,Lagoa,unknown
ca9623d3ac66e9198e31409d69b1ae98,Muscat/Abu Dhabi,unknown
2897beac5136c66d7095e91aa53a0838,Ala / Fru,unknown
356b4191fad7ef9576df14c449881dc9,Bangaluru,unknown
6fdc42bf41f07748cf37317eb90e8bd2,Almaty / Astana,unknown
47e18ad568263bcd12f89f1c8c710f5c,Mun,unknown
e78dcf3df0983274b23de0fec65a7c6b,Kefavik,unknown
39ebcf1380825178fa4240b5c1b681ca,Ilok,unknown
97ff1f85e336898d59a0e900957ba0cf,Rejavick,unknown
39632b83125ca92c5c3e9934fe5eb972,El Savador,unknown
4c740b8a0427d49219475add42764211,Myrtle Beach / Ft Lauderdale,unknown
4e27e6ec160357620b52238474f4a8fd,Kolkaata,unknown
