customer_id,customer_name,nationality,number_of_reviews,first_review_date,latest_review_date
a82735617c2af83e9871775d7b3b972d,Andrew Schmidt 13,New Zealand,2,2009-03-03,2009-03-03
a2aaf0befd7055f0b6bfab399b44e3e0,Christopher Haddad 28,United Kingdom,1,2014-08-12,2014-08-12
05633fde55538beb8b5bc35bf0e9e943,Daniel Schmidt 16,Canada,1,2017-01-10,2017-01-10
f428e87579e34b5fd0945d2dab64b851,David Clark 28,Germany,1,2014-07-09,2014-07-09
1eb055a16765b931a7d5744fb1a0d84f,Edward Harris 23,United States,1,2016-02-07,2016-02-07
84444ab6de5b3334eb9811c24a42d925,Helen Allen 16,Trinidad & Tobago,2,2014-10-27,2014-10-27
ae0273e091c8332399cc3c97a1ce29e7,Helen Perez 15,Bangladesh,3,2015-07-21,2015-07-28
29210a5aea6222719d83da6d2f378b2c,Ingrid Mitchell 23,United States,1,2019-04-14,2019-04-14
00c0fab321a762e4a83bc6ef8850e236,Jennifer Hill 26,Australia,2,2015-09-15,2015-09-15
42db474192214fe60432819f03613bd0,Jennifer Schmidt 28,United Kingdom,1,2007-11-13,2007-11-13
7d94a71f3716db820582ad10ecfc5820,Joshua Carter 5,United States,1,2018-01-01,2018-01-01
920288d22d9dbad6551e88075c0bba5d,Kevin Torres 12,India,2,2014-03-03,2014-03-03
4edb3f37184eccdaaceff397b7576675,Mei Jones 30,India,3,2016-08-26,2016-11-08
776e561f10edd03fdd5513e5142493bb,Michelle Okafor 28,United States,1,2024-10-03,2024-10-03
1487a334317dabd3f3e17bee69ec5c88,Priya Patel 19,Czech Republic,1,2019-07-21,2019-07-21
a47703c2c10cd8e06d69812753c44fb0,Sarah Torres 6,United Kingdom,1,2009-03-03,2009-03-03
3ec79730daf930daffa042c75979bd9b,Yuki Hall 21,Canada,1,2020-04-18,2020-04-18
d93063ebe2d7ea84e8e90d3eb12a21a1,Andrew Petrov 18,United States,2,2019-04-09,2019-04-09
cbefd5c9d31c01bc9dd48264ae1c97a2,Anna Kim 17,Brazil,1,2014-03-10,2014-03-10
95baa99e6ec2b4f90d47e3bbfc7d4ca2,Brian Adams 30,Taiwan,1,2010-08-26,2010-08-26
50682e914deef1be76a75a6a3fbde5f8,Elena Davis 6,Netherlands,1,2018-04-30,2018-04-30
b742811e5bf6d1254186e0ddd872c74b,Hassan Patel 10,United Kingdom,2,2017-10-09,2017-10-09
5108604d273125507e05df3f3f6b3fca,Kimberly Davis 17,France,2,2017-11-02,2017-12-01
3d55303349eb9d8a81abf293d7bed899,Kimberly Jackson 2,China,2,2016-04-19,2016-04-19
60a9918b617a0597155119d4cc5b40b5,Lisa Mitchell 29,Germany,1,2014-08-05,2014-08-05
8b0b2a2faf30f73fea5fe805ca3b2f47,Michael Gonzalez 17,United States,1,2014-11-19,2014-11-19
1e7ba90ebb16c26ca0893cd49afeca3b,Michael Gonzalez 26,Sweden,1,2015-11-03,2015-11-03
74090f8fabeb49ff9cbb1ae0cff9728b,Omar Williams 4,United States,1,2024-07-27,2024-07-27
683b72698e117c1224867f72c20796fa,Raj Green 26,Canada,1,2016-02-10,2016-02-10
eeb5973bf385e8d35a0421acf7dda0d4,Robert Thomas 19,Italy,1,2019-01-11,2019-01-11
a57fa72e0b692600a01f72f36d34d400,Ronald Nguyen 26,Australia,1,2011-09-19,2011-09-19
fe460d1dcd5a3197212c5ad1cedbccf5,Sandra Torres 22,Oman,2,2013-04-20,2013-04-20
cb78166d915341e16fd511388f1c5a56,Sharon Nguyen 15,United States,1,2018-02-16,2018-02-16
b067820a06f65056d5d78fb5b4e4fc53,Yuki Young 28,South Africa,2,2015-09-14,2015-10-21
ee20779660f520662222a0c99901e9ad,James Ivanov 29,Belgium,1,2008-08-17,2008-08-17
45623f31c958b67febebea248ee2b126,Kathleen Scott 7,United Kingdom,1,2015-06-22,2015-06-22
7eb7dc5e73443d0ceb470e0efd8cfb45,Nancy Allen 27,United Kingdom,1,2015-08-02,2015-08-02
4a4315f1ab7174f1b06ba487d7a98ae2,Omar Moore 31,Oman,1,2016-07-09,2016-07-09
7df357e1781908816f296f24e1bc5af0,Omar Rivera 5,Switzerland,1,2015-05-29,2015-05-29
53ec3dd19c877877fda9d6a61bb0c392,Priya Carter 30,Australia,1,2014-01-06,2014-01-06
ad15bcac88ed443994577ea651e3598e,Raj Ramirez 29,Malaysia,1,2017-12-16,2017-12-16
e3c1ba6e54c860cda76450d699a3c8c7,Ronald Wilson 12,United Kingdom,2,2014-03-11,2014-03-11
c0315a673fb0e98fbaf4905142816041,Sharon Lewis 30,India,1,2015-10-04,2015-10-04
846f75e71bd05dffdb9bef005082c5bf,Yuki Williams 5,Malaysia,2,2018-12-27,2018-12-27
d616f23b081a3ea1d6550bded2ea7dbf,Amanda Allen 11,United States,1,2016-02-22,2016-02-22
eb8598286bdad670552d2251ad2c7492,Anna Martin 26,United Kingdom,1,2022-01-06,2022-01-06
254bc3632a64395f5b0b9f5e18477f03,Brian Brown 5,United Kingdom,2,2017-10-21,2017-10-21
99b2c99e0ea9d5988f2601a284bc3da1,Christopher Adams 5,Australia,1,2016-03-05,2016-03-05
f11b0ff332a4b1a01e07a4c2e5ee5aa5,David Nelson 3,United Kingdom,1,2015-08-16,2015-08-16
bd978dcb0f9f48af940974c3bca1ffe5,Jennifer Patel 7,United Kingdom,1,2008-09-17,2008-09-17
3b1303b87fac82fa493fb46d50fa312c,John White 9,United States,1,2017-09-13,2017-09-13
2d8b15e78e75025daef0d3a19e1bc336,Linda Brown 12,Australia,1,2011-04-05,2011-04-05
6efe1dbe10cdcceb3bede5e3ed3d0a35,Matthew Young 13,United Kingdom,1,2025-12-28,2025-12-28
2218a5b9384648791825794dde88cd12,Michael Thomas 23,Canada,4,2015-07-04,2016-08-04
4269369457240afffab76140eb9a0069,Michael Wright 11,Italy,1,2015-07-28,2015-07-28
9d41cec31d84c5b17219372c09b887f1,Sandra Ramirez,Malaysia,1,2022-11-10,2022-11-10
a38c5563e149e795f2e2d6b84c9cdd2b,Anna Singh 16,United Kingdom,1,2010-06-06,2010-06-06
9a932ad869424e0053d778287ef83cb6,Anthony Kowalski 13,United Kingdom,2,2014-10-27,2014-10-27
8a6bc36e88e80b77cfa4b51172496067,Eric Kim 27,Switzerland,1,1970-01-01,1970-01-01
786f6a0464d4558cbfec69f6b9540e00,Kenneth Gonzalez 30,Italy,1,2018-08-13,2018-08-13
e18990e31152b74eca6775bfaf95f716,Kevin Hernandez 9,United States,1,2023-09-29,2023-09-29
0ec5e2e8303a916b1045bf9e2d95692d,Lars Ivanov 31,United Kingdom,2,2013-10-24,2013-10-24
66e1a0e73d07257054a095c98b325cf9,Linda Gonzalez 26,New Zealand,1,2017-09-04,2017-09-04
ee8bc7215548a4b542b64c35df2a91aa,Melissa Kim 7,United Kingdom,2,2017-05-02,2017-05-02
640fe1b4a57b3c893e249ca39acf8359,Patricia Brown 2,United Kingdom,1,2015-09-18,2015-09-18
1f227eb072eba304b727132c3059daea,Ronald Jackson 29,United States,1,2018-09-19,2018-09-19
835cce638182dc73c167ddaa35105df3,Sarah Lee 26,Canada,1,2015-12-19,2015-12-19
883f5fc0198cb3f14f4b46122cd932f9,Sarah Miller 31,France,2,2010-06-06,2015-01-28
bc065282c12fd3f25c0673527c6ca9bd,Steven Ivanov 9,France,1,2015-02-21,2015-02-21
e312d23bb0e3cf08d61b577868c612ac,Wei Davis 8,United Kingdom,1,2016-06-27,2016-06-27
88e579c96748f1eae7583912e991d47a,Ashley Tanaka 28,United Kingdom,1,2018-09-16,2018-09-16
7db23f9b2fa15dd4e71bcad57e6a79d8,Brian Roberts 15,United States,1,2016-06-01,2016-06-01
666f599a952678905ffa535f2a62e019,Carol Mitchell 6,Switzerland,1,2016-05-26,2016-05-26
a6898e3b4d1e6b0d1f4b6f33f70d3d64,Christopher Ramirez 25,Thailand,1,2017-06-12,2017-06-12
18b64b378f2e5fad9c62b7ffd89cf5ba,Daniel Carter 10,Canada,1,2015-09-27,2015-09-27
be3d2c160f8b2cbad150549c54507f92,Donna Harris 9,Canada,1,2017-08-13,2017-08-13
ed1bd5afa51db830aaea8921b6744bd5,Elena Wilson,Canada,1,2014-03-03,2014-03-03
b5b3282dc55e76aabd6ff6637a4f278b,Hassan Petrov 8,United States,1,2014-11-19,2014-11-19
af88b5b0ded63017be326e7fbcccc754,John Perez 28,Australia,3,2024-09-13,2025-10-05
e5a858c06332651a7cde9e32d804aa81,Joshua Harris 15,Israel,1,2014-07-25,2014-07-25
30ab6f425692ba06d0a02bd50eb19601,Kathleen Mitchell 13,Netherlands,1,2008-12-10,2008-12-10
0d5680f99ace377d2a61d4fcdb9b3b6f,Kenneth Okafor 15,United States,1,2019-05-25,2019-05-25
c0986900638b54001be88957924f0f76,Kimberly Martin 7,United States,1,2017-01-08,2017-01-08
9da6df3b5e03b30ec41d5d42ac8330b3,Matthew Miller 5,Austria,1,2014-03-10,2014-03-10
6576cae1f34230b3f22a03136c44777d,Matthew White 24,United Kingdom,3,2009-01-06,2016-08-26
88aa29d251d49349b2c2ad289af352b5,Omar Carter 23,United Kingdom,1,2014-01-03,2014-01-03
d2a536bad7c81d5b10537abd6f21f235,Omar Davis 9,Belgium,1,2023-12-29,2023-12-29
904c1d289552b2b1a00723f11d8cb8bd,Robert Garcia 5,Philippines,1,2017-05-09,2017-05-09
294118f3288c854dbe277eb9329e40dd,Anna Torres 20,United Kingdom,1,2015-05-30,2015-05-30
41e3d3062d63c4a0ac412d8d4231d839,Ashley King 15,United States,1,2010-12-20,2010-12-20
ad727d4ed174df8dc3ce3a58ef4691d4,Carol Smith 5,United States,1,2015-05-30,2015-05-30
3a3cc420e5c03b6b567cff17ef0dc6d8,George Thomas 11,China,1,2017-03-16,2017-03-16
f1f243a238a0755713a6848934beb86a,Hassan Haddad 10,United States,1,2015-05-29,2015-05-29
9ce1ad29a69bf79a8b36856e379aa944,Joshua Baker 30,United States,1,2014-11-19,2014-11-19
4667c7442f3ab6d88398455ca5de0c05,Karen Harris 27,United Kingdom,1,2018-05-12,2018-05-12
a482cdb22d3b69875c2bf6e3ea265660,Priya Wilson 11,Israel,1,2013-01-22,2013-01-22
26addf1c1cb3db3e7d4385cf93707b39,Sarah Gonzalez 18,United States,1,2018-08-14,2018-08-14
cc5554e99648e15bd7e60ab9af2d1b1f,Sharon Hernandez 22,Belgium,1,2015-09-22,2015-09-22
7b2abf258c8584d20cf3d476994aff2c,Thomas Singh 24,United Kingdom,1,2011-10-22,2011-10-22
994a1b3e111f441808d03b2c9be3e566,Carlos Andersson 4,Sweden,1,2012-12-24,2012-12-24
d44becafafb74c1f400e9c3afb9aba88,Carlos Martin 26,Australia,1,2015-08-14,2015-08-14
d94c40e9c6871a375ad3cbc6b16aec1c,Donna Mitchell 13,United States,1,2017-02-03,2017-02-03
09350f086a0f4b120dfa12cef0f97b2a,Jennifer Young 5,United States,1,2018-04-11,2018-04-11
a215d1a135b6ed62cc8f9b3cb18971a3,Joshua Thomas 16,Jordan,1,2017-09-28,2017-09-28
311288b371fe93e4b9f6612237e0bd76,Kenneth Martin 13,United States,1,2015-01-28,2015-01-28
fe28c6edf7dddcf71fb3868ca2f291e1,Laura Kim 30,United Kingdom,1,2015-07-25,2015-07-25
8a96373312ea2d2fa000d90a8eb91165,Stephen Wright 7,Austria,1,2016-04-19,2016-04-19
7b2fb75097bf087714c977b1429332ee,Andrew Martin 18,Australia,2,2015-05-29,2015-05-29
f24c0d1ab013e39bdbb2ccb5e143053d,Charles Baker 18,United Kingdom,1,2015-11-21,2015-11-21
8e6a7ffc6cba7be52924f4e919a342e5,Emily Lewis 12,India,3,2016-03-07,2016-12-04
e4fbe5678263e555d7f0de336b4c329e,Hassan Perez 21,United Arab Emirates,1,2015-12-14,2015-12-14
b08d619750c718fa892d91500a12644e,Helen Sanchez 10,New Zealand,1,2017-11-01,2017-11-01
4dbbba53450f367833cf158dec9c6b1e,Ingrid Clark 26,United Kingdom,1,2015-07-03,2015-07-03
4d3db16b64c9544236689313d46eaf1e,John Campbell 5,United Kingdom,1,2013-02-15,2013-02-15
4253f27376877ceb9345be55b08b80cb,Laura Scott 4,United States,1,2024-07-18,2024-07-18
c9385677fda7154b08cd55826fbb969c,Paul Schmidt 3,United Kingdom,6,2019-03-10,2019-03-11
21623832c5d143f3d17c6f11ce195f05,Raj Lopez 24,New Zealand,1,2009-03-02,2009-03-02
c8062593c1d60a5306351fc6a219250a,Rebecca Costa 26,United States,1,2024-06-27,2024-06-27
e44c285bf2839110884bacd1c4820897,Sandra Martin 4,United Kingdom,1,2011-04-05,2011-04-05
7b1029acb4af8c09f6bb4709688f1a5f,Sofia Rodriguez 27,Australia,1,2019-11-01,2019-11-01
3f9cd63a01c015d191a57c2e5f21d951,Steven Nguyen 25,Canada,1,2009-12-31,2009-12-31
c54b74423d41ff165bfe1411d19c6a73,Aisha Miller 25,United Kingdom,2,2014-08-02,2014-08-02
008468578a2e7f08f584b9fd61dbd334,Amanda Wilson 14,India,1,2016-10-18,2016-10-18
cd54afc5f1702edcd46eb277fd79b804,Anna Andersson 28,South Africa,2,2008-08-17,2008-08-17
41d3344197ca054a24b069cf70ef15aa,Charles Scott 22,Australia,1,2010-04-14,2010-04-14
9ef9f9702eeac6ad87b1d19df373464b,Edward Thomas 29,Australia,1,2023-08-11,2023-08-11
2ed72bd1f1f2990c85040e54e0898b82,Jennifer Davis 4,United States,1,2016-08-11,2016-08-11
909fd54a6b68d41bfaff8307fa3de0e0,John Nguyen 31,Japan,1,2017-08-11,2017-08-11
af05fdf3e6291d4b6f99bf931328c2bd,John Tanaka 24,Japan,1,2008-09-06,2008-09-06
dbf009c2940dd512a6298bd39a30c4e9,Lisa King 11,Singapore,2,2018-03-05,2018-03-05
c3f78dc545438e73f2de1ecaace0019a,Michael Roberts 26,Canada,1,2019-01-20,2019-01-20
2bd67fe97427f84e2b5873b4d7e093a8,Paul Hill 6,United States,1,2009-03-03,2009-03-03
dec93dfa0cb324baa41129205b19ed1c,Rebecca Smith 29,Germany,1,2016-11-18,2016-11-18
99a864fffa72fefba32ec79b11f59678,Robert Lewis 17,United States,1,2018-11-04,2018-11-04
4b81f4bfb4fc2624e991ecfb4c0fbbe9,Robert Roberts 27,United Kingdom,1,2017-03-16,2017-03-16
c33e85e56a5036c531a14ae60bc4cc87,Ronald Petrov 14,Germany,1,2014-07-29,2014-07-29
7f520ca1e569a133b8c8d177e82f039d,Sofia Andersson 24,Ireland,1,2014-11-19,2014-11-19
ba4c448f25ec392223de789a078f3cff,Steven Allen 25,United States,1,2015-09-30,2015-09-30
a8b6d7f4154ba91a0709f1af6a445631,Susan Rodriguez 11,United States,1,2015-06-24,2015-06-24
2657f8d62d8464fe409a1f04eb4a8863,Christopher Lopez 20,United States,1,2010-07-17,2010-07-17
6baa41d95e2e731d2900e3f1ea02ecfa,Diego Mueller 5,China,1,2023-03-16,2023-03-16
cd9724d165cbd369c076f495ffbad05c,Elena Torres 17,United States,1,2015-06-19,2015-06-19
0812319a347259534300cef794aa18c6,Helen Adams 27,Australia,1,2021-03-22,2021-03-22
5b80cc02abcd3c2990fdc9c308ba4497,James Lopez 26,United States,1,2022-07-27,2022-07-27
c74f8f820a4373246b43cf7b8a95ac92,John Mueller 5,France,1,2016-12-30,2016-12-30
38a7110f569374e83a8341f1cff6930b,Linda Andersson 14,United States,1,2015-06-21,2015-06-21
69a30609b5f43a79131b739fb83c8713,Linda Nguyen 22,United Kingdom,1,2014-03-03,2014-03-03
79ec6ab9901c10143f6e5a7ae8d3f950,Michelle Chen 19,Italy,1,2017-01-08,2017-01-08
bc52af3cf76d2c69a25f6caf79599eed,Paul Tanaka 9,United Kingdom,1,2023-12-13,2023-12-13
13b9d507291c5e644b1c90e59bc7a475,Sarah Haddad 13,United Kingdom,1,2015-06-14,2015-06-14
ef95b92dd19baf7a87f88cd3d617f5dd,Sarah Johnson 17,Singapore,2,2015-11-09,2015-11-09
0c454203f1d1d85232cf833dde8569f1,Sharon Flores 26,United Kingdom,1,2015-06-20,2015-06-20
88ca67bc17c238b17710de3ebe608d6d,Thomas Martinez 23,United Arab Emirates,1,2016-08-14,2016-08-14
74365c11dd14e50404231c260b45ee2b,Fatima Hill 18,United Kingdom,1,2010-09-06,2010-09-06
251bfbbada22341dde7aa7d625c51e69,Hassan Smith 5,Australia,2,2023-05-08,2023-05-08
b6a4e4010e6292a54a01b6e736866bb4,James Hernandez 13,Netherlands,1,2017-11-21,2017-11-21
9781986f4e9c1cfc38e49ad93cb0dbe8,Kevin King 24,Kuwait,1,2022-11-10,2022-11-10
13536f1e5622f9553294869d41648d40,Kevin Wright 14,United Kingdom,1,2014-03-11,2014-03-11
a5f553be5aa86b52630beedd534e7ee2,Nancy Anderson,Slovenia,1,2024-03-16,2024-03-16
a1988b75d79f14fcc97d5e88388ee981,Nancy Flores 13,United States,2,2017-04-30,2017-04-30
a69f29233f2bffe6d9f1c1c6e2726640,Patricia Robinson 29,France,1,2010-01-20,2010-01-20
bbf8ead54d6e657bfd23655bd1b840ba,Sarah Rossi 17,Kuwait,1,2019-06-06,2019-06-06
a3700e834fce5eee4ae75c8cc7053d10,Susan Moore 17,Canada,1,2009-12-04,2009-12-04
f6171c5534706be0437af9b042c8470c,Thomas Garcia 13,United Kingdom,1,2019-01-11,2019-01-11
8a8e9a00331efd7432884d1776222bde,Amanda Martinez 24,Iran,2,2020-01-18,2020-01-18
8ada209a65363ace59e96aab36ef5dba,Andrew Nelson 11,Australia,1,2016-02-08,2016-02-08
2d85277f645ea0174c0c09c163b77d53,Carlos Hall 13,Germany,1,2018-04-09,2018-04-09
00581284254ee1ae236c654f14be53d0,Daniel Ramirez 3,Philippines,1,2015-10-21,2015-10-21
38a39ab9eb38b6c06bfc36a0044565f3,Diego Lee 19,France,1,2016-07-19,2016-07-19
529b37051b3dadf2c0fb791d48c5cd21,Hassan Okafor 10,Argentina,1,2014-03-11,2014-03-11
aab9fee2595746c49b165cc20af28e26,Lars Tanaka 3,United Kingdom,1,2015-06-11,2015-06-11
4f8ed9d4bb61fdc5f27544a10904f4d1,Mary Ramirez,Singapore,1,2013-04-20,2013-04-20
d879fa2af6a1efe414de20d09764a15e,Sofia Nguyen 7,Australia,1,2023-05-28,2023-05-28
c94a6b0d862463d1ec815e36b3c6e557,Steven Campbell,Netherlands,1,2016-09-25,2016-09-25
2b08283ee684b7791ca87be12402295e,Carol Lopez 5,United States,1,2016-07-20,2016-07-20
3ade4441c3c467fb92173e2c474b8acb,Charles Lewis 28,Malaysia,1,2016-03-04,2016-03-04
0147907f99b37bf2e87c6b1f0ea827f2,Christopher Sanchez 7,Canada,1,2020-01-31,2020-01-31
6e39292a481316548c264d65233657dd,Emily Martinez 15,United States,1,2015-09-27,2015-09-27
72e20eaecfd205d711d55e2e7bdc11b6,Rebecca Lee 4,France,1,2014-03-11,2014-03-11
0eb36de6829a21552cd508ca05a206ed,Sarah Andersson 24,New Zealand,1,2013-01-01,2013-01-01
e089f24e4d0383cc0d0c912c6c524b96,Sarah Patel,United Kingdom,1,2023-01-10,2023-01-10
fe41d9d899246ed61fdba1f2d2b313c0,Yuki Baker,United Kingdom,1,2016-06-14,2016-06-14
846685463b25fa1fa3751c430b5c878b,Anna Andersson 28,United Kingdom,1,2016-04-03,2016-04-03
11b87a8abbe1fac864969892d0c26a7a,Christopher Lopez 16,United Kingdom,1,2011-10-26,2011-10-26
88794f0a87c4942c2bce9acfd16210fe,Christopher Torres 28,Australia,1,2011-10-22,2011-10-22
6cfd5b96aec8d85cb1c6fbb43f409f7f,Donna Roberts 9,United States,1,2014-01-10,2014-01-10
eb153f80cb178da9892173217baced74,Emily Nguyen 27,United Arab Emirates,1,2019-06-06,2019-06-06
39c233e16b2398220d1b01b7fb4fb4ed,Helen Baker 4,United States,1,2017-12-06,2017-12-06
adaad7e68755e8c4522f84aa6e167893,Mark Tanaka 18,United States,1,2014-11-19,2014-11-19
4f13c345b6bc4514da3de58387ad508d,Omar Hill 29,United Kingdom,1,2016-05-18,2016-05-18
fb0ec3dc998ee6c0ebb3fd151a756bee,Patricia Davis 4,Australia,1,2010-07-02,2010-07-02
596f8e361b6646366054be931f34cae5,Aisha Costa 11,Netherlands,1,2017-08-24,2017-08-24
00471f009ae6ef59437523aa0e22fde9,Aisha Johnson,Saudi Arabia,1,2013-04-20,2013-04-20
d8149b3436792c61de6ddb2db7ef9860,Diego Clark 25,United States,1,2013-10-24,2013-10-24
1a154ed36ecf2a7e8a2f05fd98c50d58,Edward Flores 10,New Zealand,1,2015-01-28,2015-01-28
9b737e39f29797a8989609f06dfa031d,Eric Carter 5,Spain,1,2014-07-23,2014-07-23
bb0e31db1c6f4ba6cfafb60b873773a9,Helen Wilson 26,United Kingdom,1,2017-06-24,2017-06-24
636dd25bb667801d162afec7803677a5,Ingrid Martin 30,Australia,1,2020-04-19,2020-04-19
cdbd0c74da9276a0ff9b097070c8258c,Linda Torres 9,Netherlands,1,2019-03-04,2019-03-04
975867a0ead1c9f8718e8d6d3008c28f,Patricia Jones 3,Hong Kong,1,2013-04-26,2013-04-26
fe3e48843dba729889c3da00d980ca17,Paul Mueller 4,Spain,1,2015-07-02,2015-07-02
bebef7432d741d599be94314c1d02143,Wei Brown 12,Indonesia,1,2015-07-02,2015-07-02
1c6ec400b5e13df25517087c539b47ab,Anna Moore 2,Thailand,1,2018-11-16,2018-11-16
4170b24e75bd9aecc7cb5c4f826cfb38,Emily Andersson 10,Pakistan,1,2017-08-18,2017-08-18
33683d3fcd55db28e8d740e57750581a,Eric Williams 3,United States,1,2016-06-10,2016-06-10
17ce14a8f55cd2dbe63e43725f589994,Helen Baker 13,United States,1,2019-03-06,2019-03-06
a9ed605f7e6045b150a5a6c00812a1c8,Jason Taylor 11,Netherlands,2,2016-11-15,2016-11-15
1e9f30fd41631233df897a8851c6840c,Jennifer Jackson 25,Indonesia,1,2020-01-27,2020-01-27
9cf1ecbdc058245feb79be260f059474,Nancy Clark 6,United States,2,2014-11-19,2014-11-19
82036913b0cb0ef46601e8cef2e69db2,Raj Davis 4,South Korea,1,2019-11-28,2019-11-28
e2fad814bac4d44b4ff8f43af706ea08,Rebecca Martin,United States,2,2015-07-15,2015-07-15
6c79fcaec236d28a1db7ec4e31b50ccf,Sharon Ivanov 11,South Africa,1,2018-11-16,2018-11-16
2bbe0a77b9742dba92760b473826fc95,Sharon Thomas 5,Hong Kong,1,2019-08-16,2019-08-16
1cef2ccc020bd3f806e616c15c26d72c,Susan Rivera 3,Australia,1,2023-10-17,2023-10-17
de0293d5aa61f0d8ba33ab6dcb92b680,Susan Thomas 8,United States,2,2016-01-24,2018-06-09
55941fb81b065307c9efc33f3f6371bf,Andrew Mueller 18,United Kingdom,1,2007-05-20,2007-05-20
1bb1605b3fcd3558965173323cf6b61d,Carlos Roberts 5,Australia,2,2015-07-09,2015-07-09
1f33db516b68860cb3917b007ffbebcc,Carol Rivera 8,United Kingdom,2,2020-01-09,2020-01-09
969afaadfb4bd8f4af6fe73fda1d61dc,Elena Ramirez 20,United States,2,2015-11-09,2016-01-03
5e13d89cdf695ca0eb27de5279b8f25c,Eric Andersson 23,Germany,1,2017-08-13,2017-08-13
4112a4bcaccb194c3751bae1499f245d,Eric Perez 18,Australia,1,2016-04-14,2016-04-14
38aabe7e5e24ca2d4ab07ff002a0a9e2,Kathleen Nelson 9,New Zealand,1,2015-09-03,2015-09-03
70e6a57b149f8349e93c2c4190969fd9,Melissa Okafor 15,United Kingdom,1,2016-07-17,2016-07-17
f0da63d66b6db77f9781dafdb647c20c,Rebecca Hill 14,United States,1,2017-12-14,2017-12-14
57e9892bf274c5c2690d698c9115b2d9,Robert Rivera 9,United Kingdom,1,2015-12-31,2015-12-31
a5d2c28aa47fe2e28bc37e7c69e671fe,Ronald Costa 5,United States,2,2014-01-06,2014-01-06
30d27659c1f8aef4559444f3c7deab4a,Ronald Jones 21,United Kingdom,1,2015-05-29,2015-05-29
bac1d718f6080c7d207d901247e3e9e6,Sarah Martin 19,United States,2,2011-07-28,2011-07-28
3cd17b57f291ba8a420e472989344610,Stephen Andersson 8,New Zealand,1,2010-10-22,2010-10-22
db89c6e341b16bdacd2bb928a624e144,Yuki Mueller 24,United States,1,2015-05-29,2015-05-29
543e8bea0d6b4d6a4dec1224900abcf1,Amanda Carter 13,China,1,2018-04-18,2018-04-18
8cd52e7cf8d627ba5a6809c4035a3c87,Amanda Costa,Saudi Arabia,1,2009-12-04,2009-12-04
3b75f0e7ac14b5875761fdce27972741,Eric Chen 15,Australia,1,2008-08-01,2008-08-01
7eb5bf5de5f6a54f5e1bb7eee6a40922,Eric Thompson 30,United Kingdom,1,2011-09-05,2011-09-05
e17f0149b02f0f2fe6648b1a52384556,Fatima Torres 24,United States,1,2025-06-14,2025-06-14
04231edf7c02434bff2b86dd00651b6b,George Rossi 27,Slovenia,1,2016-02-08,2016-02-08
8ea17fa80088d90dc0e4baf1ebebc957,John Flores 3,United States,2,2010-06-30,2010-06-30
1e63c5b68bb61dbb1f8fddc68d7b38a4,Kenneth Garcia 14,Canada,1,2016-02-02,2016-02-02
14ac98f1f4551caac028fd0e9ce6d563,Omar Gonzalez 24,United States,1,2015-03-29,2015-03-29
8ad49f7e91629b5660c65e76732894b1,Omar Thompson 5,Indonesia,1,2019-09-29,2019-09-29
d3962b5cfb8a36de31d0883ecd17f6f1,Rebecca Williams 10,Canada,1,2019-06-02,2019-06-02
e4bef7a5d0d968af0a662c6883943a5f,Sandra Schmidt 19,United States,2,2024-10-24,2024-10-24
6043e1971c4290feb273a2b8e2e51051,Sarah Clark,France,1,2013-04-20,2013-04-20
331045fd5c29c22856864def2cc5b875,Thomas Miller 13,United Kingdom,1,2011-04-05,2011-04-05
d074db8e23a1c552b305a98be9a0522e,Aisha Petrov 3,United Kingdom,1,2015-05-10,2015-05-10
9a82b1da1d19b46533c3bb31c34d71a3,Daniel Torres 19,United Kingdom,2,2011-05-21,2011-05-21
526a2a4d5b0e679863d6917028e7224d,Ingrid Schmidt 13,United States,2,2016-03-27,2016-03-27
7ce5943a46ca7211aec135313937e8c0,Joshua Thompson 12,Brazil,2,2018-11-05,2018-11-18
a3ec009c01222d2731acaf3735c3ccfe,Laura Okafor 18,United States,1,2015-10-04,2015-10-04
611604d5207552949de69cc86ae11f74,Matthew Perez 25,United States,1,2022-11-07,2022-11-07
0b3981268bef06b3af977dbbf01c2752,Robert Patel 27,United Kingdom,2,2016-01-10,2016-01-10
c13254e8fcac882ce79e8449fae25d91,Sandra Jones 5,United States,1,2018-09-19,2018-09-19
da537a5d822c65967427a7653ac8c2c9,Sarah Chen 8,Philippines,1,2016-01-07,2016-01-07
64c5767e513fca7ebc654f47dda13b2f,Sharon Adams 10,Spain,1,2018-01-19,2018-01-19
b5d4fa2dfe80ceb3118f359e3a0d0f12,Sharon Lopez 9,Cyprus,1,2019-12-29,2019-12-29
946564716dbef0921d86ba13491fb9d6,Sofia Mueller 15,Canada,2,2015-01-28,2015-01-28
e93715d603c60fdd8dcde2efa8f1edd7,Steven Moore 26,United Kingdom,1,2015-09-21,2015-09-21
3ace6915a3dcc7293bfc1d2c958bd02f,Brian Robinson 4,Australia,2,2015-06-20,2015-06-20
8ae3f2f2c846952fb5236d9f81c926b4,Emily Campbell 5,Switzerland,1,2014-07-23,2014-07-23
6a5c3ff03c5c96dc1a6efad53555e3e7,Eric King 9,Germany,1,2020-01-12,2020-01-12
76e12814c94f5acfa2ca10116e890cea,Helen Torres 22,United Kingdom,1,2015-05-30,2015-05-30
310fd38bf3047464365db6efdf9369a4,Ingrid Smith 4,United States,1,2017-10-03,2017-10-03
917a218f5ba394bea8fc89541fbc877e,James White 2,France,1,2016-10-06,2016-10-06
a9f1922fe8b93e001fa1bd1759dcf911,Joshua Mitchell 14,United States,1,2011-08-10,2011-08-10
62f3e1014d86e0524e25f6d3f3aac65a,Lisa Thompson 30,United Kingdom,2,2015-01-27,2015-01-27
a363f7be45a6f75dfd44afa4feeb3a28,Mary Haddad 26,Canada,1,2024-10-14,2024-10-14
dcd064319e32afbed691afde0202acf0,Michelle Walker 3,New Zealand,1,2023-09-29,2023-09-29
9700cc435e7bc3cd6b912826bb92d267,Sofia Johnson 13,Switzerland,1,2018-04-13,2018-04-13
5037aac2c7f05d11118559778924e482,Steven Allen 11,United Kingdom,1,2018-10-21,2018-10-21
a992560374c268ea088e73d9c22dc87b,Aisha Anderson 29,United States,1,2015-12-05,2015-12-05
119cc307cc09891ad27d8d19a450e7ef,Eric Lee 5,United Kingdom,1,2016-02-29,2016-02-29
c9227ea8a29d24c66b9206b091db556b,Hassan Rossi 6,United States,1,2016-02-28,2016-02-28
071ef14150526290294444211d7f2b0d,Kimberly Chen,Australia,1,2023-04-12,2023-04-12
517d7f882f3c2eee0b3fdd6a0759815f,Lars Baker 25,Spain,1,2018-03-16,2018-03-16
0e2f3e4a09e66f65f7d10376d6b0556b,Linda Miller 26,United Kingdom,2,2024-06-03,2024-06-03
dcf827e467e4cad64da9622d38c97e6d,Mark Perez 7,Australia,2,2016-12-07,2016-12-07
cd4fea72a5bd675248e1b96491819078,Michelle Gonzalez 6,United States,1,2009-02-07,2009-02-07
729c49febc61a551468814f380fc59e1,Paul Campbell 8,United States,1,2024-02-13,2024-02-13
a4c3f2471a9a864e89eb8856af062703,Thomas Sanchez 7,United States,2,2015-05-29,2015-05-29
42298cc3343b51087b6c01f97a65258a,Yuki Campbell 3,Spain,1,2016-01-12,2016-01-12
21efb88c94e5cd347d7e0731dd5c2bbb,Andrew Torres 26,Netherlands,1,2018-05-01,2018-05-01
d404da4b81842848188755e25c1fdc19,Ashley Chen 17,United Kingdom,1,2013-01-01,2013-01-01
9f7c2518096bd0505a58f76b4fcbc52a,James Martin 6,Malaysia,1,2016-03-24,2016-03-24
7d17081d623385b6fb78715094aecbcd,Lars White 5,New Zealand,1,2015-05-29,2015-05-29
e75a68bf9056a402ccf15beb2ad314c8,Patricia Lewis 25,United States,1,2023-05-05,2023-05-05
5a675675ec307987737a19f0b76f72c4,Ronald Petrov 10,Canada,1,2008-09-29,2008-09-29
d622d879e8a6fdadefec405e8b03622f,Sandra Wright 27,Indonesia,2,2016-02-28,2016-02-29
2bcf3a7c0f8a660d35fa6e38a4fce388,Sharon Nelson 11,United Kingdom,2,2013-09-06,2013-09-06
cbb45764fe906de028a26b45bedc58ac,Sofia Jones 30,Portugal,1,2017-03-05,2017-03-05
c369d87c57849aeb9b66beac99e0f49c,Sofia Thompson 29,Australia,1,2015-01-28,2015-01-28
b7657fb814537db8c3bbf67e71626ff9,Amanda Roberts 2,South Africa,1,2016-11-06,2016-11-06
fd56e3d492705253c84a553006b0caa6,Amanda Thomas 8,Australia,2,2019-10-01,2022-08-27
75ce9b94951cb17d10b0eb4d77c96cd9,Ashley Tanaka,Australia,1,2015-01-28,2015-01-28
424b2e1b2c20b8c57dcc85f768d9caef,David Hall 18,United States,1,2015-01-28,2015-01-28
16bbe04a2eb3b07bcfdf1e20390a3b7c,Jennifer Campbell 22,South Africa,1,2011-07-10,2011-07-10
981801972517530cec014f92572f6759,Karen Lee 4,United States,1,2011-09-19,2011-09-19
ea68dfa30d5dfbaef4390096c4d4c2fe,Laura Adams 15,United States,1,2010-02-13,2010-02-13
ca924659bd18309e9178b02438ecfd5f,Mark Mitchell 21,Netherlands,1,2013-04-20,2013-04-20
90bd308ddfa49f4589903ba6502139ed,Mei Chen 30,Canada,1,2019-10-21,2019-10-21
ca787b86e8c89ad2722cd7400201e58c,Michelle Brown 14,Singapore,2,2015-08-06,2015-08-06
5fc8734a1d17efc2f4db79e293fa686b,Patricia Clark,Australia,1,2011-09-19,2011-09-19
ee34dbeb9619ebe06d36a235416d3121,Charles Jackson 13,United States,1,2014-11-19,2014-11-19
3c7431033b649158e261d3644a30d944,Diego Costa 29,United States,1,2015-05-31,2015-05-31
00320869263357edba1546a9c24913a3,Helen Rodriguez 10,Cyprus,2,2017-03-01,2017-03-01
ce3cfd292dbc8700a23046c055959039,Ingrid Mitchell 15,Mexico,1,2016-09-08,2016-09-08
7c0ab8841ce89ada878707e37db99ca2,Kevin Tanaka 22,United States,1,2019-10-22,2019-10-22
4d377d53e869b12be686c3b1cc9d3a06,Matthew Nguyen 15,Spain,1,2016-11-17,2016-11-17
e4c6e3118c9f0f2ea2b95379007bbef1,Melissa Nelson 19,United Arab Emirates,1,2023-08-08,2023-08-08
18eda0b23d43d25dfc60af6cef9766d4,Omar Johnson 5,Australia,1,2025-06-14,2025-06-14
17dbc56c40772ba4748a1e3501f01cd6,Raj Nelson 17,Australia,1,2015-12-22,2015-12-22
ddcce54ee2c3e37c5cbd3adbe537affd,Robert Mueller 22,Indonesia,1,2017-07-01,2017-07-01
66a9c538cd8f898a99ae360763238c28,Susan Anderson 5,United States,1,2018-05-21,2018-05-21
2c22d41a1ff88fad5b73ed7698794344,Ashley Garcia 29,United Kingdom,2,2015-10-10,2015-10-10
b4888a78b8e4b55dcd6462e997b801b1,Carol Walker 28,United States,1,2017-02-15,2017-02-15
a8bc28fdd74ee532e084ea7bc145cab2,Christopher Smith 10,United States,1,2024-01-01,2024-01-01
7bb5ec1378237658217f690c61534750,David Jackson,United States,1,2015-10-08,2015-10-08
4193aa6bdb644a694940836d3b9b583a,Fatima Anderson 23,United States,1,2019-04-04,2019-04-04
2cdf8bbd0374b483eac2f64a3d796c81,Ingrid Andersson 9,Canada,1,2019-08-31,2019-08-31
758ad2b1f6aa9140c06a18f1636d1133,John Roberts 25,Switzerland,2,2023-06-02,2023-06-02
d6105a9bbb6d1781a83abc8986d722e9,Kevin Mueller 22,Ireland,1,2022-07-04,2022-07-04
4106ac3ed4f3083bef0cb396994e26e2,Kevin Rivera 18,Canada,1,2018-11-24,2018-11-24
8858438350dc3621c8bac0565e2442e6,Lars Wilson 13,India,1,2015-11-29,2015-11-29
636f746229d31c58db3769e1c051cd35,Lisa Rodriguez 6,Switzerland,1,2010-08-13,2010-08-13
8b85ae3929d55aeb981d43b2a5c8219b,Mei Moore 2,United Kingdom,1,2015-11-21,2015-11-21
9333749018e823c6268df0594ac91358,Michelle Patel 19,Germany,1,2018-08-13,2018-08-13
eb5cef71edc17ef9966c004ddfef12ec,Nancy Smith 31,United States,2,2019-05-27,2019-05-27
7fb67474c1df0a3585c1766f419ce90b,Nancy Torres 5,United States,1,2016-04-25,2016-04-25
04962e6c4e155998872660b6dbebb6f3,Sarah Scott 27,United States,1,2013-01-18,2013-01-18
5bb4f77bc1e13d334c0bac5c8ed2883e,Stephen Davis 14,United Kingdom,2,2011-10-22,2011-10-22
af3b06ba0192d68b47bd4075bfb5f3ba,Anthony Ivanov 5,South Korea,1,2016-09-07,2016-09-07
efb77402076f2cbc3310a97b908120f6,Brian Rivera 28,United States,1,2009-08-17,2009-08-17
2eb2fb992589e137955ce40195047047,Carlos Anderson 22,Cyprus,2,2026-05-28,2026-05-28
5a0dc65731856511ec8ae86d20cd169c,Carol Scott 13,United States,1,2017-01-03,2017-01-03
d264f1b32e0baeca0135bdf8d2b828c8,Cynthia Taylor 11,United Kingdom,1,2019-03-22,2019-03-22
fa604f9ca4c10b4ae68ee174522a8ac1,Eric Perez 11,New Zealand,1,2017-01-25,2017-01-25
592b68f60232cfb4af7bac441b47f39f,Fatima Hernandez 18,Australia,1,2015-09-28,2015-09-28
aa2f523bfe2f549832d8fca9eaf74077,James Campbell 18,United Kingdom,1,2014-11-19,2014-11-19
6c81b08b62c4efb564e3267c01abc80a,James Torres 9,Germany,2,2009-11-10,2009-11-10
6e968dc32a39cd7eeadd7f866baf7aeb,Linda Baker 29,Germany,1,2017-10-20,2017-10-20
8595104df5ae7e8bd9b13479ba943f6f,Robert Torres 15,Australia,1,2009-12-31,2009-12-31
f7c82a87380b9512ca1ae42e07fbb976,Sarah Rossi 3,Australia,2,2020-01-03,2020-01-03
ff7bf6501414385daa67a63e12902a3d,Stephen Martinez 8,Canada,1,2024-05-13,2024-05-13
eef951cf9b17942f4a40a69415712e4c,Charles Harris 15,United Kingdom,1,2015-10-11,2015-10-11
2b5cfba39cc6d56901459b8286125b5c,Elena Kim 21,United Kingdom,1,2019-11-14,2019-11-14
99672d96efd47471600f28215c1f62ab,Kenneth Roberts 24,Spain,1,2016-02-28,2016-02-28
09b88669f67c7b2eb8b99ee7e570bdfe,Omar Nguyen 19,Singapore,1,2023-01-25,2023-01-25
646a35b22664c01c56e49cb150d5ffea,Priya Rodriguez 25,Finland,1,2014-08-02,2014-08-02
837d18861812753fb54f26ff9857c058,Sandra Lee 26,United States,1,2014-10-27,2014-10-27
3a689f11d9c9d84478eb6139c162e30c,Anthony Kowalski 25,United Kingdom,1,2008-08-19,2008-08-19
319ce91b26dee6092d260efe55ed5308,Anthony Lewis 30,Russian Federation,1,2017-11-17,2017-11-17
67909c772008af69fc3a961d748f6efd,David Scott 5,Australia,1,2014-01-13,2014-01-13
20de99bb88e0969fbf39d63f8d0e3ae5,George Kim 28,United Kingdom,1,2023-10-19,2023-10-19
a43965231a11262cb3881ef111ec6a08,John Chen 3,Germany,1,2022-07-14,2022-07-14
fd438b0cb760de339a935c45a27310bf,Karen Roberts 9,United States,1,2019-04-12,2019-04-12
6cc1073d949a185a1227d8619c25a6ae,Kenneth Wright 27,United States,1,2026-02-16,2026-02-16
5d577d437f32501ad13044bead868c42,Priya Hernandez 21,United Kingdom,1,2019-05-18,2019-05-18
ea06cfb5a5851e9fd4b1b1611aeb73dc,Rebecca Thomas 11,United Kingdom,1,2013-01-18,2013-01-18
6cf96aef0d7aa69abf27d746f9bfa852,Ronald Martin 10,New Zealand,1,2015-10-03,2015-10-03
41a4d5af032dbbf9ad4db322f96f1e8e,Wei Kim 5,United States,1,2015-06-28,2015-06-28
d1227b222381aa6f80f7a878e8b2b1bd,Amanda White 6,Greece,1,2018-03-08,2018-03-08
ac06f714f3a1a526dd17bb3eb0383d35,Hassan Torres 20,United States,1,2017-11-13,2017-11-13
c3989d96be5eab3ec903552d46b9ca47,Laura Hall 30,United Kingdom,1,2015-10-22,2015-10-22
def3499eb7a76e467a27137a49889e96,Linda Lee 25,Canada,1,2016-04-18,2016-04-18
1788ac92cb9af7299fe1f7a9a775fe59,Michelle Adams 3,China,1,2018-10-28,2018-10-28
c4b512524b11f276909a178ff2acc8ff,Thomas Tanaka 26,Australia,1,2014-01-03,2014-01-03
6963ce061c9b8f67e772aaa887cb26c3,Yuki Anderson 4,United States,1,2015-11-26,2015-11-26
0189858c106f6b7b4fc73691bda7c259,Aisha Kim 15,Ireland,1,2021-08-19,2021-08-19
b2b0e8f43584a650f4bb1b94a4ef1f00,Andrew Mitchell 29,United States,1,2019-03-03,2019-03-03
db5a3a148b0b4ccdc815ddc3ead73e14,Andrew Moore 25,United Kingdom,1,2016-06-01,2016-06-01
4bf2aeafb7376b78a8ee2022060d9881,David Robinson 17,Hong Kong,1,2017-08-08,2017-08-08
1028ef7df6ce15cd1427af8abc22cd98,Helen Hall 6,Ireland,1,2019-11-25,2019-11-25
69b525e0eb4bc72430ace649e8d9dab6,Jennifer Jones 23,Slovakia,1,2017-08-24,2017-08-24
ba93daf0d7add8c09a35c8fab613318f,Lisa Kowalski 17,Belgium,1,2017-09-23,2017-09-23
8710ef0ec789fcb0dabd714ea7b034de,Mark Schmidt 30,United States,1,2014-11-19,2014-11-19
e69d973271c5b218225c157904b85ad7,Patricia Roberts 5,Singapore,1,2016-07-20,2016-07-20
bb3dfd00fd3505f581a3024c0f926c34,Sandra Robinson 16,United States,1,2015-02-21,2015-02-21
2ef30a32cd00ac20533b8dd6b7d7d2b1,Sharon Smith,Turkey,1,2019-04-20,2019-04-20
fe0a409b5b32582ddcfe54f31e3d6abd,Elena Baker 27,Switzerland,1,2018-03-31,2018-03-31
2ea70cc890a74ff043317466593d7f2a,Emily Smith,Switzerland,1,2019-11-06,2019-11-06
8232e76863c90def69231ca1b4d68c82,Jennifer Young 17,Vietnam,1,2020-02-12,2020-02-12
8be1b3e3757ff80897edb5e55104b9cb,Joshua Lewis 8,Czech Republic,1,2019-11-21,2019-11-21
1c0223f2be35ffcf8ee4aec3da0620cc,Kathleen Ivanov,South Africa,1,2011-07-28,2011-07-28
a22ccca2f33fe8beeb6ae5fb339696d5,Mei King 31,United States,1,2018-11-17,2018-11-17
acf18ff2a51e018e21ae910a78377a75,Omar Ivanov 17,United States,1,2017-05-08,2017-05-08
ffe38393afa1e18050dcf9df47d7772f,Paul Mueller 23,New Caledonia,1,2016-05-12,2016-05-12
58063e9e64c2b27dc3287a0e7fae1188,Ronald Sanchez 13,Colombia,1,2023-01-15,2023-01-15
4213857e8ff3557fc8c621815d200126,Susan King 15,Australia,1,2015-11-23,2015-11-23
03424ebeed12d5e7849cb3befce59140,Anthony Harris 23,United Kingdom,3,2018-11-23,2023-10-25
082b14bc6e56e067438ef70325062860,Anthony Martin 24,Hong Kong,2,2016-08-21,2016-08-21
8f8c442749f22e429e40cdc99e7a5555,Fatima Flores 23,Spain,1,2016-09-25,2016-09-25
71eb10b81b974088a5a2ee308c7e685b,Fatima Green 17,Australia,1,2015-06-11,2015-06-11
70dc5cf57d762b011af918979e1eb04b,George Thomas 11,Philippines,1,2017-05-03,2017-05-03
872dcfc58fc8e378ca491a7b085a0694,John Schmidt 27,United States,2,2015-12-04,2016-11-26
d619131e197c9931bb1c74269124714a,Kenneth Lewis,Australia,1,2016-07-15,2016-07-15
bb228366f930090bcf271d71bf57834d,Mark Kim 24,United Kingdom,1,2015-03-01,2015-03-01
af7ee72cc48135854e6879442299a756,Melissa Anderson 12,United States,1,2016-06-01,2016-06-01
6cb652f5c4c835c42e7f518382ce5b1e,Melissa Harris 12,Japan,9,2017-06-12,2018-10-12
b74df625a8888aa60f85bfd84a1fa985,Patricia Anderson 19,Portugal,1,2018-12-16,2018-12-16
27cc4eacad8efc868dbf18666dfd7983,Patricia Schmidt 16,Thailand,2,2019-07-07,2019-07-07
22b1e413d42b95ba10d4c13a453dd2f7,Aisha Tanaka 7,United States,1,2019-05-31,2019-05-31
cfc616036f6e7b67a718a0119915eb93,Amanda Hall 29,Norway,1,2022-10-27,2022-10-27
42d4481ee0b680d1559b44a7a4422c5c,Anthony Moore 22,United Kingdom,1,2018-09-02,2018-09-02
c866e55d17fc76f29e16ec08d191cad7,Anthony Wright 15,Germany,1,2015-04-02,2015-04-02
65d86a7da6717c72d30cb085cb53c2a8,Daniel Jackson 9,United States,1,2013-10-12,2013-10-12
fa7035142a1dc6f4b8b7d4b005ed91b5,Donna Thompson 5,United States,2,2013-09-06,2013-09-06
c6814e4bae11609fc1fcde2458278fc0,Edward Moore 9,United States,1,2017-05-08,2017-05-08
5576f204cbddd8b1ac775903fd18c7a1,Hassan Clark 7,United Kingdom,1,2010-12-20,2010-12-20
12fcbd21af6d757e1d06d93e4110e739,Kenneth Wilson 2,Australia,1,2011-04-17,2011-04-17
e09ad1171562f9f3db36736d2384793b,Matthew Moore 7,United Kingdom,1,2016-12-06,2016-12-06
690b1b9b92c5f7b97682984b680150ae,Robert Martin 24,United States,1,2016-04-27,2016-04-27
4ed287b1765ce62496c52c22dc4f5258,Ronald Patel 18,Australia,4,2016-01-06,2017-12-06
8e27430912010b469e2d0e2a758e75c9,Sofia Allen 10,United States,1,2023-04-02,2023-04-02
146fd277d1ef19b2f48fa0a02395e4c6,Carol Ramirez 14,Canada,2,2011-04-05,2011-04-05
6a04803e260226ca97967b461b701225,Christopher Martinez 21,Australia,1,2014-01-10,2014-01-10
656f1de102efdb4c2f326f5553af872b,Cynthia Lopez 26,Malaysia,2,2019-02-10,2019-02-10
421822e860e56dd9878924b0d84c9c31,David Moore 10,United Kingdom,1,2013-02-15,2013-02-15
2a00b8e7c1c06f8c78af76c497004d8b,Diego Wilson 18,Australia,1,2011-10-26,2011-10-26
7bbc69e87014f5d194a8d0e764e094eb,Emily Tanaka 16,Canada,1,2013-01-01,2013-01-01
d878c4473b116693dc6da9bf94abc863,Eric Allen 27,United States,1,2014-03-03,2014-03-03
fd26897ee7d5ca36be84c6d62610fcb4,Fatima Okafor 26,United Kingdom,1,2015-05-30,2015-05-30
7938d605ed057f35c3d9097eb95b73cb,George Roberts 2,United Kingdom,2,2015-10-29,2015-10-29
67a47ae425dcbd9a47104e566dab562e,Jennifer Davis 24,Antigua and Barbuda,1,2015-12-07,2015-12-07
dd002c6b2fd4071984574129d791f621,Kenneth Adams 5,Germany,1,2013-02-24,2013-02-24
9b0f4b91c767567b6da4e14933f6e5d0,Lars Costa 19,Hong Kong,1,2018-01-20,2018-01-20
73b4495d384143a480be8afe1e1d6a14,Linda Thompson 27,United Kingdom,2,2008-08-11,2008-08-11
8fafec19ba38339a9fed92616707656d,Mei Green 17,Canada,1,2019-07-08,2019-07-08
43a7e230124668a7936e2804ec9a0c38,Sarah Moore 16,Denmark,1,2024-04-28,2024-04-28
ec30feeff9c000fbd6baa49449516c87,Sarah White 28,United States,1,2011-07-28,2011-07-28
6cec21f42696e03aef74b54d62a3b8d0,Sofia Gonzalez 31,United States,1,2015-01-27,2015-01-27
a4fcd446609e8a904cf38311f40e8f7e,Wei Johnson 13,Argentina,2,2014-11-19,2014-11-19
9f1e20d079c7b9af64f4b804ba9cfaf4,Andrew Jackson 23,Brazil,1,2014-07-24,2014-07-24
d994eea62dd9d243eb7fa921d3a3f7bf,Charles Carter 14,Germany,1,2016-02-21,2016-02-21
48e63094ffe5f4979ceb61a3e6843c6f,John Roberts 22,Argentina,1,2017-03-16,2017-03-16
4ec9c8e5cc4c57ec8cee66d8c6593b78,Linda Petrov 7,Belgium,1,2021-08-11,2021-08-11
0fd282822a5f29b5b782a117953b2ad0,Mary Adams 31,Spain,3,2016-03-04,2019-06-26
4afe45f4ee36ab0abc12adff23738438,Raj Smith 19,United Kingdom,2,2014-01-12,2014-01-12
93726fc1568bd683368901274b42dd8e,Sofia Patel 15,Belgium,3,2014-07-23,2015-08-02
e5d8aec5a2069b59036097d9410e2724,Steven Andersson 12,Hong Kong,1,2014-03-03,2014-03-03
6c54dab28534d87ec151af3ced63e357,Steven Petrov 27,Singapore,1,2022-12-07,2022-12-07
017055ed423b830941557572940437cb,Wei Walker 22,New Zealand,1,2022-12-29,2022-12-29
df000695f8616f4046ec6e382f089fbb,Yuki Chen 16,United Kingdom,1,2020-01-18,2020-01-18
b8558c290c1a4a469234bd406382dbe9,Carlos Clark 20,Netherlands,1,2008-08-13,2008-08-13
1f2df70941f0d4169261c4d709458687,Carol Perez 7,Qatar,1,2016-11-20,2016-11-20
9fe6f939baa637cc980c23239d0a782d,Helen Carter 8,Portugal,1,2018-06-05,2018-06-05
9ec781288bb0211ed0f88485610686f1,Henrik Mitchell 30,India,1,2017-01-03,2017-01-03
d4186a9e51cabcb386ac8e3313addf0d,Ingrid Allen 29,Germany,1,2020-01-18,2020-01-18
a04b894d7075282cc37626dced5bbb63,Ingrid Okafor 11,Germany,1,2009-01-09,2009-01-09
fc98ee3e9d422bb86c7d92476cdd7a6f,Jennifer Gonzalez 23,France,1,2016-06-23,2016-06-23
b73130952a8675f40f2f58312ce528d9,Joshua Gonzalez 5,Germany,1,2015-02-09,2015-02-09
e8d7133b615c74a93db3d13b8a793f9a,Joshua Jones 25,United States,2,2008-12-30,2009-01-06
faa96aff245d8791b2da6995684d5aac,Kimberly Wilson 16,Germany,2,2011-10-22,2015-02-02
f1fb93a3f9357bb1e28a3f7244749011,Laura Martinez 13,Australia,2,2015-09-14,2015-09-14
38890f0932de1d04482b5bb898573082,Michael Adams 22,Australia,1,2015-01-30,2015-01-30
7b31ac2b1d4e8e8ae393764f78073637,Paul Anderson 28,Switzerland,1,2008-12-20,2008-12-20
02b820c166dda92e4728cb04df6dfacc,Robert Andersson 7,Italy,1,2013-02-15,2013-02-15
7744b3ab11e5919b235cc98f1cbf5ec4,Steven Lopez 17,United Kingdom,1,2011-05-10,2011-05-10
cf6e9b1de89ad3a5d6ccfb4e364e168c,Aisha Singh 24,United States,2,2022-11-02,2024-07-15
24b837737f1f67ca5ba9e52b116eb943,Brian Gonzalez 29,Canada,1,2009-12-15,2009-12-15
40548da3d786ac653b2b6ae8bbf399bd,Carlos Kim 24,United States,1,2013-10-12,2013-10-12
017f6448704bdae2b62bcb3d0b524b2e,Charles Petrov 26,United States,1,2018-01-11,2018-01-11
386500e6eb11140dee05ccbd8a549a09,Diego Smith 7,South Africa,1,2014-11-19,2014-11-19
239ed1cf248b3e11d889314cb0e2ad0d,Edward Nelson 26,Canada,1,2016-02-13,2016-02-13
332fa702a38c63fc7da07a5abef03c56,Edward Torres 9,United Kingdom,2,2016-08-20,2016-08-20
dbd74e791ed14876ef87edbd5e1e4ea9,Eric Tanaka 26,United Kingdom,1,2013-01-02,2013-01-02
a4f16d3d1a16d45ff6b013add0e84a86,Ingrid Okafor 20,Germany,1,2014-01-10,2014-01-10
3edb1532554113db56363085f0c58d45,Joshua Mueller 14,United Kingdom,1,2016-02-25,2016-02-25
21656219a8b95291ccd8a461deaa1175,Joshua Wilson 5,Romania,1,2017-12-17,2017-12-17
55e775ac188bebfa2114faeb10761af2,Matthew Rossi 6,United Kingdom,1,2018-04-20,2018-04-20
48d8a98175ab6bd75db06e6db7a7dfcc,Matthew Sanchez 29,Belgium,1,2019-09-23,2019-09-23
cad2648a95a9285958d59bc23fc6df61,Michael Miller 19,United States,1,2015-05-30,2015-05-30
ffa245b76ec0301aa66e52f008ef0a83,Ronald Roberts 3,United States,1,2019-07-07,2019-07-07
bc7f19b691168453f9410d9948734ba5,Sofia Kim 31,United Kingdom,1,2019-04-01,2019-04-01
48e33b98831765d787b0f753b9e9bb12,Thomas Hall 2,United States,1,2017-08-24,2017-08-24
3b96dfa78141b1d1dfa8823befc01faa,Thomas Walker 31,United Kingdom,3,2020-07-16,2022-07-18
453e616c32e9d17922e6badab81392b0,Anna Sanchez 6,New Zealand,1,2019-04-05,2019-04-05
f9b305feb0088e45a8a5e2a4eea0468a,Donna Martin 22,Switzerland,2,2016-08-16,2016-08-16
6eec02bc638df4cefd7ea6775f061589,Joshua Rodriguez 7,India,1,2016-09-25,2016-09-25
a6930d6ad5ebc227e597e40676367653,Karen Wright 12,Singapore,1,2017-06-24,2017-06-24
5370b1449f67e24abb3850eb362a9eae,Kimberly Roberts 28,United States,1,2009-10-10,2009-10-10
8db422d72db7f57c467302c2708fb39c,Lisa Campbell 15,Bahrain,1,2011-09-19,2011-09-19
b091f5640b0b451ae69f249affb2eb78,Michelle Lee 26,United Kingdom,2,2013-04-20,2013-04-20
8c8bfb506c94f58dfe92a095179278ef,Omar Sanchez 14,United States,2,2009-08-14,2009-08-14
82667d69ff6a7ad4db7cb3dec82aebd8,Sandra Taylor 23,Germany,1,2015-12-22,2015-12-22
29ff9eca81320351ee6616fae2bcaeee,Sharon Lopez 15,United States,1,2013-04-20,2013-04-20
32b0761c53894a9c24db3575d8a7d802,Susan Sanchez 8,Italy,1,2017-06-03,2017-06-03
9dba2796beea07b5916e6a571155fdeb,Thomas Taylor 14,Australia,1,2017-12-16,2017-12-16
436384efbbd05d6281f1887c856c42f8,David Mueller 12,United States,1,2015-02-04,2015-02-04
f6b6a7eb5b747da445c7448e204beb46,Kimberly Schmidt 9,Brazil,1,2016-03-10,2016-03-10
fb955b896a0beb55ad1ff65c8a98d2bc,Linda Perez 13,United States,2,2014-10-27,2014-10-27
ff4739a6a7911ba8d70ee6cc1c7970da,Lisa Mitchell 19,United Kingdom,1,2019-09-15,2019-09-15
24b6b7a8f62faf4a7cf4170fb070f59b,Steven Allen 27,United States,1,2011-07-10,2011-07-10
0f80166178a5d4cf531e0f4ce3cd6f78,Ashley Carter 12,Netherlands,1,2015-12-05,2015-12-05
29cd027a70becb68cef8083f013071aa,Diego Baker 7,Netherlands,1,2022-10-24,2022-10-24
887c4bf05a6941d16a020f786dd7e252,Diego Robinson 29,Australia,1,2017-03-28,2017-03-28
3d2c1055fdaa7574eed4b7e7e8e4dd3b,George Schmidt 15,United Kingdom,1,2014-07-25,2014-07-25
39a858cd483aaa71247ffb7338866a7b,Joshua Jones 8,New Zealand,1,2013-01-01,2013-01-01
97e8042df70c5c119b5078f261f57fa7,Michelle Perez 24,Australia,2,2009-11-10,2009-11-10
ce57be13aee359e748c403189c544f77,Paul Miller 12,China,1,2014-07-28,2014-07-28
e08f75c8499a451ad9f3e59babb78a6d,Robert Lee 6,Canada,1,2024-10-14,2024-10-14
4f7f614b959c128866580f55099cd5b2,Robert Martinez 20,United Kingdom,1,2016-11-13,2016-11-13
adb6be40cb5b631f2fef6e4a3e4a08b5,Sharon Garcia 11,United Kingdom,1,2024-01-09,2024-01-09
8b66efe8770c5f08d908e31340d7906f,Carlos Rodriguez 2,Indonesia,2,2023-11-29,2023-11-29
cf0f877d6ba5263a638c6b033890b670,John Costa 9,French Polynesia,1,2019-08-08,2019-08-08
3637b652a6ee49202d1c588b904eaebd,John Jones 2,New Zealand,2,2011-06-05,2015-06-11
ecc7e82f707116fdf3355a81ff0d6f3c,Kathleen Garcia 28,Canada,1,2015-07-08,2015-07-08
7bf24043b091bf8866565f747914c2d6,Michael Martinez 27,Indonesia,1,2015-08-19,2015-08-19
aa9223548dd44274b19095d9b583470f,Raj Chen 18,United States,1,2014-08-02,2014-08-02
4669ee88514a74a0f7eab9b6fc545eb7,Stephen Davis 2,Indonesia,1,2014-01-10,2014-01-10
e5e472f3a01a1259592049c1f1f3bf2d,Amanda Roberts 26,United Kingdom,1,2017-10-17,2017-10-17
998761ac3d2eb242cda8275809ba9edd,Ashley Hall 29,United Kingdom,2,2014-03-11,2014-03-11
fb0f9d0b17ba1c145601ca111b86f426,Christopher Rivera 21,Romania,1,2019-09-29,2019-09-29
484268373ec7e7f9ee4f5fd8fd2acc30,Emily Walker 23,United Kingdom,1,2023-11-22,2023-11-22
68d6e7d2261147d53c07cad96c854d3d,Henrik Campbell 8,Canada,1,2015-07-11,2015-07-11
01f9c79cef239bbd3ae93d59ae05ebff,Henrik Thomas 7,United States,1,2022-10-31,2022-10-31
16b1401462026f393d9f6d5489571175,Joshua Taylor 8,United States,1,2016-07-26,2016-07-26
e6a741040b808b54cc6349748ec7b0c3,Kimberly Chen 19,Singapore,1,2019-10-13,2019-10-13
11f5685f2a86f37090ac55c526642644,Kimberly Wilson 24,Hong Kong,1,2019-08-26,2019-08-26
7dd0fdf948036fd884e527f8887e1d64,Patricia Chen 21,Norway,1,2015-09-14,2015-09-14
c6a36434d70eb245cc0fd285bf9be990,Sandra Nguyen 15,United States,1,2011-07-28,2011-07-28
a1fc7986e060d85dfb78087bfdb5cc29,Anna Nguyen 10,Austria,1,2015-07-26,2015-07-26
c9b0e386b00292405f544835d4a33ad2,Ashley Haddad 12,Malaysia,1,2018-04-24,2018-04-24
842c6786e33111a067be788721371138,Ingrid Mitchell 27,New Zealand,2,2023-09-05,2023-09-05
a6f62fbd19d9389e1735f97eb79df5e1,Kathleen Brown 16,Canada,1,2019-05-27,2019-05-27
0ae08218103b6ff7a10a03cf8f0cb189,Kathleen Lee 11,Australia,1,2014-03-11,2014-03-11
1ecd8f116f0b8c4cd06f4eb048c6c74d,Mark Nelson 24,Taiwan,1,2010-08-13,2010-08-13
a9234bea8b530de684dbe0fc4cae3eb7,Michael Thomas,United States,1,2017-11-21,2017-11-21
9487f38f2a7e27bfffe966f80a67878f,Nancy Nguyen 24,United Kingdom,1,2017-07-28,2017-07-28
eb5fa3de8f06d1c8fc8a5a10a28bd891,Sandra Flores 23,United States,1,2017-10-12,2017-10-12
ef8304ef3d90d83df22699b98785bc54,Sofia Carter 4,India,1,2013-04-20,2013-04-20
6edba979ef25b760e62ab8e4f7d6206e,Stephen Chen 5,United States,1,2015-08-26,2015-08-26
4755ee3c0d96e6c1d8fb999af8dca413,Stephen Patel 15,Australia,1,2010-07-02,2010-07-02
12f648ec42f4433082813f3da4edb47d,Wei Perez 25,United Kingdom,1,2009-03-03,2009-03-03
85824ebeccdf4f8e46a6d7aa4f75d30a,Amanda Kim 16,United States,1,2017-04-22,2017-04-22
e24eae092210fd9e6402a81267225cc9,Elena Walker 16,United States,1,2014-11-19,2014-11-19
24a0b74e6322c6322e742c5ac7f846d1,Emily White 4,United States,1,2017-04-30,2017-04-30
3409fc95ff626ec39f4da375cb892715,George Young 18,United Kingdom,1,2014-07-25,2014-07-25
f095f014a42aec12005775240f507089,John Kim 15,United Kingdom,1,2015-05-29,2015-05-29
b1f5cdc7977fc94a62794a5fe8ad22c0,Kathleen Hill 19,Czech Republic,1,2023-01-20,2023-01-20
58ed24f1e63145884e9d5fe9a233beb6,Kenneth Miller 2,United States,1,2013-01-21,2013-01-21
ec18f8d1ba3a0849d1d5e626e25264cc,Kimberly Roberts 12,United Kingdom,1,2016-08-30,2016-08-30
f46e9a721cb8ce872fa5f6b763fbe014,Mary Baker 28,Pakistan,1,2015-09-17,2015-09-17
ae3a6ad47d1974dd0af213e46827e7a7,Omar Robinson 9,Norway,1,2009-01-07,2009-01-07
73ce65e3f1929bb0f9a4d1f002785ba7,Paul Wilson 4,Portugal,2,2016-05-23,2016-08-17
ae65ecc20a0440469acb2a1db26b6733,Raj Martinez 18,Italy,1,2011-09-05,2011-09-05
0a8aa3ed1d4f52973da3998dbcacf82a,Raj Rossi 19,United Kingdom,1,2014-01-06,2014-01-06
4bc2f436f091819f10dc70ab8559f7ba,Anthony Young 31,United States,2,2018-06-09,2018-06-09
6d8c93dfdf6a7b091aad6be4a08e6da9,Carol Flores 2,United Kingdom,1,2010-09-21,2010-09-21
d242fbebcba01a0069614c0f15334ecf,Christopher Haddad 16,Denmark,1,2011-04-05,2011-04-05
051fde749126420acecf3706a8c3cc84,Daniel Martinez 21,Belgium,1,2015-01-28,2015-01-28
67db843273b9bac24b7e82f30e3bc4b3,David Adams 12,Australia,1,2015-07-05,2015-07-05
fdc9872b1c8785c03c881ccadc4b41d3,Jason Adams 29,United Kingdom,1,2019-10-16,2019-10-16
1b9f763f2b9d20bfc48eda91bca7d60d,Laura Jones 13,United States,1,2017-12-18,2017-12-18
7312a825f2da68c8a74ca0253d348b5c,Amanda Roberts 15,Bahamas,1,2016-02-08,2016-02-08
1052c3bf6483bb966f07d2a01230ee9a,Brian Walker 22,United Kingdom,1,2014-01-17,2014-01-17
766eab79a921d201e988ddc7e7ab19c8,Cynthia Martin 2,Canada,1,2013-10-11,2013-10-11
1e8b966f1500028dacd0be89dd64b106,David Torres 31,New Zealand,1,2019-10-27,2019-10-27
ba8b756d355c34a3eacacc364d3b1e16,Fatima Johnson 12,United Kingdom,2,2015-05-29,2015-05-29
986e923c90cbcaf2a185d3c72e8f2923,George Singh 16,Japan,1,2017-12-07,2017-12-07
ae1f056066b58498dfe7074e4c2938a2,Kathleen Wilson 20,United Kingdom,1,2010-06-30,2010-06-30
1f704aa926fb6ece0a920232f3be750d,Laura Brown 17,Australia,1,2019-04-27,2019-04-27
c8a872122ce018f12bc408b7fc9a1852,Michael Haddad,Japan,1,2019-04-11,2019-04-11
1a37ab9b73b2e4fa7e6785bed17ef4ac,Michelle Sanchez 27,Australia,1,2010-10-24,2010-10-24
44e87ca199d109931c12908fd590bab2,Omar Clark 26,United States,1,2017-05-07,2017-05-07
abcf5d0aff4f873295a518b8e6de151e,Sandra Johnson 3,Canada,1,2015-12-31,2015-12-31
c14d80bd0caca6a8961ddafd6f753f48,Sarah Nelson 16,Canada,1,2016-05-12,2016-05-12
c4905bc1f1783c41bb77c70df461eeae,Sarah Rivera 14,Australia,1,2010-08-14,2010-08-14
fed78c5428169af39a31a8b248090883,Amanda Moore 8,Brazil,1,2014-08-02,2014-08-02
b2846e6a4991ec9218836a92991193f9,Brian Singh 2,Saudi Arabia,1,2016-01-09,2016-01-09
8743da4c751b3bccef221ffd9e282b2c,Carol Petrov 12,Netherlands,1,2015-08-13,2015-08-13
e8c8f89a1f7308b6d4fda52679c5f62e,Cynthia Rossi,United Kingdom,1,2020-01-02,2020-01-02
0cc59b0b29f7ba06079f0420e5e530c8,Jason Martin 3,Nigeria,1,2014-01-12,2014-01-12
6b54dcf325fef633f08c9fab10ece838,Jennifer Hill 30,Sweden,1,2009-12-04,2009-12-04
0974b9894d9e0ef57da3810b69d9663a,Karen Kowalski 18,United Arab Emirates,1,2015-10-15,2015-10-15
b9face5f8027cdf4f57edfb72807da09,Kenneth Baker 25,United Kingdom,1,2015-12-12,2015-12-12
3c333871e693de84e73202e95b09c6c6,Kenneth Flores 3,United States,1,2017-08-23,2017-08-23
47602780469ead4d92a65c001013b3a1,Mary Baker 16,United Kingdom,1,2015-11-03,2015-11-03
8aca674bcb22d268c2dd3130fbb40135,Robert Moore 10,Cyprus,1,2013-02-15,2013-02-15
2a5985d196a66c522134d2aa19650152,Ronald Okafor 24,United Kingdom,1,2019-11-05,2019-11-05
641906e377298f3a310f40c9d841d438,Sharon Mitchell 6,Canada,1,2013-04-20,2013-04-20
464c400ccec3a3373a71ad220b8f8860,Thomas Costa 17,China,1,2017-08-02,2017-08-02
7acf8cb55b48dad46eda261ec1fdc540,unknown,United Kingdom,1,2014-11-19,2014-11-19
467e40539fdef1f730ca336e7d040b90,Ashley Kim 15,Hong Kong,1,2017-09-02,2017-09-02
d0ecdc73a4de095afbc26ca5ee531c3f,Carlos Martin 2,Nepal,4,2023-10-27,2025-10-26
205f1767c0c8b1d0506b7b4a6bdef08f,David Petrov 22,Indonesia,1,2016-07-17,2016-07-17
e436059bc5e4521ca68883458502cd47,Helen Mitchell 6,Australia,1,2019-05-27,2019-05-27
43258b567d1e199f95cdcb74db715d41,Joshua Singh 25,United States,1,2014-01-10,2014-01-10
ead72b78562a3ce3d5bb8d060fb1b338,Lisa Anderson 25,United Kingdom,1,2015-11-17,2015-11-17
327de19db4b7b671410e4180765b5e5d,Lisa Haddad,United States,1,2022-11-22,2022-11-22
9319e67c376569bea330ef6070378755,Mei Patel 9,Canada,1,2014-11-19,2014-11-19
f7bc5d0e18ccdffe5ac75e44a4fee2e4,Michael Nelson 23,Ireland,1,2016-06-01,2016-06-01
a559a3041dd65acfdb4263e6fb6ea563,Paul Perez 3,Australia,5,2016-04-19,2026-03-02
0ba35af405fd2c41849b2b995ca801ef,Priya King 22,United Kingdom,1,2015-08-02,2015-08-02
7267920a54df98380e21b75ea3cbb2eb,Robert Walker 14,United States,1,2017-08-31,2017-08-31
b197570738b89fc37bf1255831f70dd0,Anthony Baker 22,United States,1,2015-09-27,2015-09-27
fd792e87a354408bdf0a3cc3ed3606ec,Anthony Sanchez 6,United Kingdom,1,2018-05-25,2018-05-25
0e817841a7119a038d08e6dfc88994dd,Ashley Andersson 21,Australia,2,2020-01-21,2020-01-21
92253be086e1280ba56f3252d56b3656,Eric Perez 23,Netherlands,1,2014-01-03,2014-01-03
6d6e39394245da4fb6a228157edd253f,Fatima Kim 28,United States,1,2015-07-22,2015-07-22
9ccc4a8e5a51b2faf98e8f2ac6571e8b,Hassan Singh 13,United Kingdom,1,2015-05-29,2015-05-29
c0e83682fdb88622fc2f585f555d95c5,Helen Torres 9,Italy,1,2017-07-04,2017-07-04
d3a376e045d22ecaa6adf403703630bf,Lars Anderson 15,Canada,1,2015-10-17,2015-10-17
fbaf79d702835a1f182e2aa581da727c,Michelle Rossi 24,United States,1,2023-08-02,2023-08-02
81a8c7133f7a85ef1a5899dd12fc6bcb,Omar Rossi 25,United Kingdom,2,2013-01-01,2013-01-01
bb95529eba6426332a076a95cd7c5b1d,Paul Costa 6,South Africa,1,2015-01-28,2015-01-28
2050fbef7793981de479b64165831726,Priya Baker 9,Russian Federation,3,2018-11-15,2018-11-16
cceb381edf541f008dec44fe2db19e51,Raj Allen 10,United States,1,2019-06-18,2019-06-18
8cad60f77937a894bfb7a8352c5d7707,Raj Rodriguez 13,United States,1,2022-12-18,2022-12-18
507da98017ad2987c88ff3ad1896beac,Rebecca Green 21,Canada,1,2015-05-30,2015-05-30
7e54cf00d33b8e5f8e38f47c65477537,Donna Andersson 15,United Kingdom,1,2018-10-01,2018-10-01
64a09aeecf636b58ed6a75b1629ba0da,Elena Nelson 20,United States,1,2015-09-10,2015-09-10
62e95019dd3acf37a972aefbc1fab7d6,Fatima Davis 26,Italy,1,2020-01-02,2020-01-02
b28e3276e8c7d699255211e5b3428290,Jason Williams 24,Saudi Arabia,1,2017-09-23,2017-09-23
6e7e6e0b35b4b53cfc7635c8488d7b69,Kimberly Ivanov,United Kingdom,3,2012-12-24,2025-07-07
4df70f0ec74d260eef346ca64a2301f1,Mark Thompson 23,United States,1,2015-09-27,2015-09-27
c760df8665a996c8d57b4bacdae1bad5,Wei Garcia 28,United Kingdom,1,2015-05-30,2015-05-30
bdb43f502e5ba9ac753d4d4eab1be9b6,Aisha Rodriguez 6,Netherlands,2,2018-02-03,2018-02-03
6f417c7e38e9ac903a8e897adaf7f298,Carlos Chen 26,Canada,1,2022-12-23,2022-12-23
d96324d157788eda764fca04138d6fab,Christopher Flores 20,United Kingdom,1,2017-07-08,2017-07-08
506250ba0ad5aa23932e2cd7a67964d1,Diego Brown 28,United Kingdom,1,2010-10-25,2010-10-25
cb48653f6df176bfb5f4a3db20f64136,Diego Gonzalez 23,Malaysia,1,2015-11-22,2015-11-22
2d4b13b353a7a1b9a93dd868fde7a0a8,Karen Rodriguez 8,Australia,1,2014-11-19,2014-11-19
c763ab6bd0e03952d4f8defac33698f9,Kenneth White 31,United States,1,2019-06-27,2019-06-27
8c97e696c7f9124d68e077e564d0bc9b,Michael Johnson 25,United Kingdom,1,2015-03-29,2015-03-29
c0f9e5c5636bcc410adf9d96aec2b456,Michelle Costa 13,South Korea,1,2015-02-02,2015-02-02
deb7928af3005362eb50c178106daab0,Priya Flores 17,United States,1,2018-01-08,2018-01-08
70b8ffc573ee550c1b4cc3b15e67d009,Anthony Chen 12,United States,1,2016-09-09,2016-09-09
1430d8e26d4b1553f7d7fbcba9855581,Ashley Jackson 8,Finland,1,2013-04-20,2013-04-20
ea0650b1fa13821938aabacc86b3bd7d,Elena Johnson 5,Malaysia,1,2019-07-07,2019-07-07
a6de7155a7d4ec33ef51eb95727d4324,Emily Wright 5,United Arab Emirates,1,2023-03-05,2023-03-05
7acdc43453e892628f32b0532b80f5cf,Hassan Okafor 24,United Kingdom,1,2019-12-10,2019-12-10
7f7f9623750952be916c3931d562b4c5,Ingrid Moore 27,Hong Kong,1,2016-08-06,2016-08-06
09bb9407618facef534a71f3981348c3,Karen Kim 15,United Kingdom,1,2015-10-21,2015-10-21
1e927331c67518e8d7f5fcccd87cf533,Kevin Tanaka 4,United Kingdom,1,2011-10-22,2011-10-22
861affae897aef0774d87bd008fdb921,Mary Nguyen 13,New Zealand,1,2016-10-24,2016-10-24
db1b18d6f6266e47efd240c7ffe1c1db,Mei Moore 16,Hong Kong,4,2014-08-06,2014-11-19
7000bdcf6bbca0d4f28fdd0ab9fe972d,Paul Ramirez 13,Indonesia,1,2014-03-11,2014-03-11
df1f78f3b47928bd2892ecd476ade3c5,Robert Chen 24,Australia,2,2010-09-21,2010-09-21
78b554b98702c3d07d826043598cf9cb,Ronald Singh 17,United States,1,2010-01-01,2010-01-01
00b431608c24c20f6dc00142fc5dc707,Ronald Wright 14,United Kingdom,1,2019-06-17,2019-06-17
595cbbb9ada5812aefdfebd478be0ca3,Wei Moore,United Kingdom,1,2023-05-02,2023-05-02
34699ef4fcce1c8a5476436fa24dee55,Yuki Thompson 10,United Kingdom,1,2015-09-21,2015-09-21
5d34e7fa46c01d4ac42e1fe247ee2a58,Carol Scott 13,Portugal,1,2017-12-13,2017-12-13
6dd6568ef0289d3639bfe348368d3fe2,Charles Chen 24,New Zealand,2,2015-08-19,2015-08-19
5b4cdd20b50e0c966b188099685ff532,Christopher Garcia 25,United Kingdom,2,2016-02-09,2016-02-09
63eb135fa3a824c9ef2ebed24be61e1b,Daniel Andersson 30,Vietnam,1,2021-01-29,2021-01-29
8ce79448e7ddcd9f4fe9369349f123ee,Eric Allen 12,United States,1,2024-03-10,2024-03-10
05171c90cf5fb73f5794b8e88cecfcd4,James Nelson 26,United States,2,2015-11-23,2017-03-16
f5fe358364effac5c54e6665065b1f77,Joshua Hill 26,Greece,1,2017-06-11,2017-06-11
e6731ec96cee62dc58962f6cfe603f6b,Karen Andersson 31,United States,3,2019-05-26,2019-05-27
13c7e50fc89a44b6f9212ddcff37caac,Kenneth Garcia,United States,1,2019-03-23,2019-03-23
44f6e721ccf734155b5d8e0652f54fe6,Lars Wilson 10,United States,1,2019-01-14,2019-01-14
9ead5c0608d04bebbbb7ad88e148f33e,Mei Schmidt 29,Canada,1,2023-04-13,2023-04-13
b8cb9d60e42d553bf5ab159fee72aa87,Steven Jones 15,Australia,1,2012-09-09,2012-09-09
3c7db873b14237c25a7bf7155124889e,Aisha Adams 30,United Kingdom,1,2020-03-17,2020-03-17
16586ff691d8cec346a3afda4c87fa09,Amanda Hernandez 19,Netherlands,1,2016-11-05,2016-11-05
c6fe6edb7b3568610eb096a595a2ef8c,Amanda Lopez 19,Luxembourg,1,2018-05-08,2018-05-08
830ec4d3a65165362e9484e019310c71,Ashley Costa 18,Qatar,1,2016-01-07,2016-01-07
3a146d1f21edae3af5dde152350d7a4e,Brian Kowalski 11,Canada,1,2018-12-17,2018-12-17
e534cca98e7996307e3501477e470ae6,Charles Perez 29,Greece,1,2015-11-03,2015-11-03
c23a89c4580e18c2a9685badcc1d63ee,Eric Lopez 5,Australia,2,2016-01-30,2016-01-31
3fae66b122fb2c814abc2069529f73cd,Henrik Ramirez 12,Germany,1,2015-05-29,2015-05-29
7508f5e199c257e12a5f03b8b3b71a85,Ingrid Nelson 2,Pakistan,1,2013-10-11,2013-10-11
3db741c877e104cbd790f08faf9b5325,Kevin Singh 22,United States,1,2022-10-27,2022-10-27
c6fa1364749e833e1df447dc65592da1,Laura Martinez 13,Austria,7,2014-01-12,2014-03-03
2ef2fde77de6e367385c8570117d483e,Linda Kowalski 12,China,1,2015-05-29,2015-05-29
6641b04a4031e4a7148430212520c2d2,Mark Robinson 8,United States,1,2013-04-20,2013-04-20
d4d685fe335331d5b050d29a1a15350a,Mary Kim 9,Switzerland,1,2015-01-28,2015-01-28
f45d45521bb32352065f009b06e90247,Melissa Miller 4,United States,1,2013-01-22,2013-01-22
3f6bb061604b00f39e108d2974f822a4,Raj Martinez 6,Australia,1,2017-12-01,2017-12-01
6e0f0ce2cd74138b14bce28cae0ff0a9,Rebecca Carter 26,Indonesia,1,2022-10-03,2022-10-03
f4429d361e3407b2a9a9bce80ce0846a,Robert Hernandez 27,Australia,1,2016-01-07,2016-01-07
622c2fdf8164e2b2e7630b500f0d27f8,Robert Robinson 28,Vietnam,1,2014-01-12,2014-01-12
e8ce1e6f372d4cd0a4079a7f9d852a18,Ronald Johnson 19,Germany,1,2016-02-26,2016-02-26
e59b886fa718ebdfe88f98de3a88d0c5,Eric Anderson 7,United States,1,2023-02-02,2023-02-02
8718eeb527bf734a5f693fe96743a87c,Henrik Rodriguez 2,United States,1,2015-09-01,2015-09-01
8df6a855072a6253235d0db759d98040,Henrik Walker 24,Australia,1,2015-11-06,2015-11-06
684cee685f41cca563c6ec1c07981fd9,Joshua Wilson 10,United Kingdom,1,2016-10-20,2016-10-20
cf9fe384a0858c63b9ca61fab30f6dce,Karen Garcia 13,Indonesia,1,2017-01-06,2017-01-06
9ff7f51b3b7e244d698a6ce0c84ccf28,Karen Patel 17,United States,1,2014-01-13,2014-01-13
7577bd1c2d36aad4d1d3ce206eff2199,Robert Mueller 28,United States,2,2009-09-20,2009-09-20
bb04090736b0e5743e35374e80862a0d,Robert Sanchez 16,United Kingdom,1,2019-08-08,2019-08-08
e36bbde90e56f6afaece1fe0022c7114,Aisha Hall 10,United States,1,2014-08-06,2014-08-06
ff906d8bf2b2a1397124b367406d0056,Ashley Patel 21,Singapore,2,2009-10-06,2009-10-06
57c99ce94f4db45b244d23a68338d762,Christopher Mueller 8,Spain,1,2024-04-25,2024-04-25
45dff9346ca287cf2b94299e9c9f032e,Christopher Smith 3,Mexico,1,2018-09-10,2018-09-10
0edb9b050dfb650445d3affb073d7ee5,Emily Baker 13,Hungary,1,2016-02-03,2016-02-03
eaeb579601d6ad5aca7d5bcbffa1209f,Henrik Rossi 28,United States,1,2014-07-25,2014-07-25
75f59a715ad44e02a89bec1c3eaa46a5,Ingrid White 12,United Kingdom,1,2019-09-03,2019-09-03
7f53f2ee896687fa65e620a4a7baa5f6,Jennifer Hill 5,United States,1,2022-03-12,2022-03-12
9d77dc8f91f54df6bcb295577f5fe5c1,Kimberly King 31,Canada,1,2011-09-05,2011-09-05
7ea99b8b78bad51e7b6f363d2b073e72,Melissa Rodriguez 27,United States,1,2022-10-26,2022-10-26
29ec2d41517be7b155c29e65b53f39de,Paul Okafor 8,United Arab Emirates,1,2015-12-07,2015-12-07
5e25a72ba4adc4d927b4b281e49ad9fc,Raj Haddad 30,Australia,1,2022-08-07,2022-08-07
0404322a6da669f3cb1a4d67c845eef3,Raj Nguyen 8,Thailand,1,2017-10-28,2017-10-28
8748547bc28264a476fc83be10aab12a,Thomas Ivanov 23,United States,1,2015-08-19,2015-08-19
ff6222d831af43df340787a57be7d3c8,Aisha Ramirez,United Kingdom,1,2016-05-10,2016-05-10
d293ab60e3da511c3988f1b07ad23ecd,Cynthia Andersson 9,Malawi,1,2020-03-08,2020-03-08
818ba46cc4537b883314a4f9849bc077,Daniel Kim 29,Ireland,1,2011-05-20,2011-05-20
f343f9efb0d7302e6c0fa9141e6f4e71,Diego Adams 15,United States,1,2021-11-19,2021-11-19
835ab5f57136c5213ec53b398cdc0cd4,Donna Petrov 20,United States,1,2016-07-17,2016-07-17
3a7b752f1b15eaea82d86ec6229c8252,Donna Tanaka 10,United States,1,2008-08-20,2008-08-20
e0200a35f179525f8f6cd4947416db7c,Edward Allen 11,Vietnam,1,2015-11-05,2015-11-05
4866a11098e2ee2338c67f75cac869e3,James Singh 11,Singapore,1,2017-01-22,2017-01-22
a02e7b6c67d1c7031e4bdc5a9fdd6e93,Jason Petrov 25,New Zealand,1,2019-07-30,2019-07-30
7b7c3104da05561f2cb8fdf0f206b1fb,John Robinson 3,unknown,2,2013-09-06,2013-09-06
3716bfe7e1560a461f96c66a96371af2,Joshua Hill 17,Thailand,1,2011-04-05,2011-04-05
3d2fdba02a2b622adcb3ad841cf4c027,Kevin Gonzalez 14,Singapore,1,2015-06-30,2015-06-30
822c00a55ef53b6a06345c11fdd33ab5,Lars Thomas 9,Belgium,1,2016-02-25,2016-02-25
5ef8179fd4b75f61acfa60a353bca11b,Laura Torres 7,United Kingdom,1,2026-04-03,2026-04-03
bc7b21d331935857d4dbe727475efb2c,Michael Jackson 13,France,1,2015-01-28,2015-01-28
ca63ab53b3ee6d4c4a4ac68977669e4a,Ronald Hernandez 12,Malaysia,1,2014-01-29,2014-01-29
252a39055c6c962e947f62bc63456ece,Sandra Campbell 20,Hong Kong,1,2010-09-01,2010-09-01
a9dc091a514708d41c2cf322223c5818,Sarah Hernandez 18,Singapore,1,2016-03-13,2016-03-13
662dc7410a83db3e202b32dbd68bb11c,Carol Gonzalez,United States,1,2011-05-21,2011-05-21
673e9635f52b1145b33fe5c5d73aabd2,Edward Petrov 15,Australia,1,2013-01-23,2013-01-23
efc0885891dc1159545ab92ef876e554,Eric Green 9,Netherlands,1,2018-08-17,2018-08-17
6a5f2935adb96e70285e1e61ef51d4c7,Fatima Gonzalez,Australia,1,2013-10-11,2013-10-11
536970a0bdfb095f11ddee624abea4f7,Fatima Johnson 26,United Kingdom,1,2014-01-24,2014-01-24
c7c6f980025c877d3aef05ee195343dc,George Clark 5,Canada,2,2016-02-08,2016-02-08
bae1f3424ce6dea90ebfbdc6060425b3,Helen Sanchez 31,Australia,1,2017-10-17,2017-10-17
c620789e22f5afa993a4901a2bdee337,Karen Taylor 28,United States,1,2016-06-01,2016-06-01
6e398bf5267c176e3b79eff95b18f35d,Kevin Torres 2,Australia,4,2015-10-29,2019-10-25
f305ab61abe564882e73d005ad6b9331,Mary Roberts 25,United States,1,2016-12-21,2016-12-21
3547de9c6f953c2482f5f38e9171cef7,Michael Campbell 26,Egypt,1,2016-08-06,2016-08-06
8c46e6dad2dfed0dfb0ca0261ba4cb5a,Sharon Hernandez 20,United Kingdom,2,2013-01-01,2013-01-01
4d24232fa68e196cea36ee370f60f3bf,Sharon Okafor 7,Iceland,1,2023-04-25,2023-04-25
f5d803841562efb70fa7ad07056fef8f,Sofia Harris 6,United Kingdom,1,2018-03-14,2018-03-14
1db2172f8c57cf9d515448b90a19d7fd,Thomas Flores 31,Germany,1,2017-06-11,2017-06-11
a0a9c49540710d64feb46214e55953c5,Anthony Kowalski 26,Turkey,1,2017-03-16,2017-03-16
1a5a8ca3d860888d72e17fe8ee3e24c2,Brian Wilson 10,Canada,1,2019-07-27,2019-07-27
33641ce9783ce0efbe6e10a47c138802,Hassan Mueller 21,Australia,1,2017-12-03,2017-12-03
23c39cdc5f0eb37b5d8ddac1a0cdfba6,Jason Jackson 5,United Kingdom,1,2017-11-29,2017-11-29
0161c550a891614cd326d3961271774e,Joshua Carter 12,Kenya,1,2023-07-22,2023-07-22
afb8e18655b0499dfeda271ad7d59b1f,Lisa Davis 31,South Africa,1,2020-01-26,2020-01-26
3b24eaf5dacd483d2f034398bf3ee450,Paul Rodriguez 16,United Kingdom,2,2023-04-12,2023-04-12
62b89bb693c8160897a25b25954d934b,Raj White 9,Singapore,1,2019-12-08,2019-12-08
813c5ba40ca40e8d1642dcc207ea99ed,Aisha Petrov 13,Germany,1,2009-12-31,2009-12-31
6b40416acb125b56ec90da3dd015fcb0,Karen Scott 3,Canada,2,2009-09-01,2009-09-01
35697453817a4a85e23e0122417d3ef1,Mark Thomas 14,Australia,1,2015-05-29,2015-05-29
68212a5b343c2023ed649f0c9bc2b3d0,Mary Green 24,United States,1,2015-12-07,2015-12-07
5f5b0856cff1e402f45e869cbf1a2333,Patricia Kim 4,United States,1,2016-09-05,2016-09-05
45c8ae758be33d5a33fab8f1a7448da7,Robert Jackson 26,Netherlands,1,2008-12-10,2008-12-10
164a7b95481174affdeed91e2a36d9b8,Anthony Rodriguez 23,United States,1,2015-05-29,2015-05-29
aac085fe9d4a5a9069b3a4722ca9b293,Charles Brown 10,France,1,2015-08-28,2015-08-28
5602e6bc0f0222c41770275742feae4b,David Ivanov 22,Switzerland,1,2025-01-14,2025-01-14
688b7f531943e51b3234225be6884a42,Helen Taylor 30,Australia,1,2015-06-18,2015-06-18
00a530378eb89d097ffac0c70a2903d1,Jennifer Thompson 27,United States,1,2014-01-13,2014-01-13
b34d1bd7413de820bf2f5859670d0b0e,John Rodriguez 23,United States,1,2014-01-06,2014-01-06
2e3978ac24aa01f1290f049e4740d68c,Kevin Nguyen 24,Canada,1,2019-01-26,2019-01-26
2bba7b4e4edfbc495199c46694e9e0a1,Lars Johnson 7,United States,1,2021-06-17,2021-06-17
76964183524f570d32cbb37f5f54b0e4,Mark Robinson 27,United Kingdom,1,2015-01-28,2015-01-28
872c6000aecc6937bb414b9b12cab407,Matthew Hill 26,United States,1,2015-12-19,2015-12-19
ffe51d9011afe7a4e428fd81bdfdcbe5,Michael Gonzalez 31,Australia,1,2011-10-22,2011-10-22
dde772559f5f618880318176e94ccaec,Michael Hill 23,New Zealand,1,2009-06-15,2009-06-15
9fcbcb664513219e4049bdffaf79d8f0,Michael Nguyen 31,United Kingdom,1,2014-01-12,2014-01-12
4483f6c581295e11b76acc8634b64a3c,Ronald Campbell,Australia,1,2015-06-13,2015-06-13
2a5a01c927975321bf48ee29358e1fc7,Ronald Nelson 3,United States,1,2016-06-10,2016-06-10
55faec9f21d6bc85c8fe1a7bb155d616,Amanda Lewis 29,United States,1,2015-07-01,2015-07-01
9084cebc5aaac2d4c91769b1e2badf8f,Anna Carter 25,New Zealand,1,2011-04-05,2011-04-05
7259cde8f5b8ff79b7394c1b7ee6267f,Brian Andersson 23,Canada,1,2016-10-31,2016-10-31
c56eb9bb9cba73841a93bd3b81ea61f2,Donna Anderson,United States,1,2018-05-18,2018-05-18
792e7d684312a5dbe7acdffc37ebd7c0,Fatima Perez 21,South Africa,1,2014-03-03,2014-03-03
46b1c231f7ffc060e927bfc1873366bd,Ingrid Lee 26,Canada,1,2015-11-03,2015-11-03
5868bed594e376b768c9555c5e97d569,Karen Perez 9,Brazil,1,2020-01-12,2020-01-12
51a344c986dd5deb65b1bd09327f5d19,Kenneth Taylor 15,Australia,1,2016-06-01,2016-06-01
ca7ae5fbce1bef120ded80b412309b62,Matthew Rossi 29,United States,1,2017-12-24,2017-12-24
397762f25df8f67fca013a108cbf986c,Priya Kowalski 25,United States,1,2016-01-21,2016-01-21
d6fb2fb1d7d30c641612e388e62dec09,Sarah Kim 17,United Kingdom,1,2020-01-31,2020-01-31
a72efe7a0a0bcb58a7d7e282cc7d9f77,Anna Torres 29,United States,1,2019-10-22,2019-10-22
19b0e79e148f1ee49277bd2cb5d74ce6,Ashley Schmidt 2,Canada,1,2018-12-13,2018-12-13
63880134310230a26e7d3143bcec417a,Daniel Miller 10,Australia,1,2014-07-27,2014-07-27
fa1108c6eea3c4b4c3df0b7571d0fc92,David Hall 30,Canada,1,2018-05-24,2018-05-24
7c7894d336cbbd499fa716caf1d73bfb,Jason Carter 19,United Kingdom,1,2012-09-17,2012-09-17
17ad523716bd59305eb08355d80a9b5a,Kevin Adams 29,United States,1,2024-11-24,2024-11-24
afde2a59ab99df9f4e69e2cc048165bd,Lars Taylor 19,Canada,1,2014-07-30,2014-07-30
409e29e452965b7762ee5c4190a02977,Paul Kowalski 19,United States,1,2015-01-30,2015-01-30
92f1ca00ebcf48364207ea44bc65eac3,Sandra Lopez 27,United States,1,2018-05-29,2018-05-29
c27a15f71e05a4651a787ab39809dc05,Sharon Harris 13,United States,1,2021-10-08,2021-10-08
d69f0ff6cb5a6a8f1d6a28ba98a9e8ae,Stephen Ivanov 10,Malaysia,1,2018-02-04,2018-02-04
146cd12e915091585b41a330745dfc6a,Thomas Mitchell 6,Indonesia,1,2016-07-25,2016-07-25
3beaf8487cac9a5cd87e6b7ae4b03388,Daniel Adams 12,United States,1,2016-02-13,2016-02-13
4d37e799640199cfbeef5c30d1126c11,Diego Perez 9,United States,1,2022-03-24,2022-03-24
e48dde14098143c19f9d0e6b89cce86c,Donna Davis 14,New Zealand,1,2011-09-19,2011-09-19
c0a5d64942b159e3300b2e65c756eae2,Edward Jones 29,Australia,1,2017-03-16,2017-03-16
5969952a9517b160505bc7a78b5e1a5e,Fatima Flores,United States,1,2015-12-22,2015-12-22
ac9db28a9e65053b046ee59f07854efd,John Hall 4,United Kingdom,1,2016-05-26,2016-05-26
ba91f81c26a8de4a68252a624677d2fe,Kathleen Scott 8,Spain,1,2020-08-11,2020-08-11
123926e0e7722c754dd571db6d4381bb,Kimberly Singh 31,United Kingdom,1,2019-10-08,2019-10-08
949d62fee5a1bb5498fab23a6dba5af4,Linda Brown 11,Georgia,2,2018-02-25,2018-08-12
d41f6d546cee473375ef1de8d718964a,Michelle Perez 14,Switzerland,1,2023-12-01,2023-12-01
aee74b4ac8d9986f00cc8228276fb0cc,Omar Green 4,United Kingdom,1,2011-05-18,2011-05-18
c570836bf250d71c08b4cef538f17cd8,Patricia Mitchell 4,United States,2,2018-09-30,2018-09-30
aca6726897e2bdb694d176d8b0ea422e,Raj Young 29,New Zealand,1,2014-11-19,2014-11-19
bef11426313ddfb7f797718673e93ceb,Sarah Perez 9,Australia,2,2015-09-27,2016-04-26
213a896d1592718c99b265ad18b805ca,Sofia Okafor 12,United Kingdom,2,2017-02-15,2017-02-15
64e2c4e6138002f8e9221ece4bdf6868,Wei Moore 21,71J,2,2023-02-24,2023-02-24
a3e9992ce863d989aadcc925cbbf4f7c,Wei Moore 30,United Kingdom,1,2020-04-19,2020-04-19
67be967eaf9f950c43cf5ead14cb5942,Wei Schmidt 14,United States,2,2016-10-09,2016-10-09
c18a39000b67c6c841edee07e8bfcbb3,Anna Perez 7,United Kingdom,2,2023-03-11,2023-03-11
5c7015e23346d2f2c0196c4719f6f725,Carol Haddad 10,Bermuda,1,2015-07-12,2015-07-12
0f9a88ad2bc5036738400d56174e1d0f,Carol Jones 27,United States,2,2023-09-07,2023-09-07
42954c5b057c15293e4ad9eb7e696317,Diego Hernandez 25,United States,1,2015-07-17,2015-07-17
ab0b3ddfe7970eb52aa02a4fbf764820,Diego Moore 13,Malaysia,1,2014-07-25,2014-07-25
6811b48ad4c1eb5bcab8a00355b11f2f,Eric Allen 6,France,1,2016-04-23,2016-04-23
a4e92906b5e44605046268614274283c,George Mueller 9,Bosnia and Herzegovina,1,2020-09-02,2020-09-02
067c1b7182f0627b61b70ebdf8d0b0e4,Jennifer Mueller 9,United States,1,2019-01-29,2019-01-29
667c3b0359e57a5e3f5ad19428555db9,Karen Wilson 28,Australia,1,2016-03-10,2016-03-10
67383bb6ce023148df99039bb4869eda,Kathleen Hernandez 5,United States,1,2025-09-14,2025-09-14
d1332c58396452b49dddf844adcf57a3,Kathleen Hill 5,United Kingdom,1,2022-12-14,2022-12-14
055de744bbe578961645b9c31f1e65d6,Kathleen Scott 15,Ireland,1,2015-09-10,2015-09-10
c808ce021bc2365de239e9b39741cda7,Kenneth Lewis 6,United Kingdom,1,2017-11-07,2017-11-07
fc9b76d0ff29cc46db2411bac628f643,Nancy Scott 7,Belgium,1,2008-12-10,2008-12-10
a72b0d7ad41f939d856a6b879d1015d4,Susan Lee 8,Canada,1,2016-02-04,2016-02-04
617c535c1c3237461765869bb0a377ac,Amanda Hernandez 13,France,1,2019-06-21,2019-06-21
4b7f9d60680101ebf2fa6c94ea53cbb2,Diego Williams 22,United Kingdom,2,2016-06-27,2016-06-27
2ab40fd29a0a8e0814f36dab9c2d1c79,Elena Moore 11,Canada,1,2014-01-13,2014-01-13
0dcf89c7cb327f9fc04248f343322d1d,Laura Thomas 13,South Korea,1,2015-07-10,2015-07-10
0146d9ad7d5c8f787e1e69ebca48d836,Lisa Mitchell 30,India,3,2016-04-19,2016-09-25
0a1fb573db294d44a6361a4eb5446d59,Mark White 23,Australia,1,2017-10-17,2017-10-17
df9f936dab7a374b3b870646a9ae7dd8,Michael Brown 7,Australia,1,2018-01-14,2018-01-14
b92c8d4a9898b0773d4501aa66493f11,Priya Walker 11,United Arab Emirates,1,2017-09-11,2017-09-11
27bb5fed368505e410df41797f72d19f,Raj Smith 7,United States,1,2019-05-20,2019-05-20
474287708ea7403781a1e04472b1cc83,Stephen Wright 26,United States,1,2023-02-11,2023-02-11
b3b37fc5348f74d1254d49e1ecfa449e,Susan Brown 3,United Arab Emirates,4,2017-10-15,2017-10-16
df7b6a0759c4f1f49b619a0a273ffc2a,Yuki Mitchell 11,Malawi,1,2019-12-03,2019-12-03
7183984066ce32804cc97b737136e19c,Aisha Anderson 18,United Kingdom,1,2024-01-22,2024-01-22
8f3566ace0fde8c257fed5d25bbf9563,Aisha Hernandez 22,United States,1,2025-01-11,2025-01-11
15da89e663c9c3a51ab5d8df1ff63ec5,Eric Wright 15,United Kingdom,1,2019-08-12,2019-08-12
55068802412ee63709f7d98d87635370,Fatima Tanaka 15,Portugal,1,2015-08-20,2015-08-20
9c78128fc2cce66e99d17f980b5d39fd,Ingrid Chen 7,Indonesia,1,2017-01-20,2017-01-20
6fad37c846cfa198b466a06971c97802,Kenneth Robinson 2,Canada,1,2019-01-31,2019-01-31
03ce905e69fdd31f9be7dc59682e2e8a,Laura Chen 15,Germany,2,2009-10-06,2009-10-06
491f4f3dbcf06fec6f24b6a536d834c3,Mark Adams 10,New Zealand,2,2017-04-26,2017-04-26
a21f75454e90dc86b3c1761ef06ebf31,Omar Kowalski 20,Australia,2,2010-12-15,2010-12-15
aa7e6f6181a3c96af4c5c52614ac54dc,Steven Ivanov 20,United States,1,2017-05-17,2017-05-17
8b049edc7f3b0feaa3a462fa7d70f893,Steven Martin 17,Australia,1,2015-10-30,2015-10-30
7e17d64ca860b56d9c684f9a4615f7e3,Steven Miller 25,United Kingdom,1,2014-01-21,2014-01-21
14fe3ce28594cb2176b21a3927b56e3c,Ashley Singh 6,Australia,1,2015-06-28,2015-06-28
e8b90c7a4f8069952e28898c3f5596c7,Carol Johnson 5,Indonesia,1,2017-01-22,2017-01-22
a7e7221c06c9066da009f6d4959abc04,Diego Roberts 11,Indonesia,2,2018-07-27,2018-07-27
d4bbe2d98a604e0d092b367c36bf8476,George Adams 15,Canada,1,2015-08-25,2015-08-25
169b4f0c094135bc6d3c37d0fc26f729,Helen Costa 2,United Kingdom,1,2019-04-08,2019-04-08
1e2f30f66d91b69f59b817ca94d39f0b,Helen Costa 9,Germany,1,2022-05-30,2022-05-30
62d11e7b693a0b461ae42ea622f3cfba,Helen Singh 12,Malaysia,1,2023-02-11,2023-02-11
1a55987a68511a5ea9152b530bc31539,Ingrid Kowalski 27,Canada,1,2016-03-28,2016-03-28
527ab3541da7e6243b932f4803ca0d97,Kathleen Patel 31,United Kingdom,2,2019-10-16,2019-10-16
6df01248a919864f30b714e14c686937,Laura Sanchez 2,Singapore,2,2015-06-22,2015-06-22
510369a1079661a90ac8082b16c582d8,Lisa Garcia 10,Canada,1,2016-08-31,2016-08-31
51784bb5a832b392d2f0401dceb23218,Michael Davis 5,Netherlands,1,2010-09-21,2010-09-21
79fddc502a639a8e9bcba921799b0740,Paul Torres 26,Hungary,1,2015-11-26,2015-11-26
260c92a7588a404262beb7cb47d59830,Raj Hall 11,United States,1,2013-02-24,2013-02-24
61e77003400015a6b61cddbad5a1f2e4,Sharon Ivanov 27,Malaysia,1,2019-01-31,2019-01-31
e700e719ef0a0f915c627d9183051b1f,Thomas Walker 13,Canada,1,2017-09-10,2017-09-10
e6699f34278a0826d851777f56728007,Andrew Thomas 8,United Kingdom,1,2015-11-04,2015-11-04
50e1326a5cedfbf0d58a50dce09cb70a,Anthony Allen 11,Germany,1,2016-12-02,2016-12-02
2b541ae7517860f88bc2b9d44b0aed5e,Ashley Jackson 8,Malaysia,1,2016-01-09,2016-01-09
5f288074af7f929778c60337231e5128,David Flores 20,Belgium,1,2019-04-12,2019-04-12
c899b2ce9377752338c70e21a17eb1ff,Henrik Lewis 24,Canada,1,2019-01-03,2019-01-03
444cf244599a925c7b542d5f2daf6eac,Kenneth Jones,Denmark,1,2016-08-26,2016-08-26
3b70b6689ffba978e7034e5ba4c0612a,Mary Thompson 8,United States,1,2016-02-07,2016-02-07
37ab0d1b939a9c82fb254487ecdc2e11,Paul Clark 8,Australia,2,2015-06-17,2015-06-17
bdf5ed788f8c8369a880b2987eb2eb5a,Raj Carter 27,India,1,2022-03-12,2022-03-12
996a364c0039d31554cc8f6ec5dd6ed1,Raj Patel 16,United Kingdom,1,2013-01-22,2013-01-22
bbdbf9d1a20ed694b3909cb530b7fe21,Susan Smith 7,Canada,1,2023-07-08,2023-07-08
a0214ff665ae23073c0966ea64a5e75d,Jason White 9,Greece,1,2009-02-07,2009-02-07
0d02fb0c151f41cd4fdd2233422cbe0e,Jennifer Scott 2,Venezuela,1,2019-02-07,2019-02-07
968790a5f6426ec624889ee102632e42,Karen Roberts 12,United States,1,2019-07-08,2019-07-08
cc2d1803846f89edc3d32e74fe10cf33,Kathleen Taylor,United States,1,2013-04-20,2013-04-20
d7482ba0d9ac6c915e2ef310a9c3843a,Kimberly Mitchell 3,United Kingdom,2,2015-09-27,2015-09-27
db9431330eed2d3364ab987a8f3b800d,Mei Walker 2,Italy,2,2015-01-27,2015-01-27
3a319af422ceef98182d7ff3c7cc9cc4,Nancy Jones 16,Australia,2,2020-02-07,2020-02-07
5e8e5fe3c146da8291dede564541affc,Stephen Rossi 25,New Zealand,1,2011-04-05,2011-04-05
8b0f5be90ff7e4c63a1fae5011ee4f72,Steven Young 28,United Kingdom,2,2017-06-04,2017-06-04
42c3449143443995057528107aac02f6,Thomas Carter 8,United Kingdom,1,2017-04-22,2017-04-22
94c13335dcbb3458a66b12d44b883298,Wei Sanchez 7,Hong Kong,1,2018-07-27,2018-07-27
c3bbfaf5fec2108b663341626db85d57,Anna Moore 14,France,2,2012-12-24,2012-12-24
77039ea5cbf845af9aeebd8c52d501c8,Cynthia Mueller 26,Mexico,2,2024-05-16,2024-05-16
95a7c72bcd1291d30db054470db3a2aa,David Haddad 9,Canada,1,2018-11-16,2018-11-16
52f4bc74ec525d68427475918a5d891d,Diego Clark,Australia,1,2019-04-10,2019-04-10
168306e578709b3611ad7deb1c524063,Donna Moore 10,United Kingdom,2,2013-09-06,2013-09-06
bcc112fc8c677454807fd43b6bcd78a8,Elena Ivanov 18,United Kingdom,2,2014-10-27,2014-10-27
96a320ea80fbef1c6a0feae6276c40d7,George Flores 10,France,1,2026-01-22,2026-01-22
afb77823d8fb078d61274b8e3dc0c6c5,Jennifer Ivanov 18,United States,1,2009-01-08,2009-01-08
04de2165a8deb4f64e22fc79c730c870,Laura Sanchez 21,France,1,2010-12-05,2010-12-05
0c006a13fe58f662f16c7d88ab1eb3eb,Melissa Haddad 2,Thailand,1,2019-05-06,2019-05-06
6e922a7852ee28d40717fbdc6313d0f2,Nancy Thompson 26,United States,1,2017-12-04,2017-12-04
0988a375ddafae1a790071071c6ef603,Omar Nelson 28,United Kingdom,1,2018-05-08,2018-05-08
c2c2d34cce6b738ff8a3d0ff904d311c,Ronald Petrov 4,Germany,1,2016-02-12,2016-02-12
efd2fd1e892257fa8283fb697f4fc515,Donna Adams 15,Ireland,1,2011-07-28,2011-07-28
af55c09a7996d0d621de18476eb61783,Edward Walker 7,Israel,1,2017-07-23,2017-07-23
15e052066c56c48a7df40a5f65e5e768,Emily Scott 26,United States,1,2015-09-01,2015-09-01
a1a827c61aa0e9ab32e7b6092a21066c,Fatima Petrov 16,Canada,1,2019-10-08,2019-10-08
ca511e386b5287f6b20a0c8955666402,Helen Scott 7,Denmark,1,2016-11-04,2016-11-04
0b257ac167826574a67515858fe1e614,Jennifer Young 3,Bulgaria,1,2024-05-14,2024-05-14
fbb2b557719d358eb1af8b68988955f4,Linda Wilson 4,Canada,1,2014-01-13,2014-01-13
adcf45eac4f099918b98c02b82a9f11b,Omar Martin 2,United States,1,2014-01-10,2014-01-10
c6eec9fc7bfb639f5a30eee3ed93b0e4,Patricia Johnson 19,United States,1,2019-04-24,2019-04-24
d563ed090aa3751bf5e21ae10100ae24,Priya Hernandez 13,United Kingdom,1,2017-01-03,2017-01-03
89b43d58503a50b2b6cf0ba5a3c8684a,Sarah Nelson 31,United Kingdom,1,2018-03-31,2018-03-31
1d329345c25b142fd43a87c2f98bac18,Sofia Rodriguez 24,Canada,1,2016-04-19,2016-04-19
dae935a4cd69e6e30f6af65e15d2d021,Steven Moore 22,Colombia,1,2017-01-20,2017-01-20
982fac9e711bd673b98747e6fb682b6a,Yuki Carter 30,Australia,1,2019-04-30,2019-04-30
1a7fbdd95227fa083ec684a0ba7d4567,Anthony Green 27,Germany,1,2014-01-21,2014-01-21
1c4ee80823d3b73f42ca6c5959499e0f,Carol Wright 25,Brazil,1,2019-03-10,2019-03-10
1ca6d641180c459a2f83435b34256aa4,Donna Green 14,Australia,1,2014-11-19,2014-11-19
54b532a660fdaf12074e64dc80313a79,Edward Hall 31,United Kingdom,1,2017-04-16,2017-04-16
0ad4143315707fe825748d7c39a366ec,Elena Davis 2,United States,2,2016-09-07,2016-09-08
5c4c3e482b8ebea5dfb1be49073902c1,Emily Jackson 20,United States,1,2024-06-21,2024-06-21
685fe6d41787e02f00d046a24d17ce1d,Henrik Petrov 4,United States,1,2024-07-18,2024-07-18
8ab7163a04b9ff4df08cb3b12632672e,Ingrid Garcia 30,United States,1,2016-11-19,2016-11-19
49c16e6b4040e97e14b0f530f54a527e,Kathleen Okafor 20,United Kingdom,1,2017-11-19,2017-11-19
4e660dc3f716d7e05bd5cee303f08e74,Lisa Davis 28,New Zealand,1,2010-05-26,2010-05-26
4cbe6d42cfc9af2c7be56ea445f1bc7c,Matthew Singh 30,Canada,1,2016-01-21,2016-01-21
659853a0e506b613f4c7a5984152deb3,Patricia Roberts 7,United Kingdom,1,2015-08-02,2015-08-02
5f55cd43658af690b80740d2d40d04ee,Raj Hernandez 12,South Korea,1,2017-05-10,2017-05-10
d4020d0ca226624f35c9bb8206db37c7,Robert Martinez 17,United Kingdom,1,2016-08-13,2016-08-13
7064bc609c302667fbced9a9cf3531a0,Anthony King 3,United States,1,2019-05-12,2019-05-12
5def05454a1baaaf2eb0778386748ef4,Carol Singh 6,United States,1,2008-09-15,2008-09-15
5ca4c7e049fc4386aeece3bfab585acf,Donna Haddad 27,Nepal,1,2010-07-31,2010-07-31
0fae9a61c5c52f888cdd0e85332fdbf9,Donna Smith 2,Canada,1,2014-07-23,2014-07-23
eae279b67aeda40d57530292fbc8eb0c,Emily Rivera 15,United Kingdom,1,2017-06-03,2017-06-03
6ad1d64db7075815f4bbb76546d8ee7f,Henrik Clark 14,United States,1,2013-10-12,2013-10-12
7e6b61c3bbe114329e625e0f3c3545be,Ingrid Baker 17,United Kingdom,1,2015-01-21,2015-01-21
4472ee301d024f7015dbc91178cdb69d,Ingrid Ivanov 19,United States,1,2015-02-04,2015-02-04
5ce07ce858d3eba9fb841c62a0cc812a,Kevin Mitchell 14,United States,1,2015-12-12,2015-12-12
06460aebe01f59cb1167ee1908fe0d09,Nancy Nelson 10,United Kingdom,2,2018-06-09,2018-06-09
fb7cb0ea7773836b29f27e2b754546b0,Susan Ramirez 5,United Kingdom,1,2018-12-16,2018-12-16
8fb9947f4b523f7894cf6e0c528b7b85,Aisha Smith 2,Netherlands,1,2016-08-01,2016-08-01
07a523cd2ef876ee40ead156e07bbf7b,Amanda Mueller 12,United States,1,2015-08-12,2015-08-12
087ad63e7bc089215b892debe1b07f43,Anthony Costa 14,France,1,2016-06-01,2016-06-01
f855d529a5b41a1693a101bf69700bf1,Carlos Campbell 2,United Kingdom,2,2016-08-14,2016-08-14
48d77cbc6c39e7153ec34317eae3a1c0,Daniel Smith 30,Germany,1,2010-01-11,2010-01-11
b370d1235f60311ed5937c03d6aca27b,David Ivanov 8,Canada,1,2010-12-20,2010-12-20
5d8c77dcd2e398c2d9aac4fa5e27cede,Emily Rivera 4,United States,1,2015-08-09,2015-08-09
03f6cc910bdaf8e9e396a16632c51658,Helen Mueller,United Kingdom,1,2014-07-18,2014-07-18
2697809ccb93046f8b54a22547a2c492,Helen Rodriguez 22,Belgium,1,2017-09-28,2017-09-28
b30ca59a0fc6362db9487081c843b1bf,Karen Campbell 31,United States,1,2018-08-09,2018-08-09
642a18c0fafc3d4be1336cd6f82b7f24,Omar Sanchez 6,Australia,1,2025-04-15,2025-04-15
4907a7013c18c8e36a058fc1c0dc82ec,Raj Costa 14,Indonesia,2,2011-10-22,2011-10-22
0735738bcf6317be110fe5afd64970b1,Raj Young 17,Greece,1,2015-08-02,2015-08-02
15657d69658109641130453d1603a582,Robert Anderson 24,United Kingdom,1,2017-05-30,2017-05-30
b8e0e5d1edf7399fbe7720e19a51b0e1,Sofia Okafor 23,United Kingdom,1,2016-03-04,2016-03-04
deb687856ff033c49a6b0259eb362839,Susan Nguyen 24,United Kingdom,1,2019-02-24,2019-02-24
9175a2085817bf6f4264db81899a4d1c,Ashley Jackson 14,Czech Republic,1,2019-08-02,2019-08-02
3ae7447001dbba14d5ad768e6ad2025e,Daniel Mueller 24,United Kingdom,1,2016-01-09,2016-01-09
435d29f61be588b04ded5800b59f630d,Edward Rivera 19,New Zealand,1,2015-04-02,2015-04-02
8062b4366b42fd608c2d1bfe0741ed77,Hassan Kowalski 5,New Zealand,1,2016-06-15,2016-06-15
b38184cbc518081bc214d7be46ccdd1f,Henrik Smith 6,United States,1,2016-02-08,2016-02-08
de801c94ec95a61b4e0263211eeda632,James Gonzalez 6,India,1,2016-06-22,2016-06-22
c30a4f32cec5f3ca91f3a1df1093cd1d,Kimberly Flores 2,United Kingdom,1,2016-05-22,2016-05-22
87c937aebf5c29d4ca1e60627a015866,Melissa Wright 20,United Kingdom,1,2017-09-25,2017-09-25
18788f37c034c7125fec581bf9a966fc,Michelle Flores 4,Croatia,1,2016-03-02,2016-03-02
94fbf1a0e00d25ea307767ac72b795de,Sofia Allen 16,New Zealand,1,2015-10-13,2015-10-13
2d73bc1edf6bef23dcf26a5b327a2624,Sofia Wilson 28,New Zealand,1,2014-01-03,2014-01-03
a2a989f6af6bea76662ba8e65e0c2ffc,Anthony Flores 2,Singapore,1,2017-10-10,2017-10-10
7b0605da6f4c9ea738792caa817f997b,Anthony Torres 17,French Polynesia,1,2024-08-07,2024-08-07
7d906ec9ebb273eac7c2f466af90ef7e,Brian Chen 27,United Kingdom,1,2015-05-30,2015-05-30
8e05075e7625a783fd26f51637895c44,Brian Williams 4,United States,1,2016-06-01,2016-06-01
ef32edfe5da305730130675cae878f05,Charles Nelson 10,United Kingdom,1,2016-01-30,2016-01-30
d23bfe06194a8f92080d4b8433a15f2f,Cynthia Singh 15,South Africa,1,2009-12-04,2009-12-04
e9c9a70719385891fce6507edf6cd831,Jennifer Andersson 10,United Kingdom,1,2014-01-12,2014-01-12
bcb75c5ea7c22fd794794d9cf5277fdc,Karen Martinez 20,Philippines,1,2016-03-03,2016-03-03
3e1139485363befe37e2ad77c95a8b5c,Michael Flores 22,Australia,1,2025-09-20,2025-09-20
a4c923ce7222aefe1eb14a33824e0a82,Sofia Green 17,United Kingdom,1,2015-10-25,2015-10-25
31fee81e7b0211bfe0e8e3828df416f4,Edward Costa 26,United States,1,2018-04-19,2018-04-19
181d6bfbbd32802509be188a1ac9de36,Jason Andersson 13,Netherlands,1,2016-01-25,2016-01-25
435ca08dd2ff238fab30ff95de6cf358,Jennifer Mueller 6,United Kingdom,1,2023-10-11,2023-10-11
3454744062f562d7b4132756906bd660,Kenneth Nguyen 13,Australia,1,2015-01-30,2015-01-30
c10c01f2def3886e30138e11c88b798a,Lisa Lopez 30,United Kingdom,1,2013-04-20,2013-04-20
5e9ae3beb14e41d216a34779750b8580,Melissa Martinez 4,Australia,1,2015-09-28,2015-09-28
a220fcfb89bf79e8f329236cf8423384,Michael Singh 17,Singapore,1,2015-01-28,2015-01-28
15966283a4bb3ad8f2327e7b84f4cd16,Paul Mueller 13,Austria,1,2015-03-29,2015-03-29
feb13410340173e21e7dd581ea4138df,Sharon Costa 28,United States,1,2008-09-29,2008-09-29
7a03bf61f59ce7c216cd0f843054f213,Aisha Robinson 21,Sweden,1,2010-09-01,2010-09-01
4b1232c31f6d71efa662a91b75f4509f,Cynthia Tanaka 11,South Africa,1,2015-05-30,2015-05-30
fedb4a6afacb7f34b04b8115addcd007,Diego Andersson 6,Hong Kong,2,2015-06-17,2015-06-17
acbc593e6cdbc52bfeb793f1f3277248,Henrik Ivanov 17,Brazil,1,2014-01-06,2014-01-06
7441ca7b5da6c59549cf502a5c2f6711,Ingrid Andersson 17,United States,1,2015-05-10,2015-05-10
b63f47f7023e3bcaf4402882717d0ff6,Jason Brown 31,Germany,1,2014-01-12,2014-01-12
81f25a55654baced3a239b4a81f9ea2a,Kimberly Campbell 25,United States,1,2018-02-02,2018-02-02
b821921ea89a9b4c79695a39989fb10b,Mark Costa 21,South Africa,1,2023-09-19,2023-09-19
e27d9a69685405557c61b6a998c3c12e,Mark Patel 4,United States,1,2008-09-24,2008-09-24
3b8709a4ea6e8b2789b12fb54c8a5332,Mary Thompson,United Kingdom,1,2013-02-15,2013-02-15
a622d1bae6d78afb98b305a9a0769b00,Matthew Adams 26,Belgium,1,2021-04-17,2021-04-17
730fe60e83726d54b8f1f225b3bd6dba,Mei Baker 26,Canada,1,2014-03-03,2014-03-03
b1c5a4813571270aa0f5b96a90058c8e,Melissa Rossi 18,Singapore,1,2014-01-12,2014-01-12
2f1070fbf2b86d3836b44d5aede3c5ad,Michelle Robinson 3,Australia,1,2016-02-20,2016-02-20
c3cfc8277c0f7b9daf888d96c3414155,Omar Smith 19,United Kingdom,1,2015-09-22,2015-09-22
acd8aa7d0df09299575caedaff49e091,Patricia Harris 13,United Kingdom,1,2015-05-30,2015-05-30
a726610a7dbffcd508b450c0474b5422,Sharon Nelson 23,United Kingdom,1,2015-10-21,2015-10-21
024e0ed277850a3cb6fc8937530dbf38,Aisha Rossi 30,Hong Kong,1,2023-03-15,2023-03-15
36da55bf044e0f610b29f59d2e3a28eb,Ashley Roberts 17,United Kingdom,2,2015-07-10,2015-07-10
d64263fd95dbb9bb053d66448437049c,David Johnson 17,Switzerland,2,2014-11-19,2014-11-19
babd3f3ddfc76a51cda3cb98c9d65224,Edward Scott 5,Singapore,1,2016-12-15,2016-12-15
522da3336c5f308f81c51cf6a7132bdb,George Clark 31,United States,1,2019-11-27,2019-11-27
544bac06ced9b9d116469e32934d113c,Jason Singh 24,Singapore,7,2008-08-11,2015-01-28
2edbf40ba653c6cc937467fd3eb454b6,Jason Taylor 8,United Kingdom,2,2015-11-18,2015-11-18
c96e56484013356659e0924473cad694,Kenneth Adams 20,Cyprus,1,2019-07-22,2019-07-22
b9671a8f05ba852df5ff8eccad34543a,Kimberly Campbell 9,United Kingdom,2,2017-12-16,2017-12-16
4171b6258a1757f269601e1e5c122894,Mei Rivera 18,United Kingdom,2,2019-12-11,2021-01-27
1bbebe0948668666fa0b2ca5572ac853,Michael Campbell 13,United Kingdom,3,2014-01-10,2016-04-03
27013c96060232c206d59e014ab2d161,Nancy Roberts 27,United Kingdom,2,2018-05-02,2018-05-02
bdf3211a74687fd46243c35a7a079a83,Omar Rossi 28,United Kingdom,2,2015-03-01,2015-03-01
aa6595cf60564f5b8b5bd2cb018fad0a,Rebecca Costa 30,Vietnam,1,2019-07-12,2019-07-12
7cac36d7bfe6aa38b4b107dd4fb4c81a,Sofia Rivera 27,United States,1,2016-10-22,2016-10-22
87af3c1f26640a80102a83a85f1fd499,Sofia Roberts 13,United Kingdom,1,2023-12-06,2023-12-06
28af490eb85e0f61dade2268387586bf,Stephen Thompson 24,France,1,2013-01-01,2013-01-01
3017dde59a90461f18a4a57ab4155ef4,Susan Andersson 25,France,1,2013-02-15,2013-02-15
86a4cc0fd2ad02fe7c59f281d219c762,Anthony Allen 31,Indonesia,2,2016-02-13,2016-02-13
5ee2d7b9d6f7b85badc76f8073cdd15c,Christopher Schmidt 18,United States,1,2015-03-29,2015-03-29
43cbc4c80fe3bc37264ad9efe0db836c,Diego Mueller 5,Hong Kong,2,2019-05-20,2023-02-19
8bc65068aa34d293eefece63a232cc73,Emily Wilson 4,New Zealand,1,2014-11-19,2014-11-19
8779c13d9c171075b2a76f3b81dc18e7,Joshua Okafor 24,United Kingdom,2,2009-01-15,2009-01-15
d7b64351fcec019353d346be44f7ddc8,Paul Young 24,United Kingdom,4,2019-01-19,2019-11-30
597dfbea7e4f2bf4a956f03929066d0d,Raj Nelson 28,United Kingdom,2,2024-09-02,2024-09-02
8991fef34023bca80d5687be7b8baeba,Raj Walker 31,United States,1,2017-01-09,2017-01-09
67386e018867f6aa1f550f7d97d76570,Stephen Torres 13,United States,6,2014-10-27,2016-01-31
540bab748d615868488a6e3d5b197194,Anna Okafor 15,United Kingdom,2,2015-11-03,2015-11-03
2a96fb68c29449c8b3973f1e158b29db,Donna Martinez 19,Thailand,1,2017-06-12,2017-06-12
0848affb4938b11484d3f9723d8fb50c,Donna Nguyen 30,Vietnam,1,2014-01-21,2014-01-21
4f8bd31f5eff5df33ab3f7b97e574225,Helen Baker 26,Australia,2,2015-05-29,2015-05-29
beba944df60b824d198a589625c2c770,Jennifer Sanchez 2,United Kingdom,1,2023-04-07,2023-04-07
0448b55f4f0667974c52cc1438feacb0,Kathleen Tanaka 7,United States,1,2020-04-19,2020-04-19
b78e217c2862910b71a8c3dde75ab3ce,Kenneth Thomas 18,United States,1,2014-08-02,2014-08-02
63fc23fd4674ce08f31066ad2c268707,Lars Costa 3,United Kingdom,2,2019-05-11,2019-05-11
d69ffb04fb719e65163697d7d03be226,Linda Clark 24,New Zealand,1,2009-08-12,2009-08-12
b1c65159d92d18173de4df9e919e155a,Matthew Hill 7,Malaysia,1,2018-03-05,2018-03-05
cfe586202af500bc9add704b80bb5967,Michelle Torres 28,United Kingdom,1,2016-02-14,2016-02-14
0380c47d1deb644f1e317eadc4713bf9,Nancy Mitchell 14,United States,1,2009-03-03,2009-03-03
7e62849b8c877eaa9f6ceb7d8b6641b7,Robert Flores 20,United States,2,2015-11-06,2022-12-05
8107be112a200f63f1bc2dc77a6947e0,Sofia Baker 22,Sri Lanka,1,2016-11-18,2016-11-18
716c2c8b02793998cc0b494fa8757407,Wei Moore 12,Canada,2,2015-03-22,2015-03-22
7bc1357fbcbae5312b6d56d4ee7a09bb,Yuki Mitchell 22,United States,1,2015-12-12,2015-12-12
a7186a5849b4e156b737ccda96cb26a9,Ashley Wilson 26,Australia,1,2023-09-12,2023-09-12
4265458054b193dfbbfbcf92f7bc6041,Brian Brown 9,Singapore,2,2015-07-22,2015-07-22
aa537d61b2a7ebe9847df7e45817c62f,Carlos Brown 19,United States,1,2023-11-28,2023-11-28
42262ba5d23bda9680af2a8cf4f4f552,Carol Ivanov 8,United States,1,2010-10-26,2010-10-26
1c3a42b5de383f81009c6da16afb5b07,Diego Scott 8,United States,1,2019-11-29,2019-11-29
b4718c8c2781c9804dc35304135e1478,Henrik Lee 4,Canada,1,2019-03-11,2019-03-11
6d6f5335e5282b8e50c1bf85603c9e91,James Moore 2,United States,2,2021-12-31,2022-01-01
081e9c533460703329f59f84003bea29,Jason Nguyen 7,Canada,1,2016-02-24,2016-02-24
a42804ae79aa33191033bd65b49b7f05,Joshua Kowalski 21,Canada,1,2016-04-18,2016-04-18
a0794b1d5fc578ecd2ed159325ce2bfa,Joshua Rossi 30,United States,2,2016-07-30,2016-07-30
42a2448cd10afa5ba693566fb1cb8b21,Michael Rivera 28,United Kingdom,1,2015-07-16,2015-07-16
c6e9e335f7600488aa14528cc8fcb614,Omar Williams 12,New Zealand,2,2015-07-16,2015-07-16
a320a83a55064be138d1f5e2298ef647,Raj Garcia 3,Australia,1,2011-10-22,2011-10-22
a898781ffbb8a4417722b44b41488c82,Rebecca Anderson 24,United Kingdom,2,2016-03-12,2016-08-06
dd86c8d05cef24899d9f99ea391a0fa5,Ronald King 29,Hong Kong,2,2017-09-17,2017-09-17
cc561e6613cf7c015f50c32b2ceac5bc,Sharon Perez 18,Germany,2,2014-11-19,2014-11-19
e62e77f5ae0b6afcb7137c2611d14eb8,Sofia Campbell 28,South Africa,2,2011-05-23,2011-05-23
c9d3672a5235eab9e40ec56173c4626b,Susan Rossi 20,Sweden,1,2019-12-05,2019-12-05
ea95eea20b48e6f7c0915e85b8205263,Susan Singh 17,United Kingdom,1,2016-02-08,2016-02-08
f52d3c416ab85642a4b613b00e594bb6,Yuki Jackson 15,South Africa,1,2018-12-27,2018-12-27
5e7887a6714894ab79341980ea9524d0,Amanda Allen 13,Ireland,1,2010-01-19,2010-01-19
19c36fa46f219ecce4dc63d953879a82,Brian Harris 17,United Kingdom,1,2011-10-22,2011-10-22
9be578262dff2866ee3a7114119b614e,Eric Rossi 16,Canada,1,2018-09-28,2018-09-28
c2e688350de58ed7bf6502f1a4af38fe,Eric Young 9,Canada,1,2013-04-20,2013-04-20
8d15b29131f2bba094a7e2b135135834,Henrik Miller 21,United States,1,2010-01-01,2010-01-01
0b8a1656437b9d2cf4c8924f9d2c9173,Karen Thomas 19,United Kingdom,1,2021-10-23,2021-10-23
08b6f9f5c24ec768c2530794732f75b6,Kevin Davis 4,United Kingdom,1,2017-06-03,2017-06-03
440aa76735a1d0739524909bd659f4a0,Kevin Gonzalez 12,Vietnam,1,2016-04-19,2016-04-19
d01b127aaa14ac9e67a82f6515d3836f,Kimberly Brown 17,United States,1,2015-11-26,2015-11-26
11a781b630b2675eaba5d227cd1a4e23,Lars Rossi 23,Australia,3,2013-10-12,2014-01-06
84b0ea96fec1b4935f8779d267f1cb98,Matthew Adams 22,United States,1,2021-09-21,2021-09-21
af31e855d44f495d4a88aa0e7b26f9bc,Michelle Campbell 22,Malaysia,1,2014-11-19,2014-11-19
ef0f083f6d794958842651fedc1e2f00,Amanda Ramirez 31,United States,1,2016-07-17,2016-07-17
248135dde0b4d925e68182e331684d91,Ashley Green 10,United Kingdom,1,2016-06-09,2016-06-09
efc29762ad7934d1459883ae80ac8435,Charles Green 7,Netherlands,1,2014-01-10,2014-01-10
b3f62a3c4e7099a3b3ac8e5e4ca59d91,Daniel Ramirez 9,United Kingdom,2,2017-12-13,2017-12-13
306cffb923c4c49be58ded2acf5b3fc4,Diego Jones 23,United States,1,2016-04-03,2016-04-03
ff09adced5cfc96d21a9712e1eb34683,Edward Green 13,United States,1,2016-10-24,2016-10-24
f6f885071be1d41f43a94f9412c89b26,Ingrid Adams 6,Singapore,2,2010-06-22,2010-06-22
30398e75ca30100e63b72351dd1ae8b5,Joshua Rodriguez 9,Australia,1,2016-08-02,2016-08-02
89067e145b85a5ff5fe38649d8db141f,Kimberly Baker,United States,2,2017-01-08,2017-01-08
dc7711c2c524648d75044d6a97f954c6,Mary Chen 18,Hong Kong,1,2015-05-29,2015-05-29
732549220eaa901c246cc516f013cfa5,Michael Perez 30,India,1,2014-07-15,2014-07-15
a60a58a9647d6d84c1bab85bd3ac9299,Michelle Thompson 17,Estonia,1,2024-11-24,2024-11-24
05493f906abb6884212e936dc94ffdd8,Priya Young 18,Australia,1,2015-08-06,2015-08-06
2b23ac14cd2d81c510c42fdbf89c502b,Sandra Rossi 16,United Kingdom,2,2014-10-27,2014-10-27
eeda46b441878c3c76107a6998911856,Stephen Walker 3,Malaysia,2,2019-03-03,2020-02-24
d6c28591388dad65faca8428d2ad29ab,Steven Kowalski 13,United States,1,2018-01-20,2018-01-20
3d5769a8d3fbe9cdb0ce778bf7ae8228,Donna White,United Kingdom,1,2017-08-31,2017-08-31
4901ee15f1783efad2e1a45ef968ad0a,Ingrid Patel 9,Spain,1,2015-12-01,2015-12-01
0958c7343a0c02f666153fa5a7b971b9,Jason Rossi 9,Canada,1,2023-06-11,2023-06-11
cc5bc0cf139cc904d8bcb7ad400a78e6,Jennifer Harris 22,Australia,1,2014-11-19,2014-11-19
ed61d1f5568299904a76831a0c3f1b3a,Kimberly Hall 30,Canada,2,2016-03-18,2016-03-18
7ac18298e5ade8b99181179f973488cd,Lars Mitchell 7,United States,1,2015-01-27,2015-01-27
5ce1930cfd38cd406b90a76c52ef1715,Mark Mueller 6,Australia,1,2011-07-28,2011-07-28
1f811a0821676f65763aaffd3e844386,Mei Ivanov 11,United Kingdom,2,2017-04-27,2017-04-27
3ff7124b4f66cea23a84da6a1c9801fe,Melissa Campbell 19,Netherlands,1,2023-01-14,2023-01-14
3c7a6ebec97ebc6ed8cc8dd69cf97c15,Michael Jones 9,United States,1,2017-07-17,2017-07-17
38b7e9020fc1dcce3391584b23525769,Raj Jackson 3,United States,1,2015-09-08,2015-09-08
42d7d312fb5852e649893c3d07920be7,Sandra Green 29,Belgium,1,2019-08-04,2019-08-04
dacead6a8adcea64d891f800585d62a7,Sarah Hernandez 26,Portugal,1,2016-10-03,2016-10-03
8c3a053eb9e663a51e07266e1809c1fc,Carol Hall 8,United Kingdom,2,2022-12-08,2022-12-08
bfb1b0a7f331379b7de72429c1928b44,Daniel Smith 6,United Kingdom,2,2015-08-26,2015-08-26
5126b75d944968fbfdeac425884e8171,George Patel 6,United States,1,2022-08-26,2022-08-26
39e9cc32a38f398b80e27ee4417ccf0d,Karen Robinson 2,United Kingdom,1,2014-11-19,2014-11-19
99b04d56591208f33a10e8ca207b496d,Kimberly Martin 11,United States,1,2019-12-26,2019-12-26
d49fe63492684550f9ca70adf4e576bf,Kimberly Moore 16,Canada,1,2016-12-03,2016-12-03
1e3b1e95a132ffbdb2b1bba71f9eea4b,Laura Garcia 8,United States,1,2014-01-10,2014-01-10
810c51e55d513050157f56c39bbc4dd7,Linda Martinez 21,United Kingdom,1,2016-09-12,2016-09-12
1ee9a428c0c418d95e9977d3d6a79e1b,Matthew Hall 21,United Kingdom,2,2013-10-11,2013-10-11
cd6a33d68536bcd0b92ca1df80c0596f,Matthew Petrov 15,United States,1,2015-09-10,2015-09-10
121aef44dd7da826cb8c8a45d20f5197,Sandra Moore 6,United Kingdom,1,2011-04-05,2011-04-05
94bc15612925dd7bcbff75d7c2e699b2,Sofia Clark 23,Brazil,2,2015-06-15,2015-06-17
8c0f8bcc219da47779b82d3b6a754293,Sofia Rivera 24,Australia,1,2019-12-08,2019-12-08
aea37e58f95312ebdab861d448977b2f,Steven Clark 20,United Kingdom,1,2016-07-26,2016-07-26
278df8fd25aa73e3e55800cb9c9fdd06,Steven Perez 17,Germany,1,2019-09-25,2019-09-25
0277dae257e609495b4d1fcdb391abf3,Thomas Jones 24,Australia,1,2015-11-13,2015-11-13
42e93f619cea26c8903afe04ea69cc4f,Thomas Young 20,United Arab Emirates,1,2015-07-17,2015-07-17
ba75446954893b1c03b2190870c048dc,Andrew Martinez 21,Australia,2,2015-11-17,2015-11-17
85caa1907b78bf5da905bc31768b551a,Elena Baker 19,United States,1,2019-05-31,2019-05-31
acf63060d6d2aefbacfebf84045be24e,Elena Green 14,Hong Kong,1,2022-12-29,2022-12-29
f8e7d1a0f485382026cf6a6f31a07401,Fatima Baker 7,Spain,1,2014-01-10,2014-01-10
6556b7ce935d66143eabbc38325e2037,Kevin Andersson 18,South Africa,1,2010-10-22,2010-10-22
ee2ee2cc459927af760f895d30afc2a2,Linda Adams 24,Australia,1,2019-03-03,2019-03-03
ead083d641a11209978047985e637b6f,Linda Costa 24,United Kingdom,1,2010-09-21,2010-09-21
132aa436974ab1c69b5c1c2d2dd7c10f,Mary Petrov 17,Germany,1,2014-01-06,2014-01-06
2dde5bcc33fe03cf8ae03177e1d77b95,Omar Moore 19,United States,1,2017-07-30,2017-07-30
9afed7861126d00961add8b7899998c7,Ronald Perez 27,United States,1,2020-04-20,2020-04-20
3018c6a62785ef73a4aca72aa753922f,Ronald Thomas 13,United Kingdom,1,2014-01-13,2014-01-13
48c8048d78e573ae23ef1b068566e555,Wei Hernandez 30,Australia,1,2015-03-22,2015-03-22
15718a608105e9b11103fa83ca9ba920,Andrew Wilson 13,United Kingdom,1,2019-04-20,2019-04-20
a43708e30f0eddaf0fdedb864026d1cf,Anna Costa 7,Singapore,2,2011-10-22,2011-10-22
48a12ff40db5c9fa910a784752144415,Carlos Allen,Greece,1,2014-07-19,2014-07-19
593cba537a8c746d107d4b8252920d30,Carol Schmidt 30,United Kingdom,2,2014-11-19,2014-11-19
0fc2193f8ed54c6d01ceac8294d10630,Cynthia Garcia 8,Poland,1,2016-07-27,2016-07-27
d8bb304ab4f4b66d83ac1844b0f3f0a4,David Kowalski 18,United Arab Emirates,1,2017-10-23,2017-10-23
baa577ff0c9579802f5ed81179b44dde,Diego Mitchell 26,Canada,1,2015-11-21,2015-11-21
ca32837e053c30b58f2828e5a00fff5a,Donna Okafor 11,Malaysia,1,2025-07-29,2025-07-29
9b407157494d96f99b964e8be7d1b421,Helen Andersson 2,Switzerland,1,2017-07-02,2017-07-02
f551c5b7bd3f741c1c5f2ce6e5e776ac,Michelle Hernandez 24,United States,1,2018-08-12,2018-08-12
a9983cc2292140f61bb2de16291f18a8,Robert Sanchez 5,United Kingdom,1,2013-10-24,2013-10-24
48206dee68cb4b2e854109d828ee867a,Sarah Green 5,France,1,2017-10-29,2017-10-29
254f53ef3d1776c5d4a96bc70fcf8284,Susan Mueller 9,United Kingdom,2,2015-02-04,2015-02-04
352f54c541094b751fd1eddacf49a393,Carlos Nguyen 12,United Kingdom,1,2018-03-14,2018-03-14
49d5a89ce4452b9dd6ddc05fead516b0,Joshua Harris 7,United States,1,2015-01-28,2015-01-28
1fc5fda46c5fa5854896cd2d97a2b34a,Lars Rodriguez 24,United States,1,2015-09-17,2015-09-17
b4291ad4895d76836bfadd3492281160,Yuki Nelson 29,United Kingdom,1,2015-05-30,2015-05-30
df71225b539221991fb3e091fcf454f6,Carlos Scott 9,United States,1,2021-03-01,2021-03-01
87062c6a273b762ba3f441e8cfa49a5d,James Clark 20,Australia,1,2013-04-20,2013-04-20
3f3e6aad6fdf5b56a979fca307a2c583,Jason Harris 31,United Kingdom,1,2014-07-23,2014-07-23
3cfb41c310b72fd4dd9a4f540bf8f357,Kenneth Hill 18,Canada,1,2016-09-11,2016-09-11
606bb48dfb6d1ae45208ef22abc9e277,Melissa Sanchez 9,United States,1,2016-04-26,2016-04-26
63eac58a12253b4a38cbf41b5233932f,Michael Martinez 19,France,1,2017-04-07,2017-04-07
510a956f679c4317631939c710a4a628,Michelle Lopez 3,Bahrain,1,2025-03-29,2025-03-29
3a4d222e85c352146dd6121d356845fd,Nancy Thomas 25,Australia,1,2015-10-21,2015-10-21
8626c5d893a61dbc8b2b6c3f1c5ea67e,Priya Rivera 28,United Kingdom,1,2010-01-11,2010-01-11
6ab0d425dca7a7200a8fca83396f12e4,Rebecca Miller 6,Germany,1,2015-07-21,2015-07-21
6f1834b4f11cf86c7754979c1a31469d,Aisha Nelson 5,United States,1,2015-09-10,2015-09-10
1bab1298975befe7dc54ba87bf6a1896,Amanda Campbell 18,Australia,1,2017-04-25,2017-04-25
2e165520e468f4d58ac3e8ed940b1a3c,Ashley Andersson 20,Australia,1,2014-07-25,2014-07-25
93435693080eaf3968f26c142ef209bb,Brian Hernandez 17,Australia,1,2014-11-19,2014-11-19
8abe403123c54f0f2510768b70827e05,Elena Lewis 27,Australia,1,2019-11-01,2019-11-01
530ab17735d1b7bbdca3de26dfe18f1d,Eric Torres 11,New Zealand,1,2015-09-29,2015-09-29
65ebe4502dae853ddab25a5cbfe58ab7,Joshua White 30,United Kingdom,1,2016-02-12,2016-02-12
51a7f2d1579357362c67bfadafbf6111,Kimberly Okafor 14,United Kingdom,1,2009-01-05,2009-01-05
1ab90dd5c598f331d023fea21e9e92e1,Lisa Singh 24,United States,1,2011-08-10,2011-08-10
5f700610365b12e91d5898dec650f9f4,Mark Lee 28,Qatar,1,2019-03-14,2019-03-14
35cb9874890b3d44ad3675a5e0555145,Melissa Miller 19,Australia,1,2017-01-31,2017-01-31
319d28fbae8a3dc767c8fe5eb7bf543c,Michelle Scott 13,Canada,1,2014-03-11,2014-03-11
c054515cad3eb5b59b869e1005f15bd7,Nancy Andersson 6,Canada,1,2013-04-20,2013-04-20
77c5ddeca5ddd4030cccd57358737410,Patricia Sanchez 31,United States,1,2015-08-06,2015-08-06
3fe10f43cb987abe762e9b4951585458,Susan Schmidt 9,Norway,1,2016-11-12,2016-11-12
92a3d133da887f3b95c3fe4252cf0a63,Anna Robinson 6,United Kingdom,1,2011-04-09,2011-04-09
b8609a907dda54594d3f48c9dad147e6,Anna Tanaka 29,United States,1,2015-07-27,2015-07-27
99054657a38f4acd304c2f3025798d72,Brian Costa 6,United States,1,2016-04-03,2016-04-03
5b613278f45401e5a7c600bbe7f89b94,Carlos King 27,Belgium,1,2023-02-12,2023-02-12
a685cf9bf4fc750021e85e9b264891d8,Emily Andersson 10,United Kingdom,1,2016-02-07,2016-02-07
bc6f604a162307de0c7b8cf4fd6a81ac,Jason Ivanov 11,Australia,1,2016-03-06,2016-03-06
54e1bb23af849127028e3ee92da22f25,John Gonzalez 16,United Kingdom,1,2020-06-28,2020-06-28
6bd388505fe9082470d0961ae6245298,John Roberts 24,Philippines,1,2010-05-26,2010-05-26
55434dc70fa8bb6ccc20d4356292b019,Kathleen Rodriguez 28,Latvia,1,2023-01-04,2023-01-04
b9d81f406ce83ebb02825319e69e3fac,Rebecca Nguyen 2,Australia,1,2016-01-30,2016-01-30
941a47d0d4cc97223064fe4f1fc12c47,Ronald Rodriguez 13,Cyprus,1,2017-11-19,2017-11-19
828a19e788c81d4e02b8bb07127899fd,Steven Mueller 16,Canada,1,2019-03-11,2019-03-11
d82b3dfd116c76bead08697f6675df72,Elena Smith 23,United Kingdom,1,2012-12-24,2012-12-24
b3305c2052a934260369c7392045e323,Ingrid Nguyen 5,United Kingdom,1,2018-10-12,2018-10-12
01c12c7a6b5bf76d4b4a779b1a6a8bb9,Laura Flores 10,Ireland,1,2015-09-22,2015-09-22
c1638851b8d6d7be832be5c1a03be038,Matthew Brown 15,United Kingdom,1,2009-08-31,2009-08-31
06c6dd99f5d7b5bb714f073a425e498e,Michelle Patel 30,France,1,2016-01-10,2016-01-10
a4d9a476aa952175f317dfeb88e6e1bd,Sharon Costa 26,Australia,1,2015-01-28,2015-01-28
be505e3a3c5413b78a1e7c28524b02df,Steven Scott 19,Hong Kong,1,2012-09-17,2012-09-17
6075d1797b49a1b97d08bb3d81220e9e,Thomas Ivanov 16,Malaysia,1,2019-07-22,2019-07-22
60fed6c8f6d3f20f67dc9eeed87a3142,Yuki Scott,United States,1,2014-03-03,2014-03-03
e401c0780491518e6131c9bbfc2d858d,David Carter 29,Canada,1,2015-10-08,2015-10-08
e86789e1c917024092eb5fe469883044,Lars Rossi 7,United Kingdom,1,2015-03-22,2015-03-22
b997af368d4b28eb7d7335521f140149,Mark Torres 6,United Kingdom,1,2008-01-01,2008-01-01
ab03ae5316661f59165a41f703b9fc25,Melissa Baker 29,United States,1,2014-08-02,2014-08-02
f7511cd6e99d7f2e66526813d386de36,Michelle Nelson 9,United Kingdom,1,2017-03-04,2017-03-04
d9338c9e7b1abc61d4c70f4545811e3c,Nancy Schmidt 5,Canada,1,2017-04-30,2017-04-30
e84c352d13156994089229aba87afcbb,Priya Davis 13,Germany,1,2019-11-21,2019-11-21
3f7db0544a4a30ef968ed82dd97be9ae,Priya Haddad 11,United Kingdom,1,2009-01-09,2009-01-09
aa06d90075162b6647e651dc9efa69a3,Susan Allen 4,Australia,1,2015-06-17,2015-06-17
dfe9e9e6245505a3d191a4c817f29fc4,Christopher Wright 12,Australia,1,2011-05-10,2011-05-10
c29a9a5a915ad5c8ef36aafa7b71eae9,Edward Johnson 21,United Kingdom,1,2024-05-18,2024-05-18
2343cb6a875fc0c2f5d0e6e37c932c09,Henrik Green 8,Netherlands,2,2015-12-03,2015-12-20
3976f4eef9837711982999d83ed150a4,Ingrid Mueller 30,Germany,5,2015-10-08,2015-11-02
c0fe0a7be44a0e3c508d0c338474bebe,Kathleen Clark 8,United Kingdom,3,2009-08-12,2009-11-10
825adff004a21a86b9b81e06b62d1da6,Kenneth Thompson 8,Russian Federation,1,2018-02-25,2018-02-25
6c9be290d459efc19051f60d5b436fce,Lars Torres 7,United States,1,2015-09-30,2015-09-30
1c8506c4d9c72919850412f2577f1994,Mark Sanchez 8,China,2,2019-03-02,2019-03-02
4e570bc128b160e5eb261ea29147601a,Michelle Gonzalez 7,Russian Federation,4,2017-04-18,2017-04-18
8b3ef581cdb16d389fe7f0153ca6f1b1,Nancy Green 16,Australia,1,2017-11-17,2017-11-17
9c24dc0b50e34ec1a0989af5acd26a52,Robert Moore 5,United States,1,2015-06-14,2015-06-14
9e8dfe82dfa30c72024b5f29a953ff98,Ronald Jackson 27,United States,1,2017-07-13,2017-07-13
938dc4ecbb99533207d3f8e29396d6ab,Sandra Thomas 25,Thailand,1,2014-01-06,2014-01-06
5eacee1e701dfef82d1da4e10e9d1120,Thomas Ramirez 22,United Kingdom,2,2019-04-23,2019-04-23
fcbd29defd797d07aacee6d678820be2,Anna Hernandez 15,Nigeria,1,2023-05-21,2023-05-21
34ac3c967e41045d7fc6b8b1b7a97b78,Charles Brown 8,Australia,1,2009-11-10,2009-11-10
39f87e135e87ac376f49ab0dd0402716,Mary Mitchell 28,Ireland,3,2015-09-02,2016-05-01
11e23d932c7c8d6f8c49baf37bb2e8f1,Paul Schmidt 20,Germany,1,2014-03-11,2014-03-11
9dc9440c5bdaa3869eda0d2fc9d028ce,Priya Ivanov 26,Germany,1,2023-11-07,2023-11-07
a206d4786eefa27d50a2f177e859cae6,Robert Martinez 31,Australia,1,2022-09-13,2022-09-13
180299d1df8490e52de3b5dbc6d514a1,Sandra Brown 9,Spain,1,2008-09-19,2008-09-19
f43a72831bf160445f0e241773e0abe8,Sandra Martinez 15,Australia,1,2009-12-07,2009-12-07
74aaa3aa10d27c4e51b43681ca4c0453,Susan Walker 16,United Kingdom,1,2010-06-30,2010-06-30
b62cfb56028ad9ea0dd445167309100e,Carlos Chen 11,United States,1,2015-10-05,2015-10-05
4146f6bbaedf7193fb82293758fc8571,Emily Jackson 7,Finland,1,2018-04-04,2018-04-04
ccf26e835a4f2256f5ed7d6841d6b240,Fatima Campbell 24,India,1,2020-01-26,2020-01-26
e29103329a9487deb3ebf7b2e1b2d469,Joshua Johnson 7,Philippines,1,2017-09-18,2017-09-18
4c24783392408a2112ba456a1ea5de3d,Kathleen Petrov 21,Canada,2,2016-05-25,2016-06-01
a6a5650dceb6fd5ac3685fdf902102a3,Kevin Walker 30,United States,1,2011-05-22,2011-05-22
a65a21ae0162e6f7c10569b0d2f28ea7,Linda Moore 23,South Africa,1,2019-05-06,2019-05-06
0d4671ccc531456a79fc5e75acaebc92,Michael Petrov 3,United Kingdom,1,2015-01-28,2015-01-28
384ef98abca08852367f2fb9422af471,Patricia Mueller,Indonesia,1,2016-05-02,2016-05-02
09fbd06c3a3c0a212e9a2762e6924ef9,Priya Rossi 30,United Kingdom,2,2019-05-31,2019-05-31
b81333d10e9f515adbd73e48107e801c,Yuki Williams 5,Hong Kong,2,2019-04-23,2023-02-20
5f1de0bf5a79257c2d658fb1ad5c8b21,Andrew Ivanov 24,United States,1,2013-04-20,2013-04-20
88276775bce86ab5d20e514dba66d8bd,David Petrov 4,United Kingdom,1,2015-07-31,2015-07-31
967e7357553e0bbdbf8feac5e58fd716,Donna Jones,Bahrain,1,2016-05-21,2016-05-21
43996f0a29dfb6025be1fa2c2dab17b3,Edward Clark 7,Romania,1,2016-04-19,2016-04-19
fce5ea4400f73069ce25f21676826711,Emily Mueller 22,United Kingdom,1,2012-09-09,2012-09-09
9bb67a63e363ec7a1af1fc69d0dd9661,Jennifer Lewis 14,Germany,3,2017-08-27,2018-05-11
8073aa19e85b3b709001b60152e57e1c,Laura Perez 24,Thailand,1,2016-04-18,2016-04-18
5d5d02dd92b4f516f2de3215803fae30,Melissa Carter 7,Indonesia,2,2017-09-16,2017-09-19
dc51f310b75f149f9441d0e7a239757c,Michelle Smith 14,France,1,2016-01-20,2016-01-20
8b01323f80a46b169a17a23e274e817d,Nancy Williams 15,Australia,1,2015-10-29,2015-10-29
ebec36785ec79492b77871c1b98123e9,Ronald Gonzalez 11,Sweden,1,2018-07-26,2018-07-26
ce78b56dda217c16c903fd7306b289b1,Sandra Harris 6,United Kingdom,1,2019-09-07,2019-09-07
d27b04c59e340fff70b5ebc88ef31eab,Sharon Rivera 9,Canada,1,2014-01-03,2014-01-03
2284a99321c9636702ab390b61754c36,Stephen Campbell 19,United Kingdom,1,2014-07-18,2014-07-18
da84372d71965e10ae35f7720023ea1c,Thomas Young 8,Australia,1,2014-11-19,2014-11-19
010c9149527c532ee67bcd914ca57e69,Anthony Perez 18,United States,1,2015-08-09,2015-08-09
acbd6fb3bf216e5e2b25f163da849c19,Carol Smith 6,United States,1,2013-02-24,2013-02-24
7a0da0bd5af352f7f3177390ba0d22f0,Christopher Taylor 27,United Kingdom,1,2018-05-08,2018-05-08
eba7751e714e05ed83115b0c3d6da8fa,Cynthia Wright 18,United Kingdom,1,2019-07-23,2019-07-23
46c89dfd1c180783c6206154589183fc,Matthew King 29,Greece,1,2018-04-11,2018-04-11
a5a060032baadd2c70e4772e19158b79,Melissa Okafor 20,United Kingdom,1,2011-05-15,2011-05-15
e739b18de053afcb84e4516e52443af8,Rebecca Rossi,Norway,1,2015-08-06,2015-08-06
45ab6ecc19757d21e7135999b674a162,Sarah Williams 31,China,2,2015-08-16,2015-08-16
ff864be754f610d19eafedfcf1733044,Thomas Young 24,Australia,1,2016-09-12,2016-09-12
c1b2f7ea90d48f614cf9455c45466ae0,Amanda Mitchell 5,Cyprus,1,2017-10-24,2017-10-24
a08ad675eba4a585242f1c6397530451,Amanda Singh 6,United States,1,2014-07-25,2014-07-25
5d1d002435f19c93d64a40e4538e4390,Carol Flores 6,United Kingdom,1,2014-01-13,2014-01-13
dcc0269c5f4f2199303205e3fb8dacf3,Donna Garcia 7,United Arab Emirates,1,2018-04-19,2018-04-19
07ff95fc26c4b6c79d7b5d8a9dab5245,George Brown 5,United States,1,2014-07-25,2014-07-25
25a9e0af7cace24edcbb9aab95cd7ae5,James Lee 2,United Kingdom,2,2011-05-23,2011-05-23
ae97ccd2ca4798d287ffdf93eaa16d03,Jennifer Rivera 24,United Kingdom,1,2012-09-09,2012-09-09
755a9fd68db20557e6b5bdd157db87c0,Karen Schmidt 3,New Zealand,2,2018-04-25,2018-04-25
dfa238f9f188ca2569431330b9b66f14,Kathleen Nelson 24,United Kingdom,1,2011-10-22,2011-10-22
22661c993dde3b0410ce8bde65672526,Mark Ivanov 29,United States,1,2022-07-04,2022-07-04
a7b269a892912ff9369a176a516f7788,Matthew Patel 24,United Kingdom,1,2016-01-10,2016-01-10
01327e236306cc4cc1d1c5100b20982d,Melissa Moore 26,Germany,3,2014-11-19,2014-11-19
df9c4445be239e280334b480153f91c8,Paul Andersson 21,United Kingdom,1,2015-12-07,2015-12-07
6bb8ece819a0fdb59100c444b4270c2c,Steven Patel 4,United States,1,2008-12-10,2008-12-10
6dacdd769d2a60a5e54e7579b100f406,Carlos Thompson 11,United Kingdom,1,2011-10-26,2011-10-26
e5ebda4ca2128113f4dd7b9384afbe1b,Christopher Scott 21,United States,1,2023-06-02,2023-06-02
44e20e02887cf759e1563825d4801a03,Daniel White 20,Australia,1,2014-08-12,2014-08-12
66e1ca6841ef490b35578cfb7e7b0aca,Hassan Hernandez 31,United Kingdom,1,2014-01-12,2014-01-12
a40bb205ae033bf61f37595d87866aad,James Andersson 8,New Zealand,1,2015-06-29,2015-06-29
ab5e702656685914a575c108af780dba,Raj Gonzalez 30,United States,1,2019-10-04,2019-10-04
59400398d598eed246f8ebd58eafcced,Stephen Martinez 31,Malaysia,1,2018-12-22,2018-12-22
3dc213c4d20cc975ba9cce3ce95cd9aa,Charles Hill 31,United Kingdom,1,2017-10-03,2017-10-03
df1238e15f3ee8240d0368cd4697e3a3,Hassan Hill 4,Switzerland,1,2013-04-20,2013-04-20
556befd7863da1b18bb083ba9d7c9155,Jennifer Martinez 6,Australia,1,2015-12-13,2015-12-13
15ec02d26a51d75968af91284b5c99dc,Joshua Jackson 9,Australia,1,2017-08-02,2017-08-02
f91703cba2be48d6403e170750a3e80f,Mary Kowalski 20,Australia,2,2010-12-15,2010-12-15
86efc5eac72d2bc9db72bf7adfdf1677,Mary Torres 26,United States,2,2019-05-19,2021-07-28
3d3a6d27cb249fee6a78ec6e98e39990,Patricia Smith 10,Germany,1,2018-09-28,2018-09-28
0834b5b6b8cd3054ffba5d9b2c7577a5,Sandra Garcia 25,Netherlands,1,2010-01-17,2010-01-17
2ea18db28f974bdfd65186ccfa18cfc3,Amanda Campbell 11,Canada,1,2014-11-19,2014-11-19
d59841117e2d87779e1fef698656f7a7,Donna Nguyen 13,Germany,1,2023-05-13,2023-05-13
d778b272382d75a89fe97e09a27caa97,Donna Patel 13,Singapore,2,2016-12-19,2016-12-19
00d90f1322172363839b614c47c4e15f,Donna Rossi 14,Australia,1,2014-08-02,2014-08-02
1e023797a0c77a1db707d5a3f2effd47,Eric Hill 20,United Kingdom,1,2015-09-27,2015-09-27
68ca72416293279e27bff481870ef62a,Fatima Flores 28,Singapore,2,2017-07-23,2017-07-23
64eda7af69488a06cc70f3bab44c2f25,Hassan Haddad 21,Germany,1,2015-01-28,2015-01-28
966f800f14d98ecb59fdf4876e86177a,Helen Johnson 12,United Kingdom,1,2015-02-21,2015-02-21
0d7b95e625c359cc88d261f13af4ca85,James Rivera 28,United Kingdom,1,2015-12-23,2015-12-23
7175b41f1bec5b813f69d02829fb49cb,Lars Harris 10,United Kingdom,1,2013-10-11,2013-10-11
3bbc69f0d46b106d0efda53d1ed8eb28,Laura Anderson 29,Canada,1,2016-04-18,2016-04-18
dd2a4c476a6ee335ead6196e1f0045d6,Laura Anderson 4,United Kingdom,1,2017-08-07,2017-08-07
f1ddf4d84cfb4ffb424d6bb52a2638a9,Laura Nelson 20,Hong Kong,1,2011-09-05,2011-09-05
76e152dcdcac7dbd8ae9e6c960995aa0,Linda Johnson 17,Australia,1,2011-05-28,2011-05-28
5ac8d9a32002750236aced5c71951876,Priya Haddad 29,United States,1,2013-10-12,2013-10-12
996c919518f9755f20d1428614355374,Raj Perez 31,United States,1,2014-08-05,2014-08-05
87dda8177de4d744336f6d1dd9de10ec,Ronald Williams 4,Japan,2,2008-08-26,2008-09-22
47f162ff91eedfbd1fc9ae590e585985,Sharon Petrov 20,Australia,1,2025-07-24,2025-07-24
ce28b79a513471a6302805eacb2c7b49,Stephen Patel 21,Germany,2,2009-03-01,2009-03-01
f5cc02c022769444a256b14a3c518bca,Brian Miller 17,United States,1,2016-07-08,2016-07-08
bc9af13d95a652d2a765a1315399b09d,Christopher Kowalski 9,United States,1,2020-08-25,2020-08-25
8979f544d9e79314fc06518821663c6e,Hassan Brown 27,Latvia,1,2019-10-07,2019-10-07
c03247dd2b41d447ca91f1687ef7889d,Hassan Miller 19,Australia,2,2010-01-11,2010-01-11
361e3776875eab349363824d59091303,Jason Kim,Indonesia,1,2011-06-09,2011-06-09
fe3b635b19b1fecf525e9d26e5f65ba4,John Martin 5,United States,1,2018-09-26,2018-09-26
468d80204f61716cb1bbec9809dcd735,Lars Lee 6,Australia,1,2015-09-03,2015-09-03
c7c6183e032a7d21349e65b99d26703b,Melissa Haddad 25,Canada,1,2015-06-18,2015-06-18
46bd1d10c720e819dd0d9269df2ea88a,Michelle Nelson 16,Australia,1,2016-10-06,2016-10-06
cab6f8b41895a2f54c97bd7e663346b8,Patricia Costa 25,Germany,1,2013-01-01,2013-01-01
d32ea205b4bc97378289df8d70d8df13,Thomas Brown 12,United Kingdom,2,2013-01-19,2013-01-19
252a97611b01ccdb042f5f29f3e04eb3,Thomas Davis 9,Netherlands,1,2023-09-24,2023-09-24
da8580376dac26066d69492d7743d4f8,Wei Rossi 15,Croatia,1,2010-08-09,2010-08-09
d9a30ae31ccc5e9896d9af88770284da,Daniel Kowalski 22,Australia,1,2015-07-05,2015-07-05
519ad4d410ab8545174b2d8c59428bdf,David Carter 3,Switzerland,1,2017-01-29,2017-01-29
fe96e0f7d9652a0b819d3766f9a094cb,Jennifer Carter 7,Greece,1,2019-01-07,2019-01-07
51e4ba724a074eea478e72387534bd54,Karen Wilson 15,United Kingdom,1,2008-11-09,2008-11-09
df505fa480c395e59c0f0e58a091195e,Kevin Lewis 20,3x3x3,1,2015-11-23,2015-11-23
35a53b73b51dca189c1259715ab78051,Laura Lee 11,United Kingdom,1,2019-05-16,2019-05-16
4815bd50417bd206b3a9dc9853a13f77,Mark Baker 8,United States,1,2014-08-02,2014-08-02
c3cf71c4f7c6d330579addc293163563,Mei Anderson 6,United States,1,2019-01-31,2019-01-31
a65b6055eaa73fa5cb34ca16866aa38c,Michael Mitchell 14,United Kingdom,2,2014-01-17,2014-01-17
6d84b83b3a511f6005f81c118e0e26fd,Priya Ramirez 14,United Kingdom,2,2016-03-23,2016-03-23
36e4f114ebddb1c5424f7b7e6d04acd2,Ronald King 2,Canada,1,2022-04-01,2022-04-01
c5d9749a6f201f1b4ea76f66a484b7f4,Ronald White 19,United States,1,2014-01-03,2014-01-03
7a3660f0664a62ee4a4422147d6942df,Carlos Nelson 4,United States,1,2014-08-12,2014-08-12
a9f7356492ac4f49b6eb9c2e9b9963d8,Cynthia Flores 31,United States,1,2021-02-09,2021-02-09
5e9cbaa83de8452cc09b3e9882a02a57,James Clark 11,Taiwan,1,2019-04-03,2019-04-03
bb2900407d76d55a3d248e757fd8d5f3,Karen Tanaka 26,Canada,1,2011-04-06,2011-04-06
79ab07e975e07b718194033e620cfc36,Lars Rodriguez 16,United Kingdom,1,2013-10-12,2013-10-12
936bfb17c374ca67562331b5859267bf,Nancy Clark 19,Germany,1,2020-01-18,2020-01-18
597ca0a7df77e3d529c41bf54101cb6b,Patricia Gonzalez 19,United States,1,2016-01-03,2016-01-03
72c02b541ece35ba12702eff57f78876,Patricia Jones 3,United States,1,2013-10-24,2013-10-24
6949ee79da8b7a2ab023ecacc328f2bb,Priya Petrov 31,Ukraine,1,2017-12-18,2017-12-18
f35ac86330b35aa3011e1a5a247f6029,Sandra Johnson,United Kingdom,1,2018-01-09,2018-01-09
6e307ef5326bf6c183c08f9a61f4e0ff,Sandra Lee 14,Singapore,1,2014-11-19,2014-11-19
03c74eb94f70d910d9600ba4d43ea5f5,Sofia Costa 14,United States,1,2016-06-09,2016-06-09
fbead792c11a0a43a6c5e2629b7ab012,Steven Wright 26,United States,1,2011-09-05,2011-09-05
5689169278382634e3a0d485e0d6c576,Anthony Young 10,United Kingdom,1,2015-08-30,2015-08-30
ea49e3bd66e789c8547cb89de629aa22,Diego Andersson 11,United Kingdom,1,2014-01-12,2014-01-12
e50d213a2ddfe286bf17e564baf4ae70,Elena Lewis 14,United States,1,2009-03-03,2009-03-03
53266669167c384e4e47557602b22eac,George Taylor 28,Italy,1,2011-04-06,2011-04-06
c76b62ceae986c10964810204ea1a998,Jason Lopez 12,United Kingdom,1,2015-05-30,2015-05-30
0bbc5f5927a590ccd6dcd6d301034286,John Nelson 4,Norway,1,2018-08-13,2018-08-13
7b22dea84a675022d7c44282d9ed6d89,Karen Ramirez 7,United States,1,2013-01-01,2013-01-01
e8806b72893c0f8b723c44a66b055f51,Melissa Johnson 13,United States,1,2016-03-06,2016-03-06
2bd95de8d1c384772925f2d6bd39301a,Priya Baker 6,Brazil,1,2022-12-07,2022-12-07
7994e2318101c7326ab5ee6fa18e57b6,Priya Jones 7,United Kingdom,1,2015-11-30,2015-11-30
41b01b71ce2b6dcc74991c70ca5eb499,Susan Rodriguez 15,Ireland,1,2015-06-28,2015-06-28
8e16f1b4f255d8068b846cf1c5a4af25,Charles Campbell 17,United Arab Emirates,1,2020-02-07,2020-02-07
c63f8e0da4defeb8275491acdcce504d,Cynthia King 25,United States,1,2014-11-19,2014-11-19
b74848c6fe634a0a4d5bfca72fec0af8,Diego Garcia 23,United Kingdom,1,2015-09-17,2015-09-17
a795abc659fa7be4ae05ca512cb54844,Helen Brown 20,Luxembourg,1,2008-12-30,2008-12-30
23d1eb47b82356ab85ea372409d89162,Karen Ramirez 24,United Kingdom,1,2025-11-04,2025-11-04
a9336e14115ae2e0ecf74f6754657d77,Lisa Roberts 17,United States,1,2018-03-06,2018-03-06
24795fd9ece9c6f16c7886b769ad1650,Rebecca Kowalski 13,Serbia,1,2024-02-19,2024-02-19
6ad32d8fa115c4ce482f6fe3f511e39f,Sharon Rossi 16,United States,1,2014-07-24,2014-07-24
234eec7c998db3633fc98273f25e5378,Susan Costa 6,Belgium,1,2020-11-06,2020-11-06
be6f04a0c6b99efbd3644dc0ddf5ba92,Carol Nguyen 21,United States,1,2011-10-22,2011-10-22
7408a2fa31c10c811c1730553b60f6f3,Edward Robinson 29,Switzerland,1,2015-08-28,2015-08-28
f263dab78afad06e14d2bea93849a526,Hassan Johnson 22,United Kingdom,1,2022-02-03,2022-02-03
95fab7899d523c054931e50b6428a520,Helen Robinson,United Kingdom,1,2014-08-12,2014-08-12
63a5fd7f2c1599df5303ddcc27d9a8e9,Henrik Mitchell 19,United States,1,2013-01-10,2013-01-10
b351bdf1834add0514c2cbd816fe58e6,John Sanchez 14,Philippines,1,2018-02-09,2018-02-09
0f3a718e77ea626746a5585625566006,Joshua Allen 27,United Kingdom,1,2011-06-09,2011-06-09
fd46a8d42c2c251a146a794b5e02453d,Mark Nguyen 19,Australia,1,2015-09-18,2015-09-18
2c0f3785108514c10db4c9eb5a2cdd15,Ronald Patel 2,Canada,1,2019-03-28,2019-03-28
436acfb7c5be2fc3cbfb0db465c9d4a2,Sharon Wilson 30,Australia,1,2009-03-03,2009-03-03
ab02498c3a1ee0465eda93eb9ebc24f5,Sofia Ivanov 9,United Kingdom,2,2017-09-09,2017-09-09
8be972de36104c422b1b3c2141cf867e,Steven Okafor 18,Australia,1,2013-02-15,2013-02-15
75ee6b502621481e887ba111ef24bad5,Henrik Young 2,Germany,1,2014-03-10,2014-03-10
9a731b73db3271f4e54c71e3bff95b25,John Jones 6,United States,1,2016-10-18,2016-10-18
7810572b2df975cccd040b4b93239de1,Lisa Patel 21,United States,1,2014-01-03,2014-01-03
5fd17893855737f15c2a2ef2c65ff69e,Mark Walker 5,United Kingdom,1,2013-01-01,2013-01-01
9d084e0e68421df4e2335495a1a5a1e3,Mary Jones 14,United Kingdom,1,2018-09-20,2018-09-20
fdadb584d56e0893b6ca72fe82cf8678,Raj Lee 25,Italy,1,2009-01-19,2009-01-19
b0e85374f747a0454c312cc480f490df,Ronald Garcia 10,United Kingdom,1,2015-11-13,2015-11-13
1326e1d9a2219d2c1370975837488378,Sarah Miller 14,Australia,1,2010-11-21,2010-11-21
a587cf5e1a5a08bdaac6c29a25f746db,Amanda Johnson 9,Germany,3,2015-12-20,2016-01-18
89b2b31d64fa8a129843ab39220c8f13,Ashley Flores 14,Singapore,2,2022-12-05,2022-12-05
5a1597130989f8e13b5b237ba9af6546,Charles Brown 12,Australia,1,2016-01-07,2016-01-07
506f83afaa98f48816074b5209c417a5,Christopher Mueller 9,United Kingdom,1,2019-09-07,2019-09-07
48ca40f2ab7107d13f8877f70ea5b132,Daniel King 17,Australia,1,2014-01-06,2014-01-06
819708b0da4e2a00e5393396d93e2025,David Sanchez 19,Germany,1,2025-11-01,2025-11-01
6e650b8fb6cd0836829c525f91f6813f,Emily Carter,United Kingdom,2,2013-01-18,2013-01-18
13c19c3498a5f4e092710c3b4e7b31a3,Jennifer Davis 11,United Kingdom,1,2008-12-10,2008-12-10
5827b669dea18e5a9dbefc9ecee2c232,Laura Hernandez 26,United States,1,2016-12-07,2016-12-07
7d8580ea689c3a9e15c284ede3e755a1,Lisa Torres 7,Canada,1,2014-11-19,2014-11-19
ad82920739fd67c7786bb81918c393e0,Omar Hill 13,United Kingdom,2,2014-10-27,2014-10-27
055eda5d7e5ecd0ee3d61fbfa1f780ac,Raj Young 24,United States,1,2017-03-26,2017-03-26
8a9ac3d050a905004211f7bfefdb74a6,Ronald Mitchell 8,Philippines,13,2018-08-12,2020-02-14
ac4ca87e944b548a559538d53a3a692b,Stephen Sanchez 6,Germany,2,2017-04-23,2018-05-28
3d13f1b0016a01efb088530c76169fa0,Anthony Martinez 20,Czech Republic,1,2018-05-17,2018-05-17
a713727310e3cddc0e5da94e1d3d2c02,Anthony Perez 16,Guatemala,4,2017-08-07,2018-02-13
ba6c73ad060848612a7b2fd7279cf971,Edward Costa 26,Canada,1,2022-03-16,2022-03-16
ab6fd1abd054090f718e8469b68c04b2,Fatima Rivera 24,Canada,1,2014-07-24,2014-07-24
072d1ac4aed4fd872c81334a727883ca,Henrik Robinson 28,United States,1,2016-03-30,2016-03-30
c88aed7f5c75f7c1cce5a84c95c09772,Lars Adams 12,United States,1,2015-06-11,2015-06-11
3cf6cd6a3e2f988523cb3e177fd6ebb4,Linda Lee 11,Australia,2,2019-04-30,2019-04-30
58810b2e9997916e5fbf9dc3997df5cf,Lisa Nguyen 5,New Zealand,2,2011-07-28,2011-07-28
dc5eefa75feaa6b1f7f2c5b049716696,Mark Moore 28,United Kingdom,1,2017-03-16,2017-03-16
e201eebf4f68f135ed382e78c34dc022,Mary Robinson 2,Malaysia,1,2019-11-12,2019-11-12
5feaf09115c4fdedeaf234ed5950cb81,Melissa Chen 25,Brazil,1,2015-06-30,2015-06-30
04ddc859e081d40801e0acd0a5b1a681,Paul Miller 9,United Kingdom,1,2024-03-23,2024-03-23
1ab8e05788e2e9278f989520c0246b82,Priya Ramirez 3,Germany,2,2015-10-24,2015-10-24
3137627e7b75fd6a73c4669ebfc43e65,Ronald Jones 18,United Kingdom,1,2022-01-06,2022-01-06
4894c4cd767f6b25a7a6ae4929bbce2e,Sandra Wilson 30,Finland,1,2010-09-01,2010-09-01
43e32ff4f118e21e193d14999382cf03,Sharon Clark 26,South Africa,2,2011-09-05,2011-09-05
cc3331591d0e992c6725e9a950bffb17,Steven Hill 29,United Kingdom,1,2015-07-23,2015-07-23
f64ecf1f14a9122aba1aefb622b0e052,Aisha Mueller 18,Australia,1,2016-07-18,2016-07-18
76fc8df9b2e5ed478fcf6dda26397e49,Ashley Moore 30,Colombia,1,2015-10-10,2015-10-10
16a46bcc38a4399822643f221f428177,Cynthia Wright 13,United States,1,2014-03-03,2014-03-03
8448e7f5a9319584d5c5d9e7efc5770b,Daniel Jones 16,Bangladesh,1,2017-06-04,2017-06-04
6b33edbb003e51e321e2d44c185be164,Edward Ivanov 18,United Arab Emirates,1,2023-04-02,2023-04-02
45243952bc7465a90c688f35827da236,Kathleen Jones 10,New Zealand,1,2019-07-22,2019-07-22
9f2cc9ccb13db5c43359afe1264a4291,Laura Miller 12,Australia,1,2013-10-24,2013-10-24
e42c0a0e4cb023ea29f9f5a5a06e579c,Lisa Hernandez 29,Thailand,1,2016-11-18,2016-11-18
b4e7bbe292e303a2078e0287667f95f6,Mary Perez 7,Australia,1,2017-06-30,2017-06-30
3fff936d82daedcff2a0b60a48e0eb1a,Raj Hernandez 24,Canada,1,2019-04-23,2019-04-23
3cd3769f991c057b4067f6b918a21a9f,Sofia Sanchez 12,United States,1,2019-08-13,2019-08-13
838305956ceb2bb143d4f5cc03561002,Yuki Haddad 19,United States,1,2023-06-04,2023-06-04
73471a2d2492a27c92169402ed352979,Andrew Robinson 20,United Kingdom,1,2009-10-14,2009-10-14
1a14b15229bef310a76ee64576c96f6a,Anna Taylor 16,Canada,1,2011-04-05,2011-04-05
34532cc9f18c727238e445d4556dac1a,Carlos Rodriguez 28,Ukraine,1,2015-06-14,2015-06-14
df8e64bd96c1ffff33badb3d36e48577,Daniel Smith 20,United Kingdom,1,2016-02-09,2016-02-09
8549971d69ff31816cd50f28ebe57c1e,Kimberly King 29,China,1,2016-04-18,2016-04-18
c051053545d602a9e71477aa5caae01b,Mark Rossi 14,Canada,1,2017-01-07,2017-01-07
fb88a7ff2ec86c38f1c188278adea446,Mary Allen 26,Australia,1,2014-08-02,2014-08-02
671674c7bd1fbb95bfc5e0518f7a2280,Anthony Rodriguez 4,United States,1,2009-01-15,2009-01-15
ecd5c55ee09b938a034b6cd4a1bb7ad9,Donna Davis 14,Hong Kong,5,2009-09-20,2014-11-19
a77a0a3b896e2696abd5db9eaabb0a0e,Edward Hill 19,Italy,1,2015-08-26,2015-08-26
38d6acfb61b336638b4e83bc1550591e,Eric Green 12,Indonesia,1,2017-08-24,2017-08-24
d546413aaecf60457be82e9f7d223279,James Baker 11,Australia,2,2025-10-05,2025-10-05
3790e640289c711d3b8f8d931b74af22,Linda Gonzalez 6,United Kingdom,2,2014-10-27,2014-10-27
22264f20cfa375298d486673e6dee732,Raj Perez 24,Belgium,1,2013-04-20,2013-04-20
a8476c92953362287a5e4f683abd79c4,Sandra King 29,United Kingdom,1,2024-11-27,2024-11-27
5ea7bc454b0d552161cfa9701bdc34ca,Sarah Carter 6,United States,1,2008-11-03,2008-11-03
abd20e6f8ed4721b435ae4c8dfb561ab,Stephen Lopez 16,Australia,2,2011-09-19,2011-09-19
8367eaacf4557be1faa0f9a4d26f81b4,Wei Carter 31,South Africa,2,2014-01-12,2014-01-12
8fce2ef5f4d7bc37c0c49186d4741595,Aisha Davis 11,United States,1,2019-01-19,2019-01-19
53f3c4a74b0cd0895ea7ea62ceb97c43,Andrew Nguyen 21,Canada,1,2019-06-17,2019-06-17
669b232b9c631d33450a5389ae138845,Anthony Nguyen 30,United States,1,2015-07-20,2015-07-20
0d6fec52cabb5054e5d7f6920d94548d,Ashley Nelson 12,Australia,1,2016-11-12,2016-11-12
55c7e2d01ee8f16086e057ac91d22543,Carlos Scott 14,Singapore,1,2015-09-25,2015-09-25
46d17f21eda88aa19fa6a1f4e2767267,David Brown 24,Poland,1,2015-12-31,2015-12-31
1272f61993f86c616825146b2f9ef58a,Donna Schmidt 12,Australia,1,2014-11-20,2014-11-20
2efb0c80a6aa512c3d2ba7144ef46167,Henrik King 30,Malaysia,2,2015-07-25,2015-07-25
729e345bad394380313c4a36146f8be0,Joshua Gonzalez 7,United States,1,2022-05-10,2022-05-10
71eeb356ac23893195e7784e092295a8,Kevin Rodriguez 28,Germany,1,2016-04-03,2016-04-03
80568fa43062d79cbcc357f74e305148,Michael Martin 23,Greece,1,2018-01-02,2018-01-02
cb3cf40a486e8d8aa855c890a81f4a90,Raj Patel 11,Singapore,1,2017-01-15,2017-01-15
aacab19bcdd07a2c9de7bcdb039fef70,Ronald Sanchez 23,Netherlands,1,2019-05-27,2019-05-27
c99fbd7523d09d64aefeeaa9c20c3e2b,Sharon Perez 23,United States,1,2019-04-24,2019-04-24
242451fd4fb9f5cabc3487e53727f496,Sofia Thomas,United States,1,2015-12-31,2015-12-31
6c837b6dc1c8aa5b852f5f4b90f9c04d,Brian Young 13,United States,1,2015-05-10,2015-05-10
53fdd7929372444e3d9e728e6bdd7e8a,Carol Harris 30,Australia,1,2010-08-14,2010-08-14
1dbd5358ec73d2a028f3ef28e6a61e40,Christopher Lee 18,Germany,4,2016-02-29,2016-03-19
c2364078752842806058e431452f6ef7,Daniel Martinez 10,Germany,1,2018-08-11,2018-08-11
d32237210aba69703319b8dd53608744,Jason Baker 24,Australia,1,2017-08-25,2017-08-25
967e3edc18d3c9c5c10f7325e7cd0c1b,Kevin Clark 29,Canada,1,2025-10-18,2025-10-18
4c4ea0781a74b6ae6cf69de583159172,Linda Mueller 15,United Kingdom,2,2022-09-11,2022-09-11
4c8d1dedffe6dbd8355647b8e626d11d,Mark Thomas 11,Australia,1,2010-07-17,2010-07-17
de8e84d8be20612d2e42f567c68e246d,Michelle Robinson 6,Australia,1,2017-12-10,2017-12-10
c77a05ce0ae9c9aedd32d9cc4f99b804,Robert Carter 26,Australia,2,2024-04-14,2024-04-14
0b61ee7c873d173ca5b6e6de29bc755c,Robert Tanaka 2,United Kingdom,1,2011-09-19,2011-09-19
f8156b6f5701d1f318ceecb98ce0ac6b,Sandra Brown 22,United Kingdom,1,2023-03-03,2023-03-03
a7c4084d64cf0b75601bff9430727201,Sarah Miller,Indonesia,2,2020-02-02,2020-02-02
812d5deffae4c97e3ad41e63523acbeb,Aisha Ramirez 3,Fiji,2,2015-11-02,2015-11-21
06132ffc6034ae558e3b9c64f5ba5902,Anna Hall 25,Australia,1,2011-06-10,2011-06-10
1a159ea0263b3404dd69bf2fe0929b04,Anna Perez 6,United States,1,2008-12-28,2008-12-28
27944a1d302c52a5ad68fe5d2a2f83a8,Elena Martin 5,Canada,1,2015-11-26,2015-11-26
8074198dd4d486a9085669a1daceb5ed,Fatima Davis 4,United Kingdom,1,2016-12-15,2016-12-15
44a785f4f79b4440c8793e886a3dd2bf,John Miller 2,United States,1,2016-10-30,2016-10-30
658b22ed437ca5bae7f706023e85e66d,Kenneth Hall 18,Colombia,1,2023-07-19,2023-07-19
0cc00122154ac8e36598475e09f423b4,Paul Clark 31,United Kingdom,1,2017-04-25,2017-04-25
4da93e02d24a51d3e62e645e0f3d523e,Raj Thompson 21,United Kingdom,2,2018-09-17,2018-09-17
680a21e22462a86c82f599dc81f2f961,Thomas Clark 15,United Kingdom,1,2008-08-31,2008-08-31
8e1136a31a8dacd8e5865bee3c2323aa,Anna Thomas 21,United Kingdom,1,2017-11-24,2017-11-24
e08c84f951324c1fd224d439603a876f,Anthony Ivanov 8,Spain,1,2017-11-17,2017-11-17
905c17c21723623f002a0adf30fb8e28,Donna Nelson 12,Singapore,1,2023-05-03,2023-05-03
0a7a01cb6829a68df9681a28f6c4d99b,Elena Campbell 31,Canada,1,2023-06-12,2023-06-12
74ffa12658e77f076682f8c569b35202,James Brown 21,United States,1,2010-02-01,2010-02-01
71e1142614f6a7aab834d65c6c52b7f4,Jason Martin 18,United Kingdom,1,2016-02-07,2016-02-07
4447ef7cc4dd052d053c0006f2a4aad6,Jason Mueller 14,Australia,1,2011-10-22,2011-10-22
8bc4f966d6728e441feb034c027d765b,Karen Johnson 3,United Kingdom,1,2023-06-30,2023-06-30
51efb0ca66aaa07961c289a3c5a667e8,Kenneth Singh 28,Malaysia,3,2019-12-28,2019-12-28
d0da75aae84080cd5797d0ab434d5fcd,Sarah Haddad 31,Czech Republic,1,2015-11-05,2015-11-05
18cd2c1b6ce721bd7353202c6f8037e9,Wei Anderson 26,Canada,1,2025-09-21,2025-09-21
9c8ab03e0e38e2283c11d3b4b9c570f3,Andrew Kim 19,United Kingdom,1,2015-08-12,2015-08-12
dc31592f42193f328dde7075082da24d,Carlos Rodriguez 28,Germany,1,2015-01-28,2015-01-28
024c19681c8d86dea14d1363bcd9d1cf,Charles Rivera 4,United States,1,2016-05-01,2016-05-01
e51d962ba1c93efd11a0c30d655af4f8,Christopher Smith 16,United Kingdom,1,2014-07-18,2014-07-18
ee9f488dcb2355e977246c5c9d3b51e2,Cynthia Mueller 16,Singapore,1,2015-09-17,2015-09-17
5a78989827aa1315090a56f98fdde161,Elena Mueller 3,United States,1,2018-10-01,2018-10-01
ebd05d7d4980edf66e7332e14f503a15,George Allen 25,United Kingdom,1,2014-03-03,2014-03-03
0443982fd8305f8d63e87b39d9de7af7,Hassan Wright 25,United States,1,2021-06-08,2021-06-08
e108aaa80f82449a7a0bb06d6b05a40a,Henrik Harris 29,United States,1,2021-06-07,2021-06-07
4b89ab6dfe78dcddae554a2045d9d79a,James Martinez 8,United States,1,2021-09-16,2021-09-16
f7f4d83e6f1050e6ea19ecefdc0fd2c6,Karen Singh 8,Australia,1,2016-02-02,2016-02-02
8b3886868ba9fa8552c40676d2cbea1d,Kimberly Adams 27,Canada,1,2010-09-21,2010-09-21
d5658628ed2c5f972088a0edaf0baaef,Matthew Torres 15,Slovakia,1,2016-02-26,2016-02-26
f3efe6c5004f9683f2b99c16d3d2c698,Mei Young 24,United Kingdom,1,2011-10-22,2011-10-22
e2f794adaa42007f25a2a3a6a7ca45b2,Michael Gonzalez 14,Australia,1,2011-09-19,2011-09-19
f5a7ea7d58135b0c459c8e1af37756df,Nancy Andersson 11,United Kingdom,2,2015-01-27,2015-01-27
929f34b859e5483708715a006c248fe1,Patricia Adams 4,United Kingdom,1,2017-04-15,2017-04-15
b2426bbb1898341751731544a1722b55,Rebecca Lee 3,United Kingdom,1,2016-10-03,2016-10-03
b7a9eabd4453d1b03834dc1a4deee2c6,Sharon Baker 13,Singapore,1,2014-01-13,2014-01-13
1ae50fa5055b3affd8b67df3db876e21,Stephen Costa 6,Hong Kong,1,2025-11-05,2025-11-05
3f41982f93683a85d3d7086829b0aab3,Carlos Singh 19,United Arab Emirates,1,2018-01-09,2018-01-09
842fb8a6d2dc597b47e8d0cdc80d8a0a,Christopher Jones 20,United Kingdom,1,2013-04-20,2013-04-20
a882cf6e2194e6110e5bb3c82bc7bd8a,David Walker 27,Switzerland,1,2017-03-13,2017-03-13
71369def3bf360c58632d7b9d73ebee2,Edward Kowalski 4,United Arab Emirates,1,2017-04-20,2017-04-20
1917cdb5d2104c8c811c5fc4484ed943,Eric Hernandez 24,Italy,1,2026-01-23,2026-01-23
a46f04e33f9072ccb9ca8970e0e19a23,Helen Hall 25,Australia,1,2015-02-05,2015-02-05
cbf513fa7237a274f4c624a8282b80b3,Helen Williams 29,United Kingdom,2,2014-11-19,2014-11-19
a3c6ba9631df709047259eee518daed2,Kimberly Andersson 25,United States,1,2014-07-30,2014-07-30
f26ad28a43f2ca18a4490f45bcb1766a,Mark Okafor 24,India,1,2015-10-24,2015-10-24
1fa4fe2929e6d286861dd53225a04994,Omar Perez 20,Finland,1,2010-09-01,2010-09-01
ae2a4a540566b866c4ab8d22e8c3a4f6,Patricia Hernandez 8,Canada,1,2017-12-21,2017-12-21
507b2ab981f45df17de5f34cdef3765d,Rebecca Lewis 9,United States,1,2014-07-25,2014-07-25
57646f9780265fa98346379dcb52096a,Sarah Lewis 10,Germany,1,2015-12-19,2015-12-19
a1b4c144135b79d971d981f4af62b88a,Steven Perez 30,Germany,1,2014-01-24,2014-01-24
21aaad46cfe4f4abdb60ddc4602b0876,Andrew Brown 31,United Kingdom,1,2020-01-26,2020-01-26
998dbcec32efcae2c949de0447beebb5,Andrew Petrov 9,Denmark,1,2016-08-12,2016-08-12
1aabcc6693f276a4e5c1b61ec00bb625,Carol King 16,United Kingdom,1,2017-06-15,2017-06-15
9604b70c9eb18d8a6c30c4f4f068fdbd,Charles Martinez 8,United States,1,2017-11-04,2017-11-04
5eea3cdaa1ff1d33ea266873f3a79263,Elena Campbell,United Kingdom,1,2011-04-05,2011-04-05
d5f8151f8f00c00a7b8eb48b02dd87e9,Kimberly Kim 10,Australia,1,2016-09-24,2016-09-24
c5a3594e475fbcf00177f3b79e7db23b,Melissa Williams 11,United Kingdom,1,2018-05-31,2018-05-31
f05e6f9db8bbba90942da3c96bcf4285,Omar Mitchell,United States,1,2017-01-08,2017-01-08
a49cc274503f455352581fd418ecaf53,Sofia Wilson 20,Germany,1,2016-10-02,2016-10-02
169a8037d6fc89e28108eaad66173cbb,Stephen Johnson 5,Norway,1,2021-11-29,2021-11-29
7be098e0465ef9149db075ea2f0c8a0b,Steven Green 12,Finland,2,2009-09-20,2014-07-24
edab32516697b20cbf82ceb923f962aa,Steven Johnson 18,Canada,1,2017-02-05,2017-02-05
1e2169b8e50c82ff4aadc1d4504c21a8,Susan Ivanov 26,United Kingdom,1,2016-07-29,2016-07-29
4b03f30ea6126fde4287789ec11963d6,Thomas Robinson 23,United Kingdom,1,2017-01-20,2017-01-20
397cefcfb6f10d068faf97a1ea61e338,Carlos Kowalski 7,United Kingdom,1,2011-04-06,2011-04-06
4b9d7ea75f5b8f5cee06a9bb8720c2cd,Charles Haddad 24,Australia,1,2023-07-03,2023-07-03
171a053fd270317b343ef87d2c29fe84,Edward Taylor 25,Thailand,1,2023-03-21,2023-03-21
3e510455ff717c0c76ba775164c63264,Henrik Jackson 24,Canada,1,2024-02-21,2024-02-21
9213ae69c6e8801e7dd9007150edc857,Joshua Sanchez 10,Nigeria,2,2015-09-03,2015-09-09
dd895cc0de7c2f0d9e5f7d826c2ddd58,Kathleen King 9,United States,1,2024-07-04,2024-07-04
ec28c8db61cd181cf67297fc3bbd7d91,Kathleen Williams 7,United States,1,2016-03-19,2016-03-19
437f17e1c2e584edec47318de1252377,Kevin Walker 9,United States,1,2019-03-20,2019-03-20
f110d55eb5c7d7e3aa6f6abdd3b7a668,Linda Mueller 8,United Kingdom,1,2008-11-04,2008-11-04
64d422d36ef7e1bffe3f984380a01de2,Melissa Martin 23,United Kingdom,1,2016-01-21,2016-01-21
5b59de8bc15c0a60f5204d4440b0eef5,Aisha Rodriguez 16,New Zealand,1,2013-04-20,2013-04-20
47c0f8e472d2e0b6afcfb5ee99d2ae04,Cynthia Patel 7,United States,1,2018-02-12,2018-02-12
e8419757e69ef74560d283987d6b76ef,Daniel Campbell 30,United Kingdom,1,2018-03-10,2018-03-10
d23a1c934a60a902a373da12d899c5d8,Eric Lopez 31,United Kingdom,1,2015-09-28,2015-09-28
4aaca2a5ea80541365824acf3c1a1fc5,Patricia Hernandez 14,United States,1,2011-06-03,2011-06-03
3d38e113412fae6a7f3bd82245b431b5,Carlos Singh 25,Netherlands,1,2018-05-13,2018-05-13
cfd2425d995bbb140f7567e3020ee08d,Diego Allen 22,United Kingdom,1,2013-01-22,2013-01-22
d53a3094e2804cfb5297ab4e2695a53c,Jennifer Nguyen 3,United Kingdom,1,2010-01-11,2010-01-11
d6e16b7622f2ddd7d4ce8f2af115c21f,Kathleen Thomas 13,Canada,2,2013-04-20,2013-04-20
a03a249e6d37657bd247bcbb04e07115,Matthew Perez 23,United Arab Emirates,1,2019-08-13,2019-08-13
8cee3971e0ae5f884017622d3b8d5c7f,Paul Walker 11,Australia,1,2014-11-19,2014-11-19
afff5d61bbf67a213f95bafe839f8891,Sharon Kowalski 9,United Kingdom,1,2019-12-02,2019-12-02
7765f5e08f680ec05cf3dc04dd53239d,Sharon Okafor 12,Australia,1,2011-07-28,2011-07-28
fde8e6e02fd29bdcfec839aed19e141c,Steven Nelson 17,Germany,1,2015-06-11,2015-06-11
82801e3eb0a26f47479812981a13fb00,Wei Petrov 12,Australia,1,2014-07-18,2014-07-18
247006900b90a89e61e8cbcd46378378,Carlos Davis 19,Germany,1,2013-02-24,2013-02-24
60e559a7b75b005f331f0e6ab05ce424,David Rivera 30,Germany,1,2016-01-11,2016-01-11
9c9a7a7db040e0acf0dde7d003e43451,Donna Costa 14,United States,1,2015-10-30,2015-10-30
a83fa9ce3e5cb8f8ab27f9c55ce08cd2,Patricia Robinson 25,Switzerland,1,2015-06-14,2015-06-14
4a55137c3b0c7639428723e333ad8e24,Priya Singh 8,Greece,1,2019-05-17,2019-05-17
1511e6fd16db94b1a5a5fd3bce852fb9,Rebecca Haddad 28,Saudi Arabia,1,2016-03-27,2016-03-27
a6ff8408fcab8d06b961c7375d61c49b,Ronald Campbell 31,Switzerland,1,2016-01-21,2016-01-21
0af49a7029f1fceed408c9e48280d781,Sofia Petrov 7,Australia,1,2017-11-07,2017-11-07
725b58d1f0f3625ece75978010546ecd,Anna Davis 10,Romania,1,2023-08-16,2023-08-16
4f4178d0fe033d37c95df2e2cf83e672,Carlos Davis 27,Australia,1,2012-12-24,2012-12-24
cddee196b34a6b8ba3b4db5b3ce60d83,Charles Kim 13,United Kingdom,1,2023-06-13,2023-06-13
2d5137cebe618a0538d3237ae35714fc,Donna Thompson 23,Germany,1,2023-04-25,2023-04-25
9ef82026dba4da1ce941389d7b59f33b,Edward Ivanov 18,Hong Kong,1,2023-04-02,2023-04-02
63e51d0d526e1917ba06007365eaae15,Eric Adams 9,United Kingdom,1,2008-12-24,2008-12-24
f2f984c93a3d78270c41ae5ae0907eef,Fatima Hall,United States,1,2014-03-03,2014-03-03
ee63922a37dbd2d089c8fe16ec78f806,Hassan Smith 2,United Kingdom,1,2009-10-18,2009-10-18
7a5332aed595d68b0213fff0bf31b14b,Jason Andersson 19,Canada,1,2025-12-19,2025-12-19
4b52a2ac22fc818275e88552783b6be7,Karen Wright 27,United Kingdom,1,2019-03-30,2019-03-30
cff8eefb237e0035d94085dca6a7207c,Kenneth Mueller 15,Spain,1,2019-02-11,2019-02-11
35530cf6c2d14e7d65225f9150e8c2e6,Laura Brown 28,United Kingdom,2,2014-01-24,2014-01-24
dfbffcd3282474a04e51a6e0c77b79ef,Lisa Davis 7,United Kingdom,5,2008-09-19,2015-09-22
942c81adb3a3c7629d7b09deaa3ac951,Nancy Walker 20,Australia,1,2020-02-26,2020-02-26
c482022ef1a316fe6932bcb9e66e5a21,Paul Lewis 8,Netherlands,1,2010-09-22,2010-09-22
331ebcb4c0503abb0c6d78b564221648,Raj Perez 27,United Arab Emirates,1,2014-11-19,2014-11-19
d2f3261cb5390190f9f837009de60524,Robert Thompson 13,United States,1,2017-01-07,2017-01-07
8d19f5c52caf6633e99efa8fb6bd5cd5,Anthony Petrov 14,Australia,1,2019-10-07,2019-10-07
7ae9be73ec0356091bfcaf5132cb7e66,Charles Davis 2,United Kingdom,1,2015-08-26,2015-08-26
256587be0be33972655b64d01e5f432d,Charles Lopez 25,Australia,2,2013-04-20,2013-04-20
2eeb5c18918c1106f6b45edb0b365db1,David Rodriguez 7,United Kingdom,2,2016-09-07,2016-09-07
48fc32231b3b0da5f982ef28c3a99550,Hassan King 5,Vietnam,1,2015-01-28,2015-01-28
5610062fd3e4fa982ccbcc29260c7333,Helen Costa 2,Singapore,5,2017-09-12,2017-12-04
f7d36456a1b4c4c7abd6a512dc0a0450,Michelle Martinez 15,United States,2,2009-10-14,2009-10-14
59de2fc82d6cabdbcc3e5de5308fc7b7,Omar King 3,Japan,2,2016-02-19,2018-03-30
7543d1e7ad53c2847f7a7ccd1a3ef82f,Sarah Costa 19,United Kingdom,1,2013-02-15,2013-02-15
58e01b7da7f60f7406485fd90da3f3ba,Thomas Adams 25,United Kingdom,1,2009-10-06,2009-10-06
886bb3e46e86de6397e592fa2c98aaab,Wei Okafor 3,Canada,1,2018-01-25,2018-01-25
1ad75d00a95ed5546de151957ed97126,Brian Flores,United Kingdom,2,2024-05-07,2024-05-07
25ec2ec95eaa90a09e1de95b60abc4cc,Cynthia Haddad 24,United States,1,2014-07-24,2014-07-24
e0ad798b7aa70189b644f825e232b45f,Donna Walker 5,Ireland,1,2018-03-21,2018-03-21
0b494e6373edff3a6ba3adebd9776f92,Edward Perez 22,Australia,1,2024-03-30,2024-03-30
ef4dc9d818a01273dd5907957afcefc1,Fatima Allen 17,United States,1,2011-10-22,2011-10-22
ec8dec960c39a8f21a21b1d0f2e1647a,Hassan Wilson 11,Australia,1,2023-03-14,2023-03-14
3ac670f2d1229d228a61062dea288932,John Hill 7,United States,1,2020-02-03,2020-02-03
94ce03ad83e9abbe928c3ea7ff18abd7,Karen Patel 14,United Kingdom,1,2022-12-12,2022-12-12
350b63288535c31ba0ad59a50c131287,Mei Andersson 13,Ireland,2,2016-02-16,2016-02-16
55384f9ad9ff230464ccacea0f88755e,Susan Tanaka 24,Australia,1,2011-10-22,2011-10-22
11f930ddb4d0d9d4d37ee6e49f03a35a,Wei Smith 19,United States,1,2020-02-09,2020-02-09
50574f7e256b54f232a8cc430a45c962,Anthony Sanchez 17,United States,1,2019-09-26,2019-09-26
63554048720edd5b86d2870a870e0ab2,Elena Kowalski 17,Finland,1,2013-04-20,2013-04-20
c61c0bfad29c5fc02802f38d895d05f1,Elena Lopez 4,South Africa,3,2017-06-18,2023-02-14
c4154dbf585a42e376e4378fcd038a3b,Hassan Nguyen 25,United States,1,2018-09-20,2018-09-20
97bd3487badf4f0d60ab1b6939bce2d8,Jennifer Harris 12,United States,1,2015-11-30,2015-11-30
77dbcb7509c177cc76e3dae2ebd7ebc9,Karen Campbell 24,United Kingdom,1,2017-02-25,2017-02-25
8f3bd853722fbff4ac69e8d91a7b0def,Steven Lewis 5,United Kingdom,1,2017-12-06,2017-12-06
490d6cef01312da348853355aba0cb9f,Andrew Taylor 25,United States,1,2016-04-03,2016-04-03
2f8cc483384a9d4a5805799d287a96a6,Brian Ramirez 18,United Kingdom,1,2013-02-15,2013-02-15
2c7d438957c98d8e4ae7dd5b91624425,Carlos Adams 21,United States,1,2019-11-08,2019-11-08
5f8fe4d01f3f22adbba59c6601eb8c4a,David Jones 13,United States,2,2018-06-26,2018-06-26
d782c619e247b23db3317b60b32a5782,Emily Patel 5,Hong Kong,2,2014-07-24,2025-12-17
5cc0922a0cbec1a4dae1a02eafab3a25,Hassan Martinez 3,Australia,1,2015-12-12,2015-12-12
c590e13c6545319dc7baa8ca5b91cd92,Hassan Robinson 8,Australia,4,2010-02-01,2010-02-01
c2ee4e401cdac8349d88977950233c6a,Joshua Clark 18,United States,1,2017-05-13,2017-05-13
9418409f81341d350608a07f3ab5928e,Laura Williams 18,United Kingdom,1,2021-05-08,2021-05-08
5771d099b13bff9dc04b999745a5b634,Mei Wilson 21,Romania,1,2023-07-02,2023-07-02
56a32ed6e5216bf8c0d48b650cb00696,Patricia Costa 25,United Kingdom,2,2013-01-01,2013-01-01
dbce84795c26ae4709ac1020223263de,Rebecca Kowalski 14,United Kingdom,1,2015-08-26,2015-08-26
e073786483cdf1c4d5860d9b57d8faad,Thomas Taylor 11,Australia,2,2016-05-12,2016-05-12
e04ac3224183743eff7b2e075940dcc8,Yuki Petrov 24,Czech Republic,1,2026-01-05,2026-01-05
1462c9a263b11434f92cf4de3bcf7087,Anthony Adams 15,United States,1,2021-07-07,2021-07-07
baf1502f1775e63252a55ea8dd205120,Brian Robinson 8,Australia,1,2010-09-01,2010-09-01
516932add153290ee847983fb31ba5c7,Carol Wright 18,United Kingdom,1,2017-05-13,2017-05-13
e3356d9039e04eb9849d43a1530d054b,Donna Mueller 17,United States,1,2017-04-26,2017-04-26
a4c420ce4c4860bf3c4fad5b2d97fb8c,Eric Allen 8,New Zealand,1,2008-01-01,2008-01-01
8db5b73c93dd42c98837003bf40360a8,Hassan Young 13,United Kingdom,1,2016-08-29,2016-08-29
8facc45295bc877da0b9667ac4b478e0,Lars Martinez 20,United Kingdom,1,2008-08-01,2008-08-01
120aa55798baf2642dab64281a60a9ab,Laura Jones 8,United States,1,2015-07-22,2015-07-22
00a5739c165cc5d53f1be2227725b3d0,Nancy Martin 23,United Kingdom,2,2010-02-03,2010-02-03
13a35de6a9700a56b04bcc557b1f507b,Robert Harris 13,United States,1,2015-05-30,2015-05-30
e3070f237ae5228e357b035049ed3df4,Sofia Mueller 17,Australia,1,2015-03-22,2015-03-22
a3e0b0ee0e49c995d7acd67e5e8dd3a2,Stephen Anderson 26,Singapore,2,2016-07-27,2016-07-27
535c0f1515fa3f84ca3939fa60c9349d,Stephen Garcia 24,Germany,2,2017-07-29,2017-07-29
e027ad0358350947f4daa13ad50f24ba,Yuki Hall 9,Australia,1,2014-11-19,2014-11-19
13133f2df33db0a06a10a09c25cd804c,Andrew Allen 28,United Kingdom,1,2016-05-01,2016-05-01
eb36df07ed622182d5c0614887f0ae60,Charles Okafor 24,United Kingdom,1,2007-11-01,2007-11-01
3a86f08eca23c2022c3a60da1551299c,Christopher Lee 26,Philippines,1,2017-03-27,2017-03-27
d8112f37f7fbd5cef11848d1a5ae85e5,Diego Miller 8,Taiwan,1,2024-02-29,2024-02-29
62a8c567cec7b3ff2166756326a5cece,George Andersson 25,India,1,2017-10-19,2017-10-19
38276bb0b2b77b26cc05a17c7e9fe775,Ingrid Kim 15,Denmark,1,2016-08-17,2016-08-17
5c821a5d62f1ff3eed7048dc9d3c83b0,Jason Chen 4,United Kingdom,2,2015-07-04,2015-07-04
a7c2ad2d9f1a83e6053781972bc72d4b,Joshua Perez 12,Singapore,1,2015-06-23,2015-06-23
7b7d4f232fdcdd3ab9bea84338a91c73,Karen Thomas 19,Canada,1,2019-03-16,2019-03-16
cc5692a38492b35ab8d8e44e3260ee12,Kathleen Garcia 24,United States,1,2019-03-28,2019-03-28
c9fd125a33acda3da0b787638fd549ea,Kenneth Roberts 9,United Kingdom,2,2024-12-19,2024-12-19
eca8ef3a46245ba1a8d9bfa3bd2213d0,Kimberly Smith 27,Malaysia,2,2016-03-06,2016-03-07
f8b5547958bf98740cc8d2f1730c3504,Nancy Harris 7,United States,1,2015-06-04,2015-06-04
d1d716d6d5c1528648c6c0da68680e35,Paul Thomas 13,Hong Kong,1,2013-01-02,2013-01-02
302fec05b8196fbed43d9b60daa3740d,Robert Thompson 8,United Kingdom,1,2012-09-17,2012-09-17
630a019fd54dab025b53e37cf9663987,Sarah Moore 25,United States,1,2012-12-03,2012-12-03
f47b7fec67fb9ca28297f46d03d55498,Sofia Walker 8,United Kingdom,1,2011-05-26,2011-05-26
cccee326c1023aaf45ac4f1dbb8b6f5d,Wei Green 9,Spain,1,2015-10-13,2015-10-13
6afe2996b476e236f9e03abbfb5ad447,Carlos White 26,United Kingdom,1,2012-12-03,2012-12-03
fc5f420c761f14ac4cac548a2c4d9651,David Tanaka 9,United States,1,2019-05-27,2019-05-27
a69076d8a9f58c8d394496f7469b1189,Diego Okafor 29,Taiwan,1,2014-01-10,2014-01-10
713a80349c0ed424a6e9ade85a6c8b9a,Elena Walker 5,Japan,1,2019-09-06,2019-09-06
33863435da9828dd70fec01039cc0d04,Fatima Johnson 28,Germany,2,2017-07-23,2025-09-02
2043992ba43e8fbaa74e87c6d629ed30,Helen Johnson 6,Canada,1,2020-01-09,2020-01-09
c7868f6e60c36de6d38f83d099a19eae,John Lewis 29,United States,1,2018-11-21,2018-11-21
41322a91e17e40fc92d6e6218166a66d,Mei Patel 27,United Kingdom,1,2023-02-13,2023-02-13
c19094449d7b3d57ce0853941624c0fb,Patricia Wilson 7,United Kingdom,1,2015-05-30,2015-05-30
7c50c4e8b3232846d5b64ea5e7c36ed1,Raj Wright 25,Canada,1,2011-08-10,2011-08-10
29571d52a25327b238273948e1dba77b,Daniel Nguyen 23,United Kingdom,1,2008-08-13,2008-08-13
a4aa1db6568fafdb8594ac33750a3383,David Allen 27,France,1,2024-02-26,2024-02-26
4f42df659277a85025f510fd547dbb6f,Linda Robinson 16,United Kingdom,1,2016-01-25,2016-01-25
9f1c2cd1be662e8540f216cd002e1a65,Lisa Taylor 16,Taiwan,1,2013-04-20,2013-04-20
de8cb8e21d587194eaf01b85753bdf7d,Mei Sanchez 2,United Kingdom,1,2009-01-06,2009-01-06
f3361d5af1dcef209f05cc91a8537f92,Steven Green 27,New Zealand,1,2011-08-10,2011-08-10
0a307b6802933eee52276ea95b7eb1fa,Amanda Wilson 10,United Kingdom,1,2013-01-22,2013-01-22
e2cde55d29acffd14b5bbff870d2af11,Carlos Lopez 24,Switzerland,1,2020-02-21,2020-02-21
abc1af2daca7b258cb892f26b7ae84f3,Charles Lopez 12,Canada,1,2017-06-04,2017-06-04
41cd73a68d911aaa012d3e75c8ceb68f,George Scott 19,Hong Kong,1,2017-07-01,2017-07-01
edc49340c661b1465d5c6a8f7f5cde18,Henrik Garcia 2,United States,1,2015-07-28,2015-07-28
68a7374869efd9ae6b459393dca62af4,John Davis 31,Australia,1,2017-08-27,2017-08-27
f37704882c416de06966ec7e4fbf36e9,Kathleen Moore 22,United States,1,2016-11-18,2016-11-18
7f608dc074fb7e12dfbef2629091bcd9,Matthew Green 24,Australia,1,2017-05-02,2017-05-02
502222a50d1d97d5c949d5dac22bf05a,Nancy Smith 30,Canada,1,2014-01-03,2014-01-03
09749af8fde1f7b060a60ca480e3c22b,Omar Scott 28,Australia,1,2015-11-23,2015-11-23
26a249dc8d00815be16c451a2eae9dd5,Paul Rodriguez 20,United States,1,2015-06-26,2015-06-26
3852722cf549a6b7f5642631a569e2ed,Yuki Torres 8,United Kingdom,1,2011-10-22,2011-10-22
80b3514dbb720f3d2016f3021d9d46f4,Amanda Mueller 15,United Kingdom,1,2010-07-25,2010-07-25
54f6b21f6bee73c0f31af27494c12ca6,Andrew Johnson 6,Hong Kong,1,2019-07-26,2019-07-26
b3027d13838abb69b8192e65651d5887,Jennifer Rivera 5,United States,1,2015-10-26,2015-10-26
46aa874649701521b1f1847b58040799,Kimberly Ramirez 6,Sweden,1,2012-12-24,2012-12-24
803b5d60c7a20e1fa2811920592512d0,Mary Robinson 21,Thailand,1,2019-08-18,2019-08-18
e3beb54c4f83e8f9964ef07c76dc6ffd,Nancy Jackson 30,Singapore,1,2008-01-01,2008-01-01
96cc10324fe8b9a542990fef4fc6824b,Priya Carter 16,United States,1,2011-09-05,2011-09-05
6161642c1a96b6a24b4a8f50d7fbc623,Raj Ramirez 31,Canada,1,2018-01-02,2018-01-02
d0536aa8f0fe88e4011f419bcb1ea600,Rebecca Martin 10,United Kingdom,2,2018-12-03,2018-12-03
ea7f97cdc8706528807e90875865dd91,Sarah King 17,United Kingdom,1,2015-01-28,2015-01-28
1992dce05c7328691575181137933c75,Stephen Flores 5,United Arab Emirates,1,2019-05-15,2019-05-15
0807712822892828d70ed0ed01378877,Steven Flores 19,United States,1,2014-07-16,2014-07-16
a62945ccdd083eda021df1b38141e03e,Carlos Moore,United States,1,2019-04-13,2019-04-13
db0a1e3b169ce26f2e0b2cdead1e28c5,Carol Anderson 16,Australia,1,2015-09-07,2015-09-07
2a45232a186c0c662f356264979ad049,Elena Allen 19,United Kingdom,1,2017-07-20,2017-07-20
a2907941154f5a0b65c40a915cc07ecb,Henrik Haddad 8,United States,1,2015-03-01,2015-03-01
c0db0a7b294aa5d7cfa184c05d3ba088,Karen Wilson 31,United States,1,2009-10-15,2009-10-15
4009b93d0ff8f0200a220f6d3232e616,Matthew Martin 28,Israel,1,2019-07-26,2019-07-26
2067fa2668f1e282d4b6e88743667107,Paul Jackson 13,United Kingdom,2,2014-01-13,2014-01-13
01a2ce14fad2610130b4d47882c08348,Raj King 12,United Kingdom,1,2008-11-06,2008-11-06
ddbd08cf5d9b3d07c6105a71e5f43c40,Raj Lopez,United States,1,2015-11-13,2015-11-13
def875f97b83af48b8887d2dbb120813,Sandra Hill 2,United Kingdom,1,2015-09-28,2015-09-28
8c1e3f1605f7a5360534335bf3a25737,Anthony Kowalski 18,Georgia,1,2018-03-02,2018-03-02
a9f3a16868370aa5f1ee67b2b8b3c2c5,Christopher Wright 5,United Kingdom,1,2013-02-28,2013-02-28
3365bbe918389247946cf7d89f996a14,Eric Anderson 24,United Kingdom,1,2008-09-18,2008-09-18
1c3e83f3d8d31271f73f878c993c8631,Kathleen Davis 20,United Kingdom,1,2018-08-18,2018-08-18
9b2ae28d2d3f643192e5eeae2979cfc3,Mark Lewis 19,Denmark,1,2016-03-02,2016-03-02
f7ed386aa175944ea4acf4f5e30210f3,Thomas Hernandez 27,Singapore,1,2015-02-21,2015-02-21
e96af47539d1729d0f01da9a7b7417d8,Wei Patel 7,Spain,1,2016-12-15,2016-12-15
8059973b96192800a8c44c2d35941962,Yuki Chen 20,Australia,1,2022-09-29,2022-09-29
139af08bc88bc5f32ea28d99e1cb8c13,Andrew Rivera 20,New Zealand,1,2009-01-06,2009-01-06
322cdf7bb020706b7fd25ca85256aa9c,Anthony Harris 8,United States,1,2011-07-31,2011-07-31
dbda6ae9ebcf6cfbd95ce8ca03890fdd,Christopher Hernandez 5,Cyprus,1,2024-08-04,2024-08-04
79baa464fe2f96ad78ba38453f5abe76,Fatima Davis 8,Czech Republic,1,2016-10-17,2016-10-17
1d340952e3469923f3ae470be17f4039,Hassan Carter 11,Australia,2,2015-03-01,2015-03-01
5a2436e53a0cabe543399a021548849b,Henrik Clark 11,New Zealand,1,2010-07-17,2010-07-17
fdb84a0aa18ea879de6d54ac07dd4440,Ingrid Flores 9,Netherlands,1,2014-11-19,2014-11-19
8af19ed72a8da96bc8f1fb2b2645d6ef,James Kim 20,Thailand,1,2014-07-25,2014-07-25
29045ee3e1d39780af4613960080d69a,Lars Torres 27,Australia,1,2017-02-11,2017-02-11
46024a2954b42fee33d699ccacae35ab,Linda Wilson 2,Argentina,1,2008-10-02,2008-10-02
e7a2e6099147ae07c06bd129a56e4031,Mark Miller 10,United States,1,2024-04-12,2024-04-12
633a9e04bccf5ef2c8051db6f96edded,Paul Flores 24,United Kingdom,1,2022-08-21,2022-08-21
2388e4a048bb15969bbc73be4899e329,Priya Baker 16,Bahrain,1,2018-10-31,2018-10-31
88439b30a90c18879d95407628eef7f4,Andrew Singh 8,United States,1,2016-06-01,2016-06-01
ad1d1db3e46e531a5a24f3fc887748ff,Anna Brown 29,Canada,1,2023-04-27,2023-04-27
52c74d1b59ef4a9260feb57e9d254ddb,David Walker 10,Australia,1,2014-03-03,2014-03-03
8082b6ece9483555cfef565155ad6e50,Helen Tanaka 12,United Kingdom,1,2015-09-07,2015-09-07
ddad7b78c01431421dac33fabd12f31f,Henrik Rivera 8,South Africa,1,2013-10-24,2013-10-24
45761a50ba3d69aa1f65216a279ecae5,Paul Lee 24,Canada,1,2019-01-07,2019-01-07
88541f26705de031533b261abacc1301,Priya Garcia 24,United States,1,2019-03-16,2019-03-16
fd0387a99e81225cb984e9ac0eaa8b3b,Andrew Green 21,Canada,1,2016-12-17,2016-12-17
4b6844e2c6178e2608d770a10e42c483,Charles Costa 25,United States,1,2025-01-04,2025-01-04
7261c6c81088b79956e08c038b4a20cf,Diego Kowalski 23,Chile,1,2011-09-19,2011-09-19
a4ea76fa8827815b679234be1d58549a,Emily Okafor 10,Israel,1,2018-12-25,2018-12-25
921bf92bf698a5e8af052d2e95aa9f6f,Kimberly Lee 17,Australia,1,2014-01-13,2014-01-13
32b328541d4d8c8aa4525965e1cb56ef,Mary Haddad 18,United States,1,2016-09-24,2016-09-24
7b07607daaef00757d7d3488203ebbde,Melissa Moore 10,United Kingdom,2,2015-09-07,2015-09-07
8ee066fc1bffec27f9c9d24bdf926aa5,Michelle Kim 23,United Kingdom,1,2016-10-17,2016-10-17
15de875cac2e8949929f3453ecb785e6,Stephen Hall 22,Mexico,1,2021-04-12,2021-04-12
dcdebe3edb3c8d90986f425ba6735da6,Stephen Tanaka,Thailand,1,2019-12-23,2019-12-23
787e297e8d98844c2aa5ef7e836ba74e,Susan Flores 14,United States,1,2013-04-20,2013-04-20
52136f29793f5935c19d6795b0065fdc,Yuki Williams 24,Netherlands,1,2016-11-07,2016-11-07
7e405ddc251f46309879c3da2f8fd85e,Aisha Mitchell 19,Australia,1,2018-04-08,2018-04-08
f79d817da43907c7d4757ee1d97314ca,Anthony Smith 29,United Kingdom,1,2013-04-20,2013-04-20
8f0b64f8ee010aab0c5dc9e459c1b7ee,Charles Jones 21,United States,1,2015-08-06,2015-08-06
308e532748e8a0d755e0b09639262dae,Ingrid Miller 16,Norway,1,2016-07-09,2016-07-09
a4bf1dec02c0e9144add880266a077c2,Joshua Carter 24,Hong Kong,2,2017-11-14,2017-11-14
51a2841b454c2971bd4b1ba26a429a68,Karen Mueller 19,United States,1,2023-01-14,2023-01-14
910424a42a436f3b4409dd775177e5ea,Kathleen Robinson 3,Canada,1,2018-03-15,2018-03-15
3e0c27c1eeafd23e9b570b758bd6ada7,Kimberly Nguyen 23,United States,1,2011-04-30,2011-04-30
14c178c3e76dd479546a2444646b7ef4,Patricia Nelson 20,Australia,4,2010-01-14,2010-01-14
8d2480f225c0b5ccc5dc13430b720919,Andrew Rossi 21,United Kingdom,1,2015-07-08,2015-07-08
d9a47c582a30d6f35c33f7978269f8b2,Anthony Roberts 30,New Zealand,1,2017-02-15,2017-02-15
2a8878fc696b45cf1755d5e72cc5859f,Carol Gonzalez 16,Hong Kong,1,2015-11-26,2015-11-26
6ff22a62fd15320bcc7cca47b4a371de,Christopher Kowalski 26,Hong Kong,1,2015-05-29,2015-05-29
85d6b06aa2b94b560108b8c2e85b437d,David Adams 10,United States,1,2024-01-21,2024-01-21
50ae47a7cb7e5d47b5c80e459fc1d5a3,Elena Young 24,Belgium,1,2021-10-13,2021-10-13
d2fa3127baa4c88960f7b05807ff8ba2,Hassan Patel 23,United Kingdom,1,2020-04-19,2020-04-19
e36e2817d5db17dac3d4b5dc0db94d6b,Ingrid Lopez 4,United Kingdom,1,2017-05-19,2017-05-19
1d992a811d73c0c93084f9a661f3d2bc,James Green 22,United States,1,2016-02-12,2016-02-12
479cefe9208beca2788acc66ce9f2d84,Jennifer Costa 20,United Kingdom,2,2015-06-18,2015-09-22
75acdbceec70885e34ff5a1762196c8b,Laura Nelson 24,United States,1,2013-01-01,2013-01-01
ecfd27bb1076efb780cf52ba26589209,Lisa Roberts 16,Canada,1,2016-07-20,2016-07-20
363fbf550e7e071f18783084d0bc39a9,Matthew Okafor 8,Canada,1,2019-05-06,2019-05-06
8e6f71de4f716ae8f8d2dc14e8b4edad,Matthew White 19,Canada,1,2015-11-18,2015-11-18
173ca92681a98aad04eb2d3f43d40e2c,Patricia Mueller 27,Netherlands,7,2017-05-15,2019-05-25
5c012fe7b1f77822bf6f1e3c7621331f,Raj Okafor 7,Tunisia,1,2017-01-03,2017-01-03
3f37fe1f24dddb7ecf093c6788c45c84,Thomas Flores 25,United States,1,2016-07-25,2016-07-25
c7d9c1cd9b37b087bdb5e644cacd6917,David Chen 16,Canada,2,2015-08-25,2015-08-25
6a8bfeb78a10cf043a5dbeae87b555b4,Emily Lee 3,India,1,2013-04-20,2013-04-20
7be3926f26914646d2fd30bd34b273b0,Kenneth Gonzalez 30,United Kingdom,1,2018-05-11,2018-05-11
8349f8bd87721ae78f5ab65cff3c2dd0,Laura Miller 23,United Kingdom,1,2015-03-23,2015-03-23
d316ea074a83a1368ac0561852200abc,Omar Carter 18,Canada,1,2011-06-09,2011-06-09
88cf035d021a94eb50e6f3783eaef319,Sandra Allen 25,Australia,1,2010-09-21,2010-09-21
55e4e54e45b6f7198663f7d6dbd40077,Wei Flores 17,Australia,1,2023-11-10,2023-11-10
25103ad71c86797a54fbe61df6b1fb66,Yuki Wilson 14,United Kingdom,2,2017-12-17,2017-12-17
b9a2aece5b8937a9c710beb83be84960,Ashley Smith 20,United States,1,2014-11-19,2014-11-19
2e41b742406a01f129612c5ee9773e39,Ashley Wright 17,Australia,2,2018-11-05,2018-11-05
bdfe242069b90da7b88147721f97a3c2,Carol Green 27,United States,1,2014-01-22,2014-01-22
d5bb71f6ae289f817ff40ef5b71ab451,Cynthia Tanaka 7,Canada,1,2023-08-30,2023-08-30
7de570e5b559b3ad76c8cfaea5c0ff32,Emily Perez 17,United States,1,2015-07-07,2015-07-07
9318556f21a19382ea8bbb2864307b10,Fatima Carter 15,United States,1,2014-11-19,2014-11-19
29f9815a7f971a7cfd6e8382f2e5dceb,George White 25,United States,1,2023-08-07,2023-08-07
27a4d04ecdd3866d5f97e0bf3b7936e2,Jennifer Flores 21,Australia,1,2013-10-24,2013-10-24
a46b5ceb412ce0ca58d7bc907a2eb3b2,Joshua Kim 27,United States,1,2014-11-19,2014-11-19
087affdb265a861922134ccfac0979a9,Lisa Petrov 21,Australia,1,2009-11-10,2009-11-10
86b6485f9c13b682ba267581ecc477c0,Mark Thompson 23,Australia,1,2014-01-29,2014-01-29
1af70e8120c1eaf6e3459eaaf0a1dcea,Paul Haddad 3,United Kingdom,2,2015-05-29,2015-05-29
407060d615209968613b5627ec8b0907,Thomas Baker 6,United States,1,2014-07-25,2014-07-25
a64b39b380777818e2c26d303c486607,Wei Petrov 15,United Kingdom,1,2010-09-22,2010-09-22
29b7208495d63653cf9491e2cfce2af4,Yuki Torres 20,United States,1,2015-10-10,2015-10-10
16c2a58ad1b3f3c561a916b36b39e650,Ashley Sanchez 19,United States,1,2014-11-19,2014-11-19
3b134bf0345a7245041e63603b56dc34,Brian Carter 14,United Kingdom,1,2015-11-17,2015-11-17
d4f28dd19634b4137f21219b760480ad,Cynthia Lewis 10,United States,1,2016-02-02,2016-02-02
7a1f06b2c8f21c81da3f1a0586c5d592,Daniel Tanaka 3,United Kingdom,1,2011-05-02,2011-05-02
9952c68ddb93d7fdbe11257cf21b02d9,Edward Lopez 23,United Kingdom,1,2018-09-24,2018-09-24
d7b17bcdc6d0ee84d9002c982853b40e,Jennifer Wright 11,France,1,2019-08-10,2019-08-10
f56b40e1b6d3d36dffc6001678a388fb,Linda Wilson 16,Singapore,1,2017-03-17,2017-03-17
92781bc2d2405d88ec2b9255a51a137c,Michael Nelson 28,Australia,1,2025-08-06,2025-08-06
a711809a275de85285d9426df8af6d11,Sandra Walker 28,Italy,1,2008-06-01,2008-06-01
19516f8959053f3f7473422034c16e60,Sarah Allen 8,United States,1,2013-04-20,2013-04-20
30c085384f6295cfe0c399775c88295c,Aisha Brown 6,United States,1,2015-12-28,2015-12-28
03ad8b467807866a183aa89fc89202c6,Christopher Hall 30,Australia,1,2019-03-31,2019-03-31
7de8e2c471da5dae77073671dd4a8247,Cynthia Ramirez 31,United Kingdom,1,2019-08-31,2019-08-31
9497c18f4bd12987e19ebd4f3f3960ba,Daniel Miller,United Kingdom,4,2011-05-14,2011-05-14
89f90994f1961ca8c7f5507ffb8d0404,Daniel Taylor 31,United Kingdom,2,2016-06-17,2016-06-17
0be03c2a3044117b9939f4a3b3be1e10,Fatima Kowalski 23,Russian Federation,1,2016-12-01,2016-12-01
83a2e6727fb43f29b1aec8fcf04a3fd3,George Davis 11,United Kingdom,2,2020-03-05,2020-03-05
7d9d328d27e3c10cde28d7b398ae8873,Ingrid Green 25,United States,1,2017-02-22,2017-02-22
4fd1b23eab40fdb1f730fafe523b1a84,Kimberly Ivanov 25,Spain,4,2024-04-29,2024-04-29
25e3bff597498be098a759f8689acf18,Kimberly Nguyen 11,Indonesia,2,2019-07-20,2019-07-21
289afb6eaa0922ec8f0d99e2a138c1b3,Lars Wilson 30,Singapore,2,2011-09-05,2011-09-05
01ff36bc19296152e231ab604677513c,Nancy Moore 19,United Kingdom,1,2018-01-25,2018-01-25
e4f9d81efe2972e424dd6faef0e9c95c,Omar Brown 30,Australia,1,2014-11-19,2014-11-19
4026da6b08e24a677cebafee750c9238,Priya Thomas 23,United Kingdom,1,2017-10-03,2017-10-03
4c927d5113273170ba0ae1c12f19ee5a,Thomas Scott 5,United States,1,2016-05-09,2016-05-09
c26817fe3f848efed6dc684770afc748,Donna Okafor 18,United Kingdom,1,2014-01-03,2014-01-03
68b87bed1828f3431fbf0cdbadfe4669,Edward Mitchell 15,France,1,2017-10-31,2017-10-31
cb5473dbea331010117ead42cc5ed77d,Elena Anderson 15,Norway,1,2020-01-06,2020-01-06
3d5a6baeec50676ce045eb13c3839d4a,Karen Wilson 12,Norway,2,2015-06-23,2022-03-07
37ac7dbbff6e70bfeaab3d4063a18c07,Kimberly Young 17,United States,2,2017-09-23,2017-09-23
9dc36137e55b1d4568e269706d53f7b7,Patricia Schmidt 17,Canada,3,2018-01-09,2018-10-31
03c6049bf5f5a9526ed42327e96035d8,Priya Ramirez 11,Australia,3,2017-05-21,2019-01-02
682638d31a19745c605ef7eb4a0633a7,Susan Flores 18,United Kingdom,2,2013-09-06,2013-09-06
1f591256189751468628168e492f330b,Wei Brown 11,France,1,2016-09-12,2016-09-12
3827f2fa376a07379dfe533c6ca5a7f7,Andrew Hall 24,Australia,1,2015-11-28,2015-11-28
3b3ab8088f9612bbf42a2ccef559eebd,Andrew Thomas 28,Cambodia,1,2015-09-08,2015-09-08
e1d3606fb957bbc257bc77af13a26eec,Anthony Schmidt 11,United Kingdom,1,2016-09-25,2016-09-25
4b0614f089f040d2f65e9bc4e0399410,Christopher Hernandez 6,Taiwan,1,2015-01-28,2015-01-28
cc6e9fa326e8b59254e55fd0fb22bbfe,Daniel Baker 25,Indonesia,1,2015-01-28,2015-01-28
ecbb3626a36188432fa3b30fc9f17ee5,Diego White 17,Finland,1,2011-04-05,2011-04-05
13a60f07db9d65f56ea979dccff53ba4,Donna Haddad 28,Austria,1,2014-03-03,2014-03-03
3dd54cba648fccae482e5022ecce1a1e,George Roberts 21,Switzerland,1,2014-07-23,2014-07-23
7f6616b54cc5f01cb5a34df1f1770448,Hassan Patel 17,Canada,1,2019-01-08,2019-01-08
7494f0591361614149bbda09ae6a57a7,Henrik Clark 4,United States,1,2013-01-01,2013-01-01
c2ede75063a80ae3295308cb62226f57,Henrik Schmidt 10,Vietnam,1,2016-08-07,2016-08-07
1e696ce41d08b5afdb66e286f7a7324e,Jennifer Johnson 11,Australia,1,2011-10-22,2011-10-22
9542b95e0041e7a27e2aab48dd967d4e,Joshua Jackson 21,India,1,2015-12-05,2015-12-05
268c10a27ecd626a94240bf0a6b98b7c,Kimberly Lee 14,United Kingdom,1,2015-05-30,2015-05-30
394444d936273e6a2d9870277d31f640,Laura Robinson 18,United States,1,2014-11-19,2014-11-19
ffccb29007f58c5d3002bb4f84f73311,Michael Lee 19,Spain,2,2016-07-08,2017-08-17
bb1ce7910653e1f27fc7b12976fc4025,Paul Davis 7,Indonesia,1,2016-02-08,2016-02-08
11368679fd9c9e06e0e9bbd18777f6fa,Ronald Andersson 5,United States,1,2015-12-01,2015-12-01
3e23be7c23e0236f04fdff0e6fd5f942,Sharon Adams 13,United States,1,2008-01-01,2008-01-01
0b1eba429ee46f49ada82ff0537d00fd,Sofia Torres 29,France,1,2015-01-31,2015-01-31
6b2823e51577f6c9a81db74dfaf40b34,Susan Martin 8,United Kingdom,1,2015-05-30,2015-05-30
2a2feefc101897d0d455802701381543,Anthony Hall 9,Malaysia,1,2019-09-08,2019-09-08
6454cf5ce889e7de6773fce01d63a196,Hassan Petrov 24,Australia,1,2011-09-19,2011-09-19
0ebaf5966825be677e609d5a80bac0aa,Ingrid Scott 25,United Kingdom,1,2017-05-02,2017-05-02
3c7224fcb6df94c1612e8c78ce3dabdd,Melissa Perez 12,United States,2,2009-02-07,2009-02-07
26e2e0881892d13c5868dcf50b2c1fec,Omar Harris 25,United States,1,2017-02-15,2017-02-15
803cd47ca46a9db794d1f4d240c4e69c,Priya Patel 21,United Kingdom,1,2009-03-03,2009-03-03
6e95281fdff21b0d740779c77f716b7d,Raj Martinez 5,United Kingdom,1,2019-10-21,2019-10-21
924715fbd4312b260a62831fc41f92ce,Rebecca Nelson 16,Canada,1,2016-03-18,2016-03-18
35892d170978822f459a598ea6865702,Ronald Green 15,United Kingdom,1,2018-08-20,2018-08-20
2a95b9d16020eac75cd18fa69200aea3,Sofia Smith 6,United Kingdom,1,2014-01-13,2014-01-13
2cea102fedd711cf37f1fc69b9fd7d4e,Amanda Adams 10,India,1,2016-05-12,2016-05-12
3678551c8c5b53b9ac6b25f886eb1d9e,Cynthia Brown 4,United States,1,2010-12-15,2010-12-15
3f54529bc79c259129f8de22b6e002a6,Daniel White 28,Germany,1,2018-02-13,2018-02-13
a22585c2febc35421bea4697f2e6aa71,Jason Lewis 2,Philippines,1,2019-06-22,2019-06-22
7379922092be86b9e8225cc390eda1f9,Joshua Lewis 24,Denmark,1,2016-04-03,2016-04-03
189e0f2ff0b0becc6f5ff938d4380d83,Matthew Lewis 16,United States,2,2025-11-02,2025-11-02
ed3e6f8d0e4a8171c2cbcf9755a0beea,Melissa Okafor 7,Canada,1,2018-10-27,2018-10-27
8f8005e35ca3ca97ea8b965d638670f3,Nancy Ramirez 21,United Kingdom,1,2009-01-06,2009-01-06
b376e8c394674f625bf78cf5ee900a60,Ronald Brown 10,Netherlands,1,2015-12-22,2015-12-22
c903c1ec58fa7d5bf602d06f89795ed5,Thomas Jones 18,United Kingdom,1,2015-01-28,2015-01-28
a89eca23cfe273e3fd8a35efc0b9b63e,Ashley Petrov 22,United States,1,2010-06-06,2010-06-06
5af720a7a92bc7f4fdbbc7787bd4a62b,Ashley Schmidt 28,Greece,1,2009-10-06,2009-10-06
b2b090725b1d998e8711a4e9e30d8e83,Kathleen Green 28,Australia,1,2009-11-11,2009-11-11
3c0d7b1f8d9f6a1eaec110c0709f6a90,Michelle Martinez 4,Canada,1,2008-07-01,2008-07-01
a8e26e608d9342e8f7d07cb9f6d15d64,Raj Thompson 12,Australia,1,2017-06-11,2017-06-11
920c2a428209e7c4a0ff99ca15dde825,Brian Sanchez 6,United Kingdom,1,2018-01-05,2018-01-05
f9b7ef4245cd0a3c5bc96b99c00d773f,Christopher Wilson 29,United Kingdom,1,2018-10-08,2018-10-08
96d63346c97a9dc6eb1878a57275dc5e,Cynthia White 15,Germany,1,2016-08-17,2016-08-17
f950aab2fc853bcbfaaa644e1d23b2e3,Elena Kim 18,Thailand,1,2014-01-13,2014-01-13
f5fb1d7e60cf0d577c953aaed72910f3,Kenneth Tanaka 19,Israel,1,2009-12-04,2009-12-04
7e39719eeabe1d849e33f4d01aaae3bf,Laura Lee 30,Netherlands,1,2014-07-19,2014-07-19
f9e9286c469571bf460a18e041d79814,Thomas Thomas 29,United Kingdom,1,2018-01-29,2018-01-29
606acad46f49db848a84c5854690ca0b,Wei Lopez 23,Netherlands,1,2015-02-21,2015-02-21
aa704efd6907e0247caafbda135ddc2d,Ashley Roberts 29,United States,1,2024-10-03,2024-10-03
e66e8c4a7dc412b20c11af799eb44d0f,Emily White 10,United Kingdom,1,2011-10-22,2011-10-22
b52549132f074140110ffccb43daf82e,George Mitchell 8,Netherlands,1,2017-08-11,2017-08-11
5e9944adaf6717eedb2c5d18407ac7e5,Paul Young 12,Norway,1,2016-07-20,2016-07-20
de60d08532d96782cff9ef7e191f137f,Ronald Chen 7,Singapore,1,2010-05-26,2010-05-26
e9cb8eb986278d1f5397e44d153de72c,Sandra Moore 2,United Kingdom,1,2014-07-18,2014-07-18
0fdd4cfb87cf2ae90e6ffd565305d18d,Carol Costa 29,Canada,1,2023-08-26,2023-08-26
0ec916f3a7a066b9ebbbfe036d7d9690,Edward Thomas 29,Canada,1,2015-03-29,2015-03-29
78556b363df6b6422d29882fd667c5c7,Kenneth Mitchell 23,United States,1,2017-08-29,2017-08-29
554e81a2f512c2b3a3c55da73ad750e1,Kevin Haddad 17,Canada,1,2015-06-24,2015-06-24
229db1f73524860ed3921e7b8c5d0139,Lisa Wright 28,Taiwan,1,2015-06-03,2015-06-03
971a164315c11857e1394923e476af3c,Mei Lopez 14,United Kingdom,1,2014-01-10,2014-01-10
eaee5c66a3bad1d0bbf171f780e81654,Michael Williams 9,United States,1,2015-06-17,2015-06-17
286d2c886387af80274e802d9b9ab47b,Nancy Johnson 12,United States,1,2019-03-10,2019-03-10
c086af48e6ea56140e7bee34c74e3c2a,Omar Wilson 14,New Zealand,1,2016-05-01,2016-05-01
61c2698fa6f20ffe4ab7c2cd06f5c88f,Ronald Roberts 17,United States,1,2009-11-10,2009-11-10
877d2bbbcb6447908a7d63e6a38287c5,Diego Costa 11,United Kingdom,1,2023-11-11,2023-11-11
4e9a1804136a1a003d9eccfd52212c71,Emily Torres 16,United States,1,2010-05-26,2010-05-26
232ca859f7ac4644d375e85b5ec1a809,Jennifer Moore 3,India,1,2016-10-03,2016-10-03
a37f510f21657abacc0e6eed0a8dccb2,Jennifer Singh 31,New Zealand,1,2019-06-27,2019-06-27
6f72032019229b6a7e09d8741b47fa37,John Martinez 5,United States,1,2017-10-20,2017-10-20
067bde26f750cc11d41f4503810bb5de,Kathleen Rossi 29,Netherlands,1,2013-02-18,2013-02-18
80e6a8a8855c76ba6718e8875f9eedaf,Kevin Hill 11,Hong Kong,1,2016-04-03,2016-04-03
cc9899a11ab7d05b25e49ee2d8d14cda,Melissa Thompson 17,United States,1,2013-02-24,2013-02-24
c0992373d720915df171888860086978,Michelle Kowalski 26,United Kingdom,1,2017-05-18,2017-05-18
a12e35f1bc2f4da4036272dbf6deea8e,Priya Rodriguez 13,United Kingdom,1,2015-01-28,2015-01-28
15e0f7adcbed26750267a96ff8769c96,Raj Rossi 9,Canada,1,2019-08-18,2019-08-18
7273aa45ac702bfa4e70e3e56318a890,Robert Flores 5,Taiwan,1,2022-10-27,2022-10-27
07010d057092c2c501a73e8c17e6fd59,Yuki Williams 5,United Arab Emirates,1,2023-02-19,2023-02-19
6be8d7aa5f106af433b7374815db9db9,Diego Green 6,United Kingdom,1,2016-02-25,2016-02-25
62f39c7216c19f9fe73bc9d126d3bfd1,Karen Robinson 9,United Kingdom,1,2011-01-07,2011-01-07
fae6b900c779ff3e19299e80ed6151ff,Linda Nguyen 3,Germany,1,2017-07-23,2017-07-23
cee4218eb9bb9393d4430439d7b81737,Linda Petrov 5,Canada,1,2016-10-07,2016-10-07
f1dde6470f8916b00259f1c4abe3d2a9,Matthew Smith 4,United States,1,2016-03-07,2016-03-07
ccd4d38b1af77aaeaf2d12861bb4f95d,Michelle Johnson 21,Denmark,1,2025-04-21,2025-04-21
dd01698b94c7d5aef904b90b774982c4,Amanda Smith 27,United States,2,2023-05-29,2023-05-29
29c218fcf72737a840a676e4e7514396,Carol Martinez 28,New Zealand,2,2009-01-19,2009-01-19
a7d0c1d5bce79861f6a5c25cafd973b2,Jason Clark 12,Vietnam,3,2016-05-17,2016-05-18
81dba9a3f7c7e5b1abd2afaaa339527a,Kevin Lewis 20,Japan,1,2017-11-01,2017-11-01
a622b9d566bd641ca96861c8947def17,Michael Clark 6,United States,1,2014-07-20,2014-07-20
a19e4bca3ad9772c66c0116cd271920b,Patricia King 6,New Zealand,1,2017-11-10,2017-11-10
72c7ac9ba0772b3b653f92d0b7e910d5,Stephen Adams 24,United States,1,2011-04-05,2011-04-05
d9bc9ec6b3296de1d6f3658a592eb93c,Susan Jones 16,China,6,2013-01-19,2014-01-13
29976122c069b74dcc93868478a362ea,Wei Torres 22,Canada,1,2018-03-31,2018-03-31
31de9f81d45cd618e9a78cf11545e0fa,Christopher Rivera 31,pitch and width,2,2018-03-11,2018-03-11
60eb853879af9f44a15066d66a5fe068,Cynthia Wright 27,United Kingdom,1,2017-09-28,2017-09-28
a9dc6111d7401ce8ddc6d29f793fd1ab,Donna Williams 18,United States,1,2011-10-22,2011-10-22
bcca8079768fa23f2213585a950d72f9,Henrik Patel 7,United States,1,2016-10-20,2016-10-20
0b6c44f3994db94a8f40efcc6c9fe7e2,Linda Johnson 27,United States,1,2023-04-23,2023-04-23
1673b70e098301c37e7378467752401a,Nancy Nelson 19,Australia,1,2022-04-22,2022-04-22
a7feb3c57e6b05df4cfda032a0d9e9ec,Omar Roberts 27,India,1,2016-07-17,2016-07-17
f03f16809d81c9caa0d246bd5da12137,Raj Jackson 24,Saudi Arabia,1,2016-07-18,2016-07-18
a964b7e2ec8f8552a11a1350deb583e9,Sofia Rodriguez 27,United States,1,2018-03-14,2018-03-14
29086b83126c10e3e9d7e6504ac95363,Stephen Perez 14,United States,1,2011-10-22,2011-10-22
a49af07514b93a3662cad85e83ec1c8e,Wei Martin 31,United States,1,2017-03-19,2017-03-19
47c54b2d1801733372771cf18c814d42,Daniel King,United Kingdom,1,2014-01-06,2014-01-06
de71fd378d9802fae45f99f9180374fa,Daniel Rivera 28,United Kingdom,1,2011-09-19,2011-09-19
443b641dbbc167ae333367dde192d7c7,Eric Campbell 20,United Kingdom,1,2009-11-10,2009-11-10
03fa260f1af2bc99de49b9aa0d3f98ad,Jason Clark 21,United States,1,2009-01-13,2009-01-13
751379ffe90ca6c1857754628894ed1b,Lars Perez 9,United States,1,2016-08-26,2016-08-26
9f322de223c3145d86f13fcc3ac9b09c,Lisa Mueller 14,South Africa,1,2017-03-05,2017-03-05
fb3ca29b7c28e67acdd76fc2b70829cd,Melissa Anderson 31,United States,1,2011-07-31,2011-07-31
b893fe398f5391b9ab5e5a49af4c2932,Melissa Clark 2,United Kingdom,1,2011-09-19,2011-09-19
0a48d931301afbf7277ec1da2dc406b6,Priya Moore,Australia,1,2017-12-21,2017-12-21
8a0831ba6916c43f81a024b3c71a0149,Robert Thompson 22,United Kingdom,2,2015-01-27,2015-01-27
5dfe70ba596e22ff54f11c7496e9a2f0,Steven Costa 11,Australia,4,2025-04-18,2026-04-28
403db29222794599f6ba5d4971488b6f,Susan Baker 25,United Kingdom,2,2015-07-27,2015-07-27
4c16482af1821227526a197049a2fc47,Susan Hill 9,United Kingdom,1,2012-09-22,2012-09-22
240c20d5890445434c8d95468467e234,Yuki Garcia 2,Switzerland,1,2011-10-22,2011-10-22
f24933ea66c831abbdad836b20621d16,Charles Jones 29,Malaysia,7,2018-05-29,2019-02-19
131b802a3dfcde453ca4b2d91121209c,Fatima King 12,United Kingdom,2,2014-01-17,2014-01-17
de224a8fddd11cd495895a13670b2a8c,Henrik Green 6,Canada,1,2015-07-04,2015-07-04
bac41817fe075ff6e1b5abe96e3a1205,Henrik Nguyen 22,New Zealand,1,2015-11-13,2015-11-13
f66058b9d040909c997e78f986faaf1b,Kenneth Nguyen 11,United Kingdom,2,2017-12-15,2017-12-15
30554a9021c54bef96e2d4126b00b58b,Kimberly Young 26,United Kingdom,2,2009-12-04,2009-12-04
df64d6eadd0b00bc1e9f3e6f8d4ee8d0,Laura Johnson 12,United States,1,2015-02-04,2015-02-04
0c13feb23f2ee71b1e3d7ac950f7bf95,Michelle Martin 2,United Kingdom,1,2023-06-04,2023-06-04
e5f979724ba37b7757706e30dc1fc27d,Raj Brown 6,South Africa,2,2014-07-25,2014-07-25
f61fba870d657d8569a6bfd5483f24e8,Raj Thompson 30,Czech Republic,1,2018-12-13,2018-12-13
e716b7f75df5eafb79ede0a79a5704c3,Sandra Kowalski 22,Australia,1,2014-11-19,2014-11-19
8950d24f58490ea0bb00b2ec4062fc04,Anna Flores 25,France,1,2018-04-13,2018-04-13
07881a5db861438a3a7c916ee725e9f2,Anna Ivanov 3,United Kingdom,2,2017-01-27,2017-01-27
e350a6f568c6ba24c51629b3f7f6de53,Anna Lewis 21,United States,1,2024-08-11,2024-08-11
f90766e54e8a2b6dd200a21085d470a1,Anthony Anderson 29,India,1,2016-06-23,2016-06-23
12ad126b2724178b662b7ebb192e67ac,Carol Brown 17,United Kingdom,2,2014-01-06,2014-01-06
5b02c6de36aa34a13adceabee566aa88,Charles Schmidt 22,United Kingdom,2,2015-08-28,2015-08-28
1318b749d517a52239d52d5b4cc697a3,David Brown 29,Switzerland,1,2016-02-19,2016-02-19
7043ef2970e5d5a353ac04c53b211c48,Donna Rodriguez 9,Turkey,1,2017-11-26,2017-11-26
ee79f6dfc7644b69ffcf6137dff75e8d,James Garcia 8,Australia,1,2015-09-28,2015-09-28
ba0047b41df42232705c9a51d4fe3f0b,Karen Baker 24,Canada,1,2014-03-03,2014-03-03
d3b3789e52ebfb474644bdf5048be197,Kimberly Roberts 20,Hong Kong,1,2023-02-24,2023-02-24
314c18c7817679c02c8dbdaf374b793b,Lisa Rivera 25,United Kingdom,1,2019-11-06,2019-11-06
c954173cb52728ee4bf5d43c0c7f9937,Mary Sanchez 14,United States,1,2024-05-07,2024-05-07
fa124f57ae0e7e2600c85fded00016bb,Mei Carter 6,United States,1,2010-12-27,2010-12-27
5ad420f5a2c4ba83fc4123f04722da68,Nancy Thomas 25,Norway,1,2011-05-18,2011-05-18
bcf0b37f549547971ef1308f26711080,Sarah Lopez 23,Belgium,1,2017-02-01,2017-02-01
69ecf9361fc46bbc0ed3b2e86b2c1655,Sharon Anderson 16,United States,1,2013-04-20,2013-04-20
700b35ea5df05f3ac96bb8a68e58bf64,Sharon Walker 12,United Arab Emirates,1,2017-06-21,2017-06-21
44a4661a6c3441c49abd48b3ef126590,Yuki Brown 14,United States,1,2017-02-16,2017-02-16
4510dfe7c123c77165c29b2aa3b94820,Aisha Davis 10,Brunei,1,2013-04-20,2013-04-20
5cc6e365c853473a51888eb0c1908799,Cynthia Ramirez 30,United Kingdom,1,2014-07-18,2014-07-18
00ea7566f9b6e25caa651d3ca18f706b,Donna Johnson 14,Ireland,1,2018-06-26,2018-06-26
80dcc1838a108d1d99e61facce2ccd31,Edward Costa 26,United Kingdom,3,2019-02-15,2020-01-26
81da874f7925376cc8dc19ea5588a0b3,Mary Walker 29,United Kingdom,1,2018-03-01,2018-03-01
2e6cfff8006da1993a9b8cce6236833c,Michelle Tanaka 4,United Kingdom,3,2011-04-05,2015-06-19
f1266c82e6d017d2ca7e9a24fcab6a4c,Raj Costa 9,United Kingdom,1,2015-10-08,2015-10-08
2f0aee502cc88ac23bb3802b12e953bd,Sandra Baker 26,Australia,1,2013-10-24,2013-10-24
329f70055390ad2dd534adefad084b1e,Andrew Patel 14,Ireland,1,2015-11-02,2015-11-02
edf3c2ada34609fd9c419646ee1c5316,Anthony Perez 28,United States,1,2011-10-22,2011-10-22
8fb8615bf090d9b67eaf370780acee46,Ashley Smith 10,Malaysia,1,2021-12-25,2021-12-25
6cc4884f903810ed6f941e77049932a4,Charles Williams 22,United Kingdom,1,2017-05-10,2017-05-10
fc6090c74236bb62ff976ca8f4422291,Eric Lopez 19,Germany,1,2017-05-26,2017-05-26
bc3031a8edcf945d90aa3d3399384a99,Linda Martinez 22,Belgium,1,2017-02-19,2017-02-19
4f6f6dab942df50c177817167556e164,Paul Okafor 8,United States,1,2014-03-11,2014-03-11
2cbfb7f0f9f1ae1643828c2f4f0b7407,Sandra Haddad 9,Australia,1,2016-03-02,2016-03-02
3196716c3409f0d9cefefd297c4e07a5,Sofia Rivera 12,India,1,2015-08-02,2015-08-02
9100cade254fa6a1ce06996bea5536ef,Wei Garcia 19,Netherlands,1,2019-10-27,2019-10-27
a64e069922969c98a34c6bddbdbdbe78,Yuki Carter 18,United States,1,2009-01-15,2009-01-15
fb0a524f499b56d6e0c918309cd65439,Anthony Jones 15,Norway,2,2017-02-05,2017-02-05
c651a0e743b8c6ef90acd62b8222e619,Charles Williams 14,Thailand,1,2019-02-07,2019-02-07
71588ff90d7393c56ac37f0f3f2ed818,Hassan Taylor 22,South Africa,1,2011-04-07,2011-04-07
c4b4e7c136b16216a5e8007a78eade66,Jason Nguyen 21,Indonesia,1,2020-08-25,2020-08-25
ef4d7d7d1a7230adabd038ea98e9824a,Kevin Harris 31,Hong Kong,2,2017-01-08,2017-01-08
820fd582067781f711a479d8c226e1bf,Laura Smith 2,United Kingdom,1,2018-09-19,2018-09-19
60f19ae487ee7dc7349de0b4f7781627,Matthew Andersson 14,United Kingdom,1,2008-08-29,2008-08-29
309f399282595a98969df6b135d3cf03,Mei Torres,United States,1,2015-08-06,2015-08-06
f2618e72df30c180b76824933312aded,Michael Harris 7,United States,1,2011-10-22,2011-10-22
5435081235522afe4f093eeea9624fcf,Yuki Chen 4,Austria,2,2022-11-12,2022-11-12
63aada6baf0568d033778bf00613f549,Amanda Andersson 15,France,1,2018-12-11,2018-12-11
d7d61378eee30214ee3e35574fc68a0a,Carol Young 14,Netherlands,1,2010-02-07,2010-02-07
4087ff6dbc76b40f3712eb27fdd51e60,David Green 23,India,1,2019-06-30,2019-06-30
529fc3ebaefe39e03579c3233f7c825c,Diego Hall 29,Norway,1,2015-01-28,2015-01-28
aada0ab4c59e6acb5f5ec0f66823b214,Emily Haddad 20,United Kingdom,1,2024-10-25,2024-10-25
54086f0687076af0a428bd49edbf8208,James Garcia,United Kingdom,1,2010-09-21,2010-09-21
9ecd3ecfeb276fb05c2451d96b6ead1e,Lisa Wilson 15,Australia,1,2014-01-03,2014-01-03
7d979aba7b95af964399abbc42326882,Mei Patel 24,United Kingdom,1,2014-01-12,2014-01-12
885e7e5cebf383408474b6d9d7ea5900,Michelle Tanaka 29,United States,2,2017-08-15,2018-07-29
2e7ae7f326665665fc184b61e93d2e0a,Priya Haddad 17,Switzerland,1,2019-08-16,2019-08-16
5c0d7c8e44f79f31d52d4b28d1c37749,Robert Baker 13,Hong Kong,1,2023-11-10,2023-11-10
cee170e2a38a75271c4950b11f03423a,Sharon Martin,Australia,1,2019-10-23,2019-10-23
85cc0db7544dff5a2ee74bf61c8576c3,Brian Tanaka 15,Canada,1,2015-03-01,2015-03-01
b0110b11dd1bac644d3bdf7c167c3344,Cynthia Mueller 6,Australia,1,2018-02-02,2018-02-02
2de2a698de418429c7bf9558cd5c8fd4,David Haddad 2,Germany,1,2014-01-10,2014-01-10
a12cf0367aad8719ff3c06d3927b472a,Henrik Lewis 3,United Kingdom,1,2016-10-19,2016-10-19
cb6e3cfb84ded59fb4f759bfb53fcb44,Henrik Smith 31,Canada,1,2019-06-17,2019-06-17
cfb49ec398eb3acc8f6689e588327e18,Karen Green 5,Australia,1,2014-11-19,2014-11-19
da577509cd94fd6cdf5bae70a574df05,Karen Lewis 6,New Zealand,1,2018-01-02,2018-01-02
7bfe7bfbc9efbedb4e7b2248dc2d7c15,Kimberly Lewis 25,United States,1,2016-02-01,2016-02-01
17c58f41926d2353238553773d100973,Kimberly Scott 25,United States,1,2017-03-25,2017-03-25
cb296649bcc4461c1847e7fd231defec,Kimberly Wright,United States,1,2011-06-12,2011-06-12
5c7d8adec3e4434616dcf893824f2159,Lisa Campbell 13,Canada,1,2014-07-30,2014-07-30
20c75997932d4c257550e4b4978cef18,Mei Anderson 28,United States,1,2014-11-19,2014-11-19
20438d2bcb53806dfaa4e90bdcaca9d4,Yuki Campbell 13,United Kingdom,1,2015-11-17,2015-11-17
ab9c6741892de31b887fbcf2f1349e26,Amanda Anderson,South Africa,1,2017-01-08,2017-01-08
2c4ee511892988b930abfa9ca23c4ec4,Anthony Haddad 19,Germany,1,2015-09-22,2015-09-22
55762ff73292803bebe0f759b9422530,Anthony Mitchell 19,United States,1,2014-08-02,2014-08-02
28dfb0235c5875992115c1608b70f248,Ashley Sanchez 8,Australia,1,2014-11-19,2014-11-19
31458601a03fcb58401b1e7808457af8,Carol Hill 26,Belgium,1,2025-11-25,2025-11-25
74e5bad1052bb4658f8897fef5fdd416,Diego Scott 22,Australia,1,2011-09-19,2011-09-19
68206e42ca9e5c12582969a3f3650145,Diego Taylor 2,United Kingdom,1,2015-09-22,2015-09-22
4a003cae08e4b87b9e80c77f88b63728,Edward Lopez 14,United States,1,2023-12-06,2023-12-06
a6aedd049d0c5c48e5ba8a0eae0af067,Elena Robinson 28,United Kingdom,1,2011-09-05,2011-09-05
edd0f90f9bbfa6833c6bd6ab55a9e0bc,Elena Thomas 19,United Kingdom,1,2014-01-12,2014-01-12
f2b78ddc80e8d22f60a41a14b6e2fd2d,Hassan Kim 24,Netherlands,1,2009-03-03,2009-03-03
d475004185a4026dcad71575f3a84011,Helen Taylor 11,United Kingdom,1,2015-01-28,2015-01-28
cb6ef22bb8385691abf6e0ed64068348,James White 19,United States,1,2023-05-15,2023-05-15
2307b4537cd759cf31c94f422472e6db,Joshua Garcia 25,Australia,1,2015-05-30,2015-05-30
8ea28903e7967a2ae19396874c842172,Karen Costa 28,United Kingdom,1,2016-02-24,2016-02-24
3eed7330a88dc62157de2572b24249e6,Kevin Adams 7,New Zealand,1,2015-03-22,2015-03-22
432477b1c0b88dd2e1411f3d280e3731,Kevin Mueller 30,Austria,1,2016-10-22,2016-10-22
ea58eb34d82a865d2de8da31f9060d56,Mei Mitchell 24,Belgium,1,2010-01-11,2010-01-11
cc94dbf70461d842204873ef8e285fe0,Nancy Moore 6,Australia,1,2015-01-27,2015-01-27
f3369ed282e7e0ac301fff2d402b91be,Nancy Scott 3,France,1,2011-06-05,2011-06-05
ba5616f3bbf65e86dfaa5816b11b20a2,Raj Tanaka 30,United Kingdom,2,2016-06-09,2016-06-09
214985071dc19291181be1d71bb32399,Steven Thompson 30,United States,1,2016-06-09,2016-06-09
f3f412dd0de1847192c7d3b911b1d18a,Wei Chen 30,United Kingdom,2,2015-02-21,2015-02-21
4135cc17a356edddc85c14bb69c107d7,Edward Jackson 7,Australia,1,2015-12-22,2015-12-22
991e7001f5886919edad911000951e9d,Fatima Schmidt 24,Australia,1,2015-03-22,2015-03-22
6a8afcfe9a78f23aec715438775af2e6,Michelle Green 8,Canada,1,2023-06-15,2023-06-15
4b72983648991c63821ea34f8ec7c23f,Ashley Walker 4,Canada,1,1970-01-01,1970-01-01
89ca7d792e0c5f1c79de742bea8b42c6,Christopher Tanaka 18,United States,1,2015-09-28,2015-09-28
30c6b907bfee77a89ff3daeef32bdcab,Hassan Kowalski 7,Belgium,1,2018-02-12,2018-02-12
69aebccfa96e821b0ec2dca3b7e388b4,Henrik Davis 18,Australia,3,2014-01-06,2014-01-13
3f46834071fdf93f5a7b799705b9dde3,John Moore 15,New Zealand,1,2017-02-25,2017-02-25
a4de31b4d71e17935f886a658da55ae8,Mary Hernandez 27,France,1,2019-01-08,2019-01-08
68707f4e9a0c67aebf8ae49685766a1e,Mary Lopez 18,New Zealand,1,2013-01-22,2013-01-22
6b35ed66224655224d5680e5f1eeb9b8,Matthew Ramirez 3,Australia,1,2020-01-08,2020-01-08
ec03770301b7940f5ed8fe43914f3914,Robert Hill 29,United Kingdom,1,2017-09-05,2017-09-05
91651968ec1f92061dcce9e269814386,Sharon Okafor 24,Canada,1,2018-08-18,2018-08-18
611a41f2b76ef1be784cb20108899586,Sofia Baker 4,United States,1,2014-01-06,2014-01-06
56895a05a99f6a5e596b73ae2e160a87,Yuki Williams 5,Australia,1,2023-09-03,2023-09-03
d0a3cd5078483ed6df39e3eca66e6443,Anthony Adams 19,United Kingdom,1,2012-12-24,2012-12-24
85ff168d0e31fad75fd5201d65b98860,Carlos King 17,Australia,1,2014-01-13,2014-01-13
4e12bb77142ddc2b1e8b0c9a4105e830,Emily Jackson 20,United Kingdom,1,2018-08-15,2018-08-15
1d525f2fd96b8356d18925b7d3b4dd11,Jason Tanaka 21,United Kingdom,2,2013-10-11,2013-10-11
9dfad62cebeae249d5d0d4531c9c92f3,Kathleen Costa 11,United Arab Emirates,1,2010-11-20,2010-11-20
1ac78974e2a0a326ede0403d857352be,Kevin Davis 17,Malaysia,1,2016-11-19,2016-11-19
7d19d3735c47527eacfee5dd82fd2263,Matthew Hall 31,United Kingdom,1,2018-04-01,2018-04-01
3d5bd3d9898e39bc7435f34a71f5bc16,Mei Ivanov 22,United Kingdom,1,2020-02-08,2020-02-08
2eab93cdf5e8c09b940b2424902f4554,Mei Wilson 18,Netherlands,1,2020-04-19,2020-04-19
74ad513e5746113f4a070a26deef4042,Patricia Roberts 25,United States,1,2018-03-02,2018-03-02
5bd1f43a1de45b98b093a92994ca4213,Raj Roberts 2,United States,1,2026-01-27,2026-01-27
09f000e60088a2625cc6ce356f917f61,Anthony Nguyen 13,United States,1,2015-11-30,2015-11-30
39b692339ad094b8e8206cc9b594e612,Ashley Torres 28,Australia,1,2015-07-10,2015-07-10
e4830c135e2effb83696fbdd8df74818,Brian Wright 26,Australia,1,2016-12-18,2016-12-18
cac16c0498032287a3398b556a2580a5,David Chen 29,United Kingdom,1,2015-09-10,2015-09-10
dac9020e03b02eca49a4872a4b35ced3,David Nelson 12,New Zealand,1,2017-01-25,2017-01-25
b19f97dcc81d432d66b2bf8613cb6790,Eric Ivanov 26,Australia,1,2010-10-22,2010-10-22
1adfc79a4290f8ba175beab4116d38ee,Joshua Taylor 18,Singapore,1,2013-10-24,2013-10-24
f87023bfe328a302377aa1ce04dfe855,Lars Taylor 16,United Kingdom,1,2008-11-04,2008-11-04
f4a01450b30dabb44cfab7cbe6fef447,Mark Flores 16,United States,1,2015-11-13,2015-11-13
9277d43c9aab90fba9e05a9da1b728d4,Mary Gonzalez 25,Brazil,1,2009-12-14,2009-12-14
ccbca681db8a2a0face601c6b6c1e51c,Priya Lee 5,United States,1,2014-11-19,2014-11-19
f58312d10ef7d0f866ad63c87c32d4a4,Raj Singh 26,Netherlands,1,2016-08-22,2016-08-22
3a99ae3f23032edcbcdc64dea0385e80,Rebecca Martinez 11,Thailand,1,2017-05-03,2017-05-03
4764dde21d87c31568087a28d0cc1b6a,Steven Singh 3,United Kingdom,1,2016-01-06,2016-01-06
517ceaaf5ad4a04a437b11ea42888b21,Anna Wilson 4,Austria,1,2009-02-07,2009-02-07
f60a839a73c4600e41e5887ed42bd5ec,Carol Ramirez 22,Singapore,1,2014-01-13,2014-01-13
375331d6c13897e32ac904a6fb1159e2,Fatima Anderson 19,United Kingdom,1,2017-09-28,2017-09-28
3db1ec8d17fd0379eb4ea943ef2dd389,James Green 5,United States,1,2019-12-25,2019-12-25
95721d2d5ff556781383b6561f2780cf,Jason Moore 16,United Kingdom,1,2015-12-20,2015-12-20
a02de98520c32a5e1b3dc72c461c325a,Jennifer Patel 15,Australia,1,2015-08-12,2015-08-12
12e04f7c438c818cf1a7701492016b5d,Joshua Smith 24,not all,1,2014-07-24,2014-07-24
157d7623c2a83056affd53f5e8936fd6,Kimberly Davis 9,Brazil,1,2014-11-19,2014-11-19
a344dafe2a3e5ede27a422118ee50265,Lisa Andersson 11,United Kingdom,1,2014-08-12,2014-08-12
b9ef4480e196906518ea8e4ef3b95f51,Priya Adams 8,Canada,1,2016-01-27,2016-01-27
b0d95f85bcf0f28a719991c2337b7b3a,Rebecca Tanaka 24,India,1,2021-08-29,2021-08-29
f11ab2680b7b2fbc85e9f3e0499470f0,Yuki Rodriguez 27,Finland,1,2019-10-16,2019-10-16
4a6e58c19d841d1908af50600f410627,Andrew Nelson 18,Australia,2,2010-01-11,2010-01-11
cdf4973f6b51d6b2724704f90f464d02,Ashley Hall 15,Australia,1,2008-08-26,2008-08-26
12311bf2ba0209e1d04118c5d645a0b7,Eric Patel 5,United States,1,2010-02-13,2010-02-13
03a22f3d7c7dd58ba9d7bed1ac523db6,Hassan Anderson 26,Australia,2,2018-05-10,2018-05-10
f70488f04a0e64cdbefc8ba0aa3f4cf7,Hassan Young 2,United Kingdom,1,2011-06-10,2011-06-10
239bbd1e1584c35eae13c4ba89f5ed79,Helen Schmidt 29,United States,1,2019-11-21,2019-11-21
3b4f54fb2a693b07611e74fbd0e382f0,Mei Thompson 25,United Kingdom,1,2011-06-05,2011-06-05
3a65e88c9d501df9127e6ae2b7d3b951,Michael Walker 16,United Kingdom,1,2013-04-20,2013-04-20
979f35195c8befa2e57d27b0b6b9b2e7,Brian Hernandez 5,Australia,1,2022-07-05,2022-07-05
2d550168af73fd7ebeae37a7b8e87a61,Brian Schmidt 7,Austria,1,2009-09-02,2009-09-02
1a0f872859084844b09df7b52512f43b,Carol Campbell 8,United States,1,2011-10-22,2011-10-22
9dac2adfe5df92b79b99ab4d5000dde1,Christopher Jackson 26,United States,1,2015-10-26,2015-10-26
e0335cd023ddcebe260dab90165457cd,Cynthia Adams 14,Denmark,1,2019-09-18,2019-09-18
c5756d6b5d339dde4632653712a33200,Daniel Sanchez 7,United States,2,2014-03-03,2014-03-03
50eed872f4bb7a503e75d6870b44ba64,Diego Rivera 13,United States,1,2014-03-11,2014-03-11
311e977f9c96d1f466174542ea877466,Elena Rossi 6,United Kingdom,1,2019-10-20,2019-10-20
6e9a06e364097f3a7bf645fff60d2a4b,Emily Perez 30,United States,2,2016-05-01,2016-05-01
516b2cf90b533e8c984c29ea7258dd29,Fatima Hill 14,Australia,1,2015-01-28,2015-01-28
dfef4aa1b8940f39c20e506cc85398aa,George Tanaka 26,Germany,2,2026-02-08,2026-02-08
7b7297adaacec7df03e02ec11df7da53,John Wilson 17,Canada,2,2015-09-22,2015-09-22
c2c76cc9c0c009fb64e8d119a34d244e,Kevin Carter 13,Denmark,2,2016-12-01,2016-12-01
ac43b0dab70f12196acad7e88520bd20,Laura Rossi 26,United Kingdom,1,2023-05-27,2023-05-27
e657ae84c07e5d2e3943b0a0ee9eb5af,Mary Scott 26,Singapore,2,2019-02-06,2019-05-17
2b3cdefa63c0f9e304375d367054e517,Matthew King 18,United States,1,2020-02-16,2020-02-16
a933356dd60344b52152b0013222437c,Mei Nguyen 9,Mexico,1,2017-03-28,2017-03-28
ed47b7974da2ac708a6950260963b049,Patricia Hill 17,Australia,1,2018-05-30,2018-05-30
947c2cb4b9aa1088b5a459100238bf41,Patricia Thomas 19,Germany,1,2025-11-01,2025-11-01
7b80a6b9f192a8ab8558251974b07b41,Robert Perez 5,Canada,1,2025-12-17,2025-12-17
2c6e1dfa54fcf2d4b5971272d2c9de64,Sandra Jackson 9,Malawi,2,2014-01-10,2016-05-26
5c89052641455c7bee0cb0091b6048fc,Sharon Kowalski 9,Singapore,5,2016-07-25,2019-12-02
6c82ae2f46cce5f07ab2ace5590a084e,Sofia Wilson 12,United States,1,2022-03-29,2022-03-29
99cef4f6fcae4e07c520dfeb20ccd3f9,Aisha Ramirez 5,Italy,1,2026-02-16,2026-02-16
36a801938f19e028af6771959d9cdd88,Cynthia Walker 30,United Kingdom,1,2015-08-18,2015-08-18
3cd1502accc6e408817c369e1eef89f9,Daniel Patel 23,United Kingdom,2,2020-01-15,2020-01-15
fad55c9b3d785dffd9e852e5e7f0f8d8,Eric Harris 19,India,6,2020-04-18,2021-08-14
8c3fd5a14a599706d32c08831e88a6ab,Eric Lewis 25,United Kingdom,1,2015-07-27,2015-07-27
49bde9fab1e8171f75d2470b75a7f888,Fatima Young 9,United Kingdom,2,2017-09-06,2017-09-06
85ca03d8d3efcf96a057c1e73d4e3589,Kimberly Schmidt 6,Austria,2,2009-01-13,2009-01-13
d9e88f617b5190a8ebe81b189a195496,Mary Andersson,Poland,1,2019-11-25,2019-11-25
5f429f3d8b8b2601f0669b6134f6068d,Melissa Kowalski 8,Australia,3,2015-08-06,2015-11-10
41ae686a52adf805180e4eaa86c1c84c,Michelle Lee 27,Australia,1,2016-08-28,2016-08-28
07c8fb27a39cfb7bc35d0be3373e8873,Nancy Robinson 15,United States,1,2008-08-13,2008-08-13
4753f78a1494161366ca80970bf62439,Paul Jackson 8,United Kingdom,1,2015-09-08,2015-09-08
6e6f4f2e4a08a7902d40a128bb9e97b3,Ronald Rodriguez 13,United States,1,2015-05-29,2015-05-29
74bf09deefc52cc364a08850e86f45bf,Steven Andersson 19,United Kingdom,1,2015-10-25,2015-10-25
d02b4cb89099a1648fe019afca718f86,Amanda Smith 24,United States,2,2014-10-27,2014-10-27
8db6bfcb49a3c3a004e2753cc47a0b8d,Andrew Jackson 22,Singapore,2,2014-11-19,2014-11-19
bbe5bacefcc019d1f8082e3ad0cec1d0,Anthony Wright 27,United Kingdom,1,2009-11-10,2009-11-10
e5aa6df24c119c474bbeed42cb5e5c52,Brian Clark,United States,2,2017-07-18,2017-07-20
becaf3cc54d181ba18ecfc02fb4a0b9c,Carlos Rossi 3,Singapore,2,2024-07-06,2024-07-06
9346df44c019768f123a3fc918c5db14,Carlos Rossi 30,Australia,1,2024-01-04,2024-01-04
aa99e35285d4a6b095c772f3001095eb,Diego Kim 19,Spain,1,2012-09-17,2012-09-17
8ed6724f367711e137bb3ea6ba8ad4b3,Diego Martinez 25,United Kingdom,1,2016-03-07,2016-03-07
d9f5c0a3f263563dec9c98b0e06b8d86,Edward Thomas 2,New Zealand,2,2013-01-01,2013-04-25
4459b01d8d9ec427f8171820fcd1ef74,Eric Allen,United States,1,2015-10-15,2015-10-15
98bc06ab7f1e7e4222e4e8f847a78403,Eric Torres 7,United Kingdom,1,2017-08-07,2017-08-07
a6db234b8d12eb20d29344c5fb18fdee,Henrik Young 15,United States,1,2015-07-28,2015-07-28
4cf5d1d967382a27998caa48635b5abb,John Young 18,New Zealand,1,2015-12-28,2015-12-28
bb5af7e4447836c1f0c73299bc765553,Kenneth Jones 16,United States,1,2019-05-31,2019-05-31
93424b98f2bf8ed1650ce645e6bed681,Lisa Mitchell 7,United Kingdom,1,2015-12-01,2015-12-01
0b23de40b4a60a66e372cec0937dde2e,Lisa Wright 9,United Kingdom,1,2015-07-27,2015-07-27
c65d49c0781af711366b5e77763db601,Mary Williams 24,United Arab Emirates,1,2014-03-03,2014-03-03
2e21b462529173dc147308b8a481a81c,Michael Robinson 14,United States,1,2019-11-08,2019-11-08
2a47200c321f8b134fbec6ab033ca334,Patricia Andersson 30,United States,1,2018-06-03,2018-06-03
4acd8d1b32898394a0d079154ef816bc,Raj Schmidt 8,Australia,1,2011-05-19,2011-05-19
37fd8fc9f2bbf94a261376b493f242fd,Robert Hill 26,United Kingdom,2,2017-01-23,2017-01-23
0e4f263e0cdc048009a1a36deedc3134,Sharon Flores 8,Australia,1,2015-08-02,2015-08-02
6411535bdb9d54d0276ef6746eca559f,Susan Okafor 15,Singapore,1,2018-11-16,2018-11-16
70db7703b9d41d53efa08f079b19f9d8,Yuki Thomas 29,Canada,1,2011-09-04,2011-09-04
a99293fc184b8273a13063e186c8f415,Andrew Wright 24,United Kingdom,2,2016-04-23,2016-04-23
22baf6c8b2d2fbe55ee77494fe54749a,Charles Jones 30,Canada,1,2019-10-20,2019-10-20
7cc7ea529dff7bc99d6c98788b68db00,Daniel Martinez 13,United Kingdom,1,2015-09-29,2015-09-29
532739a7b6d84a388d2af2cee131719b,Diego Wright 15,Thailand,2,2015-07-03,2015-07-03
8077ca247fb5ffe869dda78a1b7b90c6,Edward Ivanov 4,New Zealand,1,2015-10-11,2015-10-11
69e18ea2b4b6abc550cdbf80ba1546aa,Fatima Hernandez 27,Australia,1,2023-11-18,2023-11-18
9fa64836a7773bd19a2fba40c770dcd0,Priya Kowalski 19,Malaysia,1,2017-02-15,2017-02-15
a9e9b5880d0a174a4065a602e6a2a75e,Robert Thomas 3,Austria,1,2014-01-21,2014-01-21
2e38dd887af74b6cd08d1a24ddc790a7,Amanda Martin 8,United States,1,2017-11-29,2017-11-29
121bd11608ed7d712006799cbb0d22e0,Carol Chen 20,United States,1,2018-08-29,2018-08-29
ba509a53d381789e1f0c41acef91019c,Cynthia Nguyen 24,United Kingdom,1,2011-04-06,2011-04-06
87a1f6693e2d122a9d3bdb1688928b45,Diego Green 24,United States,1,2019-03-03,2019-03-03
4728c2e9763de619bbc6ded976d816f4,Diego Roberts 3,United Kingdom,2,2008-12-24,2008-12-24
89fac735f872e9fa75b9cf48320edb51,Donna Lee 16,Brazil,1,2014-11-19,2014-11-19
e00c79ed7be113418d3e31e96777db15,Emily Chen 5,United States,1,2013-01-18,2013-01-18
f0d0966b201b140fdfd36677a15ec9f0,Hassan Hall 30,United Kingdom,1,2016-08-10,2016-08-10
503d32df38a7de389863cda28109a676,Lisa White,United Kingdom,1,2010-07-17,2010-07-17
52b79e6a17e6a4ae02eded2f5128ea53,Mark Mueller 31,Ireland,1,2015-09-27,2015-09-27
2a3d878c3df84de0ede59aa43bbbb17b,Nancy Scott 27,Australia,2,2020-02-12,2020-02-12
9d1eab2b2f6d023cc117f727a7c64f2f,Patricia Singh 10,Uruguay,1,2014-01-10,2014-01-10
ad21594e1c04c4ad149255781e284a78,Sarah Hall 23,Australia,1,2008-12-20,2008-12-20
58878b5e076dbcd700fbd4ee661c0250,Thomas Lopez 22,United Kingdom,2,2018-02-25,2018-02-25
21b4a438129da92a9bb55ef90ab5e1a8,Daniel Miller 21,United States,1,2016-01-20,2016-01-20
ac32df132ca11c31221423f8a91f3d2b,Henrik Schmidt 7,United Kingdom,2,2015-01-27,2015-01-27
4ad179d4b1f52b3047e5e8fed6b0b7d7,Lars Mueller 26,United States,1,2023-10-13,2023-10-13
4ba13a6fae909f5716569cb20f390655,Linda Lopez 6,United States,2,2009-12-04,2009-12-04
151a53d347990372bc7d7f598d26e918,Linda Walker 8,Spain,1,2018-05-29,2018-05-29
6b3df9f772d0339667c7157d79c669e9,Mark Nguyen 8,Canada,1,2016-08-14,2016-08-14
f1769961b217e340bb7f585423afd965,Paul Carter 19,United States,1,2016-08-22,2016-08-22
b39acce6da4d3f9d3fd91b4d4b737c61,Priya King 6,United States,1,2015-10-06,2015-10-06
f161081ffa2cad43030c70a1ae5ae31e,Sofia Smith 15,United Kingdom,1,2014-01-13,2014-01-13
6ef8c33c45f81b1921fe6dd384dc8719,Stephen Miller 2,United Kingdom,2,2014-10-27,2014-10-27
c46e3fc93347ad6304cdc6f7168cf2c7,Aisha Sanchez 15,United Kingdom,1,2011-06-06,2011-06-06
25655e560ea85020412a5ebbeb02f82d,Cynthia White,United Kingdom,1,2015-08-18,2015-08-18
7ab08512b21824734997a4f461b9be1f,Daniel Scott 8,United Kingdom,1,2010-12-05,2010-12-05
c489b016c0e39362dbcd1d5c576d95e4,Diego Allen,Germany,1,2014-08-05,2014-08-05
012a3470f95b681a9c2814ff5aee0329,Diego Garcia 16,Bangladesh,1,2017-05-30,2017-05-30
c32ccc0a72166dfe23db737b7b37bc44,Emily Kim 30,United Kingdom,1,2011-08-10,2011-08-10
a61c801f47420d2773c20973c245be6c,George Haddad 10,Australia,2,2019-04-28,2019-04-28
23cfa5491900a37dac8169756d3cce4d,Ingrid Garcia 25,United Kingdom,2,2016-07-24,2016-07-24
29eb9abd092497b7fc4df55df3f9c7cb,Jason Mueller 18,Australia,1,2016-02-22,2016-02-22
b8149629fc7cf1ef60f9f6fb0cb4c50c,Jennifer Miller 27,United Kingdom,1,2017-04-01,2017-04-01
f53158cf9ed12a8755b72d020484340d,John Martin 13,United Arab Emirates,1,2019-02-01,2019-02-01
30bbc8cdfb3b7c66d3c213b5a9f7ba51,Joshua Patel 14,Ireland,1,2013-04-20,2013-04-20
85122d157fecd65421b3ca288ca66653,Kenneth King 28,Saudi Arabia,1,2010-12-15,2010-12-15
8b8c932072c73939bddd7aef341760db,Mark Petrov 19,Netherlands,1,2015-03-29,2015-03-29
0a08726ba5e9ab539c76b6e2744c01f7,Melissa Perez 13,United Kingdom,1,2015-11-17,2015-11-17
4140752d281876c3f9e2a8d473e649c3,Patricia Williams 21,Australia,1,2014-11-19,2014-11-19
6a868c297e2188401be7e14cf15f465e,Susan Carter 8,United States,1,2023-04-09,2023-04-09
bdf62bfd4f447fdbb7a960e835ccf60c,Cynthia Carter 6,Hong Kong,1,2016-07-11,2016-07-11
64ebafdb2cdd18914bf05a14fcb0012b,Cynthia Perez 23,United Kingdom,1,2008-11-11,2008-11-11
70de3764a3a417f966d11b2bc4de267e,Elena Taylor 21,Netherlands,1,2019-10-20,2019-10-20
d7f4829ad3f79e2cf08e8a13d611a52d,Fatima Thompson 30,United States,1,2014-01-13,2014-01-13
a6bf59ebc890df601b1814ca959a95f7,George King 9,Italy,1,2018-01-28,2018-01-28
45d43bc186ee4d274d23acd69c4d3e3b,James King 15,Canada,1,2024-06-04,2024-06-04
db276a1b78258f74f944245479ab4217,Matthew Taylor 2,Australia,2,2016-04-21,2016-04-21
ab1259a79b759c06611c5ac2b02d120b,Michelle Anderson 23,United Kingdom,4,2015-09-14,2015-11-21
0264341f36957c0fa6594cb1e928668a,Rebecca Tanaka 18,Dominican Republic,1,2024-11-04,2024-11-04
5f071d3b27d4cf82f0b3ca94b3fbaa5e,Stephen Thomas 24,United States,1,2014-07-25,2014-07-25
fbdcf54769a72010fa51bd6f6f75ddd6,Thomas Andersson 17,United States,1,2019-02-07,2019-02-07
b300c3ec2685c21e9c3aeb2b6e1cdd63,Brian Walker 5,Canada,1,2016-01-31,2016-01-31
638b0bcc2374d5e4b03ae9afe01ae3ca,Carlos Singh,United Kingdom,1,2008-12-10,2008-12-10
30179f7b1f3836a90ed0de434b16dc10,Christopher Young 7,Canada,1,2015-07-29,2015-07-29
f3bb5184ba027a408a0cb422a4d4b51a,Ingrid Adams 8,Italy,2,2011-04-05,2017-04-03
6dbc95db0ae1b9c1ac8b40af3efe7c3a,Ingrid Nguyen 14,United States,1,2014-11-19,2014-11-19
44a90eb05dd403678665dc60dd289401,James Wright 9,Japan,1,2019-09-04,2019-09-04
5dc5d6bfa81d33b0ce60c8b47c6c518b,Jason Schmidt 2,Ireland,1,2008-11-06,2008-11-06
e790968ab594a635745997a4ed831d15,Joshua Ivanov 2,Indonesia,1,2016-07-18,2016-07-18
4088dd254e63f13e6dbcbe97be59a287,Matthew Costa 31,United States,1,2016-04-19,2016-04-19
16b528f18071c8a9c781cefff82e516b,Mei Costa 23,Australia,1,2014-01-10,2014-01-10
a943075837ed679602c9ba44d9deb26a,Priya Thompson 18,United Kingdom,1,2023-07-22,2023-07-22
c75169966e6cc87688e1aa06aeb58faa,Sarah Campbell 15,United Kingdom,2,2014-08-02,2014-08-02
1bfe903203fe652914fe9ca3dcd58aa4,Andrew Moore 8,United Kingdom,1,2009-03-03,2009-03-03
010fad5264ed7ae6b6fef9e127079a08,Andrew Wright 11,United Kingdom,1,2014-07-23,2014-07-23
cbef51372c0e00c231c03087da64e907,Carol Kowalski 22,United Kingdom,1,2017-11-01,2017-11-01
d5352f830993dfa01e224615d2391af0,Daniel Hernandez 3,United Kingdom,1,2011-10-22,2011-10-22
7a7fcf31c3ccf8a73be22396fef0faa8,Diego Perez 7,United Kingdom,1,2016-03-30,2016-03-30
efc3fbc7b8f3ed772c464887e77c3610,Donna Hill 15,United Kingdom,1,2016-08-09,2016-08-09
2d333969d567129c8d57b82307dfeb3f,Edward Nelson 6,Germany,1,2019-01-02,2019-01-02
0eb2bf7ce8f8619021f8face7e92389d,Hassan Mitchell 10,Spain,1,2018-12-03,2018-12-03
24c41342e986876efd9253c8ce045ae4,Kenneth Martin 22,United Kingdom,1,2015-08-06,2015-08-06
d0a7778297143025f69e2852a5fa8c9c,Linda Carter 15,United Kingdom,1,2011-07-28,2011-07-28
5763fd6766f41fcd38af3de77f373a1d,Matthew Anderson 18,Switzerland,1,2025-03-16,2025-03-16
9a9c203a05c2f22dde80e2349afdad65,Mei Perez 7,Netherlands,1,2019-10-09,2019-10-09
ca1831a6241993745a1a191ced3c1360,Raj Anderson 18,Singapore,2,2011-04-06,2011-04-06
b5ef46eeb03c86094ce605322b119e41,Robert Moore 19,Netherlands,1,2009-11-10,2009-11-10
cd41004485a08e38ebc9df18457a531d,Ronald Thomas 19,Spain,1,2013-01-18,2013-01-18
56665eee48986cc6dd75967af296d04a,Sharon Haddad 3,United States,1,2015-11-03,2015-11-03
c4d02e5c86d8d67db037eaf2af5ea04c,Thomas King 25,United States,1,2019-05-27,2019-05-27
a9bd0643f1274a2c8655ea58e3f92b52,Amanda Nguyen 25,Australia,1,2011-07-28,2011-07-28
e16c1f76616bbfff31be9b7408712252,Ashley Clark 18,Germany,1,2018-08-11,2018-08-11
56ad2ee1255322abe1eee952d6aec870,Eric Scott 29,United States,1,2017-07-20,2017-07-20
3b936e4bef6f6f771cfd2057a6a2dae1,Lars Gonzalez 6,Canada,1,2017-01-07,2017-01-07
4eec5e728c2cba94aedb49fca283ca82,Patricia Flores,India,1,2016-07-26,2016-07-26
20f57523c5e90a32fa74f54b37bbcce9,Wei Jones 12,United Kingdom,1,2015-01-28,2015-01-28
25898f692c257b491704be3b7b562fdf,Aisha Rivera 16,Argentina,1,2017-05-17,2017-05-17
f445057c1c3e97766d9867866e853bfe,Andrew Mitchell 4,United States,1,2017-05-26,2017-05-26
2c5d0ff704897859823c25a888cde17a,Carlos Adams 8,United States,1,2018-01-21,2018-01-21
639d2800c07f3ddde0a87ac06e21f387,Donna Davis 14,Australia,1,2015-01-28,2015-01-28
416f015be2cfbba7e57252802d34c489,Donna Petrov 19,United Kingdom,2,2019-03-16,2019-03-16
429bdeab028d1f336961190f934e63fc,Fatima Costa 16,United Kingdom,1,2020-02-12,2020-02-12
30b4b05bc5d57e353a6df58fc1bba8f9,Jennifer Okafor 2,United Kingdom,1,2015-08-26,2015-08-26
4275f535b915931c2c0bff958a4b70cd,John Nelson,United Kingdom,1,2015-03-29,2015-03-29
561b4206c9936d56922976cabbbcee4d,John Tanaka 14,United Kingdom,1,2015-09-20,2015-09-20
443170ae4689e251239f0eeceff0d69a,John White 31,United Kingdom,1,2019-10-13,2019-10-13
912e9095ae9413309f6c965204d98ce5,Matthew Davis 21,New Zealand,1,2015-09-22,2015-09-22
9cca658340562d8660da960ea3228bfc,Melissa Ivanov 6,Austria,1,2014-01-29,2014-01-29
17badfb892d4828de22b222fbcf66be4,Michael Young 29,New Zealand,1,2016-02-16,2016-02-16
1be60e48a23363df7459a7a0a059b683,Patricia Jones 13,Australia,1,2013-10-24,2013-10-24
e5f37e8e1fcbf3af6520dca19746c7f1,Sandra White 7,Switzerland,1,2017-03-12,2017-03-12
83ef57101a148d1f953b1c7445b5c053,Sarah Hall 5,United Kingdom,1,2016-01-27,2016-01-27
2e3933e25cb14a776c301ccbff0311c4,Susan King 10,Australia,1,2009-02-07,2009-02-07
19e56016720f3500d1c6106dbeae33a6,Yuki Haddad 26,United States,1,2017-07-11,2017-07-11
85711e4d6e1876e0f66b2494cdccbf29,Yuki Lewis 16,Singapore,1,2015-11-26,2015-11-26
21ad7c3d702ba676ee0bf9159ddf7ce5,Anthony Rodriguez 7,Malaysia,1,2017-01-14,2017-01-14
fddc456b78df6c6f11b6fa5232485b9c,Emily Scott 4,United Kingdom,1,2024-09-23,2024-09-23
b6c2762f543bf5f0b23c008ac2b2a4b0,Eric Young 26,United States,1,2015-01-28,2015-01-28
dad039cdbafd795829e7db0b28798395,Jason Johnson 6,United States,1,2023-04-16,2023-04-16
5d80effbd8816bad09adc19892020945,Priya Robinson 16,Malaysia,1,2015-07-12,2015-07-12
91a29a62d45ae1873e9f6f99f5ad42a8,Robert Kim 26,Switzerland,1,2024-07-20,2024-07-20
cf4c82589ed8dd4dec97d345ed8b6862,Sarah Jackson 11,United Kingdom,1,2013-01-18,2013-01-18
7797a485f3241fa90e4ddca31d43dc64,Susan Rivera 23,Belgium,1,2023-09-18,2023-09-18
675fd1fb653c1feae8d16e944dfdb80e,Aisha Harris 25,United Kingdom,1,2010-06-06,2010-06-06
3369871958f05becb2572af3f8623225,Andrew Lee 25,United States,1,2011-10-22,2011-10-22
c069e53e22de5b22962d837cde4b58d5,Hassan Chen 13,South Korea,2,2010-12-28,2015-01-28
d5844988a6ca1f5d1aec2d8413b19c96,Matthew Wilson 12,Taiwan,1,2022-06-28,2022-06-28
d049babc07fc8ad48f2d6cc191084f9b,Melissa Tanaka 30,United Kingdom,1,2016-05-22,2016-05-22
e230212e5c916852ed95452e76cf57b2,Sandra Clark 12,United Kingdom,1,2016-02-19,2016-02-19
92423fd7f98e05fa266106a5a10168f6,Amanda Davis 7,New Zealand,1,2012-12-24,2012-12-24
6736a96cd9924663066f55e35ea8ab60,Andrew Young 27,Canada,1,2017-05-01,2017-05-01
ab618f33367b182275ac4686cd4ae56d,Elena Taylor 20,France,1,2010-08-08,2010-08-08
59c6daea722f9c668e1ae163e8ebb397,Emily Andersson 10,Saudi Arabia,1,2015-12-29,2015-12-29
9fe171ad832a512818f1d5aac91f2f51,George Ivanov 7,Canada,1,2022-10-03,2022-10-03
400292d2f85023de9c7de7f955b3bc16,Helen Baker 14,United Kingdom,1,2017-07-23,2017-07-23
89734b3afde83059070e46ba2bbafe71,Linda Allen 18,New Zealand,1,2015-09-28,2015-09-28
6b5026ef84d6501d44d204968fb29bdb,Lisa Nguyen 6,Malaysia,1,2019-03-09,2019-03-09
487724110e91d7bfdd0408b4d455dabb,Nancy Sanchez 8,United States,1,2025-04-23,2025-04-23
716a1bd02046e783c44194bdc1a423a3,Omar Sanchez 14,United Arab Emirates,1,2016-09-19,2016-09-19
5e612fe45bee14976fb79656db2d1cb8,Raj Walker 28,Japan,1,2013-02-15,2013-02-15
b6d6da1c15505eb7c9feb6c1fae1033d,Robert Patel 23,United Kingdom,1,2013-01-19,2013-01-19
7db672c87f1d8e8fe111268d069dd8db,Anna Wright 4,Slovakia,4,2009-10-06,2011-10-22
0dcf391877fd2ee55d263c28057f80c0,Carol Green 15,United Kingdom,1,2014-03-03,2014-03-03
8cfdf818b6a87742e6c9f244e8298339,Henrik Thomas 7,United Kingdom,1,2017-08-31,2017-08-31
b2b70b4ec7e58484246884ab9d127081,Jennifer Martin 20,New Zealand,1,2015-09-10,2015-09-10
45e19e1bae2a7191cb22a263ba048960,Jennifer Nguyen 9,United States,1,2017-05-14,2017-05-14
8f8250974a74affca11d11aeacd9b5d1,Kimberly Gonzalez 11,United States,1,2015-08-02,2015-08-02
8c071cfa48c0a8d41b90bc4ec7149f34,Linda King 29,India,3,2016-05-11,2016-11-16
f67fbc03c0846c35a86bad4f42756de6,Melissa Haddad 20,Australia,2,2013-02-28,2018-08-09
bffbc6e283aca7319bf18bfb7a883499,Melissa Taylor 5,United States,1,2017-04-07,2017-04-07
03a4fe75017206ad1e3582bbd55e36bd,Nancy Ramirez,United Kingdom,2,2015-03-22,2015-03-22
c2040a28b7c860b49f607125e2dd7647,Priya Campbell 8,Australia,5,2019-04-01,2019-10-20
364c4e6f5acbe15c5ee2a78d73c1368e,Raj Hill,United Kingdom,1,2015-11-24,2015-11-24
8a37c375ef6ed6c4bf7ee34521801e0d,Sandra Rossi 30,Netherlands,1,2022-11-10,2022-11-10
7cab865677e1c59ee6d4a8e567f6d2f2,Sharon Williams 4,United Kingdom,1,2010-09-21,2010-09-21
425a1c347816cc0178932bd1ee7cad4e,Susan Brown 27,United Kingdom,2,2019-06-20,2019-06-20
63ee005772d74bb843cb6ced3f1b3fed,Thomas Thompson 24,New Zealand,1,2014-07-21,2014-07-21
f9d47929625b7c5c6e437aafb4c2f6ec,Amanda Petrov 26,United States,2,2015-12-19,2015-12-19
65c4f6c9110ee604664c31ddeb572caa,Charles Taylor 30,United Kingdom,1,2016-01-30,2016-01-30
420a9cf44175fbdcebf8902d4233d351,George Martin 15,United States,1,2014-03-03,2014-03-03
c63936310a74fe358181042cd91d328f,Hassan Martinez 12,Singapore,3,2015-07-13,2015-07-13
0160a87e0f42d3aa47c7a4ea92ee9ad3,Lars Green 27,India,1,2019-03-20,2019-03-20
bfb3b2ea4c4615439e6ad35e5a837aa6,Linda Allen 5,United Kingdom,1,2013-10-12,2013-10-12
e85c9fe786c0605578019243373e887a,Melissa Jones 29,Australia,2,2023-07-28,2023-07-28
d34486d1a6cd81716abdcc764c3b42a7,Michelle Martin 24,United Kingdom,1,2018-12-30,2018-12-30
632807c764a631add65c5aa85fb40c31,Omar Ramirez 20,Singapore,1,2011-04-05,2011-04-05
99da358ce03aaaf2c3bc49301c484dc3,Patricia Lopez 6,Taiwan,2,2017-08-08,2017-08-08
d3aa4e589b080683a7e5323f0fe97c57,Ronald Perez 22,Hong Kong,1,2019-08-19,2019-08-19
792c7184999127b5f6181a0e08407bd1,Sofia Robinson,Norway,1,2015-01-28,2015-01-28
3668d42f0bd21d058229980f08481a97,Stephen Ivanov 31,United Kingdom,2,2026-06-11,2026-06-11
bfd1651535385bb16cb3385cfeb0aadb,Yuki Kim 23,Singapore,2,2017-05-25,2017-05-25
8e4bc853db7fb10193046b11dd09144b,Cynthia Gonzalez 4,China,1,2017-07-15,2017-07-15
071ec0b1e985e716cd104d994cce6ee1,George Rodriguez 30,Canada,4,2014-11-19,2014-11-19
000c9af2b846f252c6d7c3c7864fcb45,Kathleen Campbell 19,United Kingdom,2,2017-02-22,2017-02-22
21494cd8e5b0e7da5320b5238e82d117,Kimberly King 4,United Kingdom,1,2015-06-17,2015-06-17
26111f475a479ee2225119be8e34e357,Lisa Rodriguez 31,Singapore,2,2015-11-04,2015-11-05
9dc8e7f9890273657c78461491a546bd,Mark Hall 17,United States,1,2013-02-15,2013-02-15
551629d8923c6883d4e8cfabe91bfb8f,Nancy Thompson 19,United States,1,2016-10-30,2016-10-30
6b66a6b2a136c796a4aaaa4072639524,Ronald Andersson 31,Malaysia,1,2018-06-25,2018-06-25
bfc0309193c39e1fe2c79c1077297b01,Thomas Robinson 31,Indonesia,1,2020-04-19,2020-04-19
9c4c609982c08f0f38d4d8917fc923f4,Anthony Miller 10,United Kingdom,1,2017-11-16,2017-11-16
041caba5b5cef0f610b179ec928f80b3,Carlos Clark,Australia,1,2013-02-15,2013-02-15
b5a37970a51ac946f43cd89ef3230c3a,Carol Harris 24,United States,1,2015-07-14,2015-07-14
cbc6ec19da05c8a1b93084ed23caa7f0,Christopher Carter 22,Hong Kong,2,2011-09-05,2011-09-05
9c903afa26385cf496409fbecd7ebd50,Donna Mitchell 10,United States,1,2021-11-16,2021-11-16
ad3ffec5726fc573f7bf26c9a0d9ea39,Henrik Brown 3,New Zealand,1,2015-08-08,2015-08-08
5b81bd1ce61f7b55c08df515c08cf841,Joshua Lee 20,Germany,2,2015-11-05,2015-11-05
ca5285974ca0dc8a79273495e39c60f5,Linda King 21,United Kingdom,2,2018-09-07,2018-09-07
7de075e8ac4d9b320a9b272b5ad57adf,Mark Hall 7,United States,1,2018-02-13,2018-02-13
7f06c326eb4086e2eb2c897785bfc2bc,Mark Martinez 24,United States,1,2014-01-06,2014-01-06
3a8e5cdfcc19fac4c51a450321be1f36,Melissa Mitchell 10,United Kingdom,1,2016-03-08,2016-03-08
9597d32a80aac9e2114641ff9dd9b1ef,Melissa Moore 16,United Kingdom,1,2014-11-19,2014-11-19
dc11f4563f2fefcfdf687ac724d5c501,Michael Carter 19,Brazil,1,2015-06-14,2015-06-14
2851bfdf15f605b5a6cb2ff23865f10a,Michael Lee 25,United States,1,2008-11-17,2008-11-17
876db510c05b5a23cba591cafb08fdc0,Michelle Harris 8,Australia,2,2019-05-22,2019-05-22
1abba53603c7b1a0873c1b440c414954,Paul Mueller 10,Argentina,3,2015-09-21,2016-07-17
e4d643cda0e54132e90a1f1d83a12eab,Robert Hill 27,United Kingdom,1,2016-02-28,2016-02-28
c55c7c7bad7a7c81e44898d16fb37bd5,Amanda Clark 23,United Kingdom,1,2025-06-13,2025-06-13
a3345fc74d140e7cdba1db6415eecee4,Amanda Hall 27,India,1,2017-07-05,2017-07-05
40183c20ee94beb2a4ba33f700133ab3,Emily Rivera 16,United Kingdom,2,2015-09-02,2015-09-02
6e86f79ae9ddc885b12839a8750068c3,Henrik Davis 16,Singapore,1,2016-01-18,2016-01-18
7a8450ac3b33d23e358b7aa490317abf,James Garcia 12,United Kingdom,1,2016-12-23,2016-12-23
029404d93173b31894d081ce504435bb,Jennifer Nguyen 13,US Virgin Islands,1,2015-11-02,2015-11-02
14bcdbbf4d73332b5802a896357589e1,Lars Hill 23,United States,1,2014-07-25,2014-07-25
81b50b7e9a570bf8b5c418f4432f18a9,Mei Kim 27,United States,2,2017-01-20,2017-01-20
0c0e6991e0b5a001e7f860a88be507a6,Michael Miller 19,United Kingdom,1,2016-08-02,2016-08-02
7207e5aacfc6bfc857b2a92b291ca6a4,Nancy Hill 5,New Zealand,2,2011-04-18,2011-04-18
0e66383d3d128362ee3f9d46a94d3dd0,Paul Petrov 10,South Africa,1,2014-11-19,2014-11-19
01c19aa7140b6f98413804df674a9438,Rebecca Sanchez 23,Germany,2,2015-06-21,2015-06-21
feb9c7846c1d10f25b100a46ea862222,Andrew Williams 24,United Arab Emirates,1,2015-01-28,2015-01-28
bb86a4e568e00f84600c1ad828f3588a,Anthony Gonzalez 4,Australia,1,2014-01-13,2014-01-13
6417516b541877d20ac43a950f4d4a81,Carlos Petrov 20,Finland,1,2010-11-22,2010-11-22
5746e31e5ac708b56c56e473b923199d,Charles Taylor 20,United Kingdom,1,2010-01-14,2010-01-14
038fcc56f602d9830ecddeb37ca458e4,Eric Lopez 27,United Kingdom,1,2017-03-30,2017-03-30
817ca2214bd50c918b500f9a09e8a7fe,Hassan Costa 20,United States,1,2009-01-13,2009-01-13
9c1ec383443f671df8c28f2d76cf9fd8,Paul Ramirez 8,Australia,1,2015-05-30,2015-05-30
b712fa40148304f260f6af705b5588e4,Ronald Martin 11,United Kingdom,1,2023-06-30,2023-06-30
c3b35735310f1510bab0fc0e02c00738,Sofia Wilson 18,Germany,1,2021-04-16,2021-04-16
bc81fbeaa5f1eb720c33c7ba77c9c65b,Steven Hernandez 13,Belgium,1,2019-03-09,2019-03-09
9df806731c12dfb4c374beb56f419871,Thomas Campbell 2,United Kingdom,1,2013-02-16,2013-02-16
85d7af021ce63286db66f96e8c7f9e20,Andrew Carter 5,Israel,2,2014-01-10,2015-06-14
f7e38f0d4058083eb9f8b783d9f97d54,Anthony Davis 2,Australia,1,2011-07-28,2011-07-28
faf5fba995d7ec23e3f08d5608172cd4,Diego Baker 3,United Kingdom,1,2015-09-20,2015-09-20
a148e3cdc1029d3ce4aebe0b0d75003f,Donna Adams 11,Germany,1,2026-03-15,2026-03-15
dbc226137605a4deecf9d907e4c19407,George Scott 19,Singapore,1,2019-02-10,2019-02-10
5b2b316d867260d03ee9486457cf656a,Karen Thomas 31,Canada,1,2016-11-13,2016-11-13
24acec91c862bea817a65235a1605186,Laura Singh 29,Australia,1,2023-04-14,2023-04-14
30d6a47d09855a065f73b7b0b82f2a22,Mark Young 25,Australia,1,2026-03-05,2026-03-05
fc98131e6d6a953d04db7c2105351699,Mary Rodriguez 26,United States,1,2015-05-29,2015-05-29
3211b71cd87f9469ace989297802a053,Mary Smith 20,United States,1,2015-10-10,2015-10-10
cf23ae868e6e541bbf262d7456d4e055,Matthew Miller 21,Jordan,1,2017-02-03,2017-02-03
eec0bebf7b028754a167d92c7b1321da,Raj Ivanov 3,United States,2,2013-01-18,2014-01-13
ce9f80a530db5f5fd15937f408b27ce6,Sarah Martin 9,Sweden,1,2015-06-03,2015-06-03
c345b72771a37ef8956c8416f6297e15,Amanda Garcia 3,Italy,1,2015-11-23,2015-11-23
3020f20f9256f12d8d764fdb77006d47,Amanda Johnson 9,Austria,2,2016-04-03,2016-04-03
f53382ff18c6f068fee57e4e8fdaf141,Diego Green 31,China,1,2019-01-28,2019-01-28
766877c9e54755d32d5871ac32c2714b,Jennifer Perez 22,United Kingdom,1,2015-03-22,2015-03-22
3ba34a7be76c370ed53dba17fdc04129,Kenneth Clark 27,Singapore,1,2017-02-15,2017-02-15
20ea8549c3e8a187852fdf5bdbed97fe,Kimberly King 30,United States,1,2016-05-23,2016-05-23
cf55a0f6903e2f52277b8983f13ebf7b,Laura White 21,France,1,2018-09-22,2018-09-22
aed17e8a90d895f7ff5cbe1f5d414ee1,Lisa Brown 18,Germany,2,2019-03-09,2019-03-09
95a5d63eb1bc25d0a056ffcf1ce7f9e9,Mary Nelson 25,Canada,1,2016-01-18,2016-01-18
c5ad94e467db9f26263fbf77ff7ef7ee,Aisha Singh 24,United Kingdom,1,2019-08-04,2019-08-04
fa85a281bfab188eaaa1400ae3b1db6f,Diego Brown,Czech Republic,1,2020-02-26,2020-02-26
9030b1027bb1e6d48bbe0db726c1c195,James Scott 22,United Kingdom,1,2010-08-01,2010-08-01
f93d30dc14223f32bda88e85314e3a35,Mary Roberts 5,United Kingdom,1,2022-04-06,2022-04-06
94f22d568e8b1a23c39c0ac8f5599dce,Nancy Costa 25,Switzerland,2,2008-12-20,2010-07-02
1d18e6a7a54e1817ed3cef9a4678cf2d,Sandra Johnson 18,Czech Republic,1,2014-01-17,2014-01-17
ad0e7fe75bfe43c66974e2eaa08ad125,Sofia Haddad 7,Brazil,1,2014-07-24,2014-07-24
08337c6802a262a602d21c2960bcf6bf,Ashley Robinson 31,United Kingdom,2,2022-12-20,2022-12-20
b4e5ad5fba115a9944a61ce562782a28,Carol Costa 19,Canada,1,2022-11-08,2022-11-08
74f9cfeda45bdc11679efd9c3fe5e1a2,David Anderson 24,United Kingdom,1,2013-04-20,2013-04-20
6739dbf56ef4c3bc6e9fe2cf95a2a8b0,David Nelson 17,Australia,1,2016-07-17,2016-07-17
617522f961e14a46b03606fcbf5f8027,George Taylor 21,Bosnia and Herzegovina,1,2021-08-18,2021-08-18
991476820a4fe9df885d2dd925d19722,Kathleen Martin 20,United States,1,2017-05-18,2017-05-18
0259e43a50a9cd57fbde097e4000efff,Lars Taylor 6,United Kingdom,1,2015-05-30,2015-05-30
4fde7a649873d194a9086316c83eed8a,Laura Brown 28,Australia,1,2014-07-25,2014-07-25
e760973b7372b657aa3fb2afd41ff35f,Mary Lee 24,United Kingdom,1,2012-12-23,2012-12-23
757d1a7bdafcc3906f0c3d31e9df7e13,Sharon Lopez 31,Netherlands,1,2014-01-06,2014-01-06
633c27e29d5e8732c65fe59d924cc3bf,Andrew Mitchell 19,United States,1,2013-10-12,2013-10-12
9d2d909e944bb66f0efbb084c786767d,Anna Hall 7,United Kingdom,1,2014-01-24,2014-01-24
a5882b1384bd77950df2c7b9df8bd782,Ashley Perez 8,United Kingdom,1,2015-09-03,2015-09-03
003787803154a8b0adea1b4c8f90b86e,Ashley Singh 31,Taiwan,2,2019-11-27,2019-11-29
800296a99786b6c50604c6a43c1437fe,Donna Patel 16,Singapore,1,2016-09-09,2016-09-09
f05c908911751d3ef77ab88c5acd2655,Ingrid Rivera 18,Myanmar,1,2020-01-19,2020-01-19
8c12dc2bcfdbb495157d0e5f38c05209,Jason Young 17,Indonesia,1,2019-08-31,2019-08-31
5f81f7d328a34cebf739c82a64675444,Matthew Hill 15,Australia,1,2015-01-28,2015-01-28
f8c262a49ab17130df145d06c3ecc7c2,Michael Lewis 29,Australia,1,2014-08-02,2014-08-02
db2c3fc3f13b46388826bf4ee60cffbb,Raj Anderson 12,India,1,2019-07-27,2019-07-27
b976b9d9e580ff49e6aa60c232557f73,Raj Singh 21,Hong Kong,1,2018-06-10,2018-06-10
29e6fb92accbeb50092a402e89467434,Robert Thomas,Australia,1,2013-02-15,2013-02-15
46a9700d5900553baf8a8effed6a9a84,Steven Miller 7,United States,1,2017-03-02,2017-03-02
5ec01ad9b22ec0467f0d80b66289925a,Amanda Williams 15,United Kingdom,2,2015-01-27,2015-01-27
8216695fb7dd77e83dd6ec3caab071e2,Anna Hall 20,Finland,1,2011-07-28,2011-07-28
e503be400956fb29da3db708950e7e10,Ashley Allen 29,New Zealand,1,2015-02-22,2015-02-22
eb2365be133b5e6c446ba1e0ac5a565d,Brian Martinez 3,United Kingdom,1,2015-07-23,2015-07-23
dc358293487536cd6cb265ffcb463c25,Diego Hill 31,United States,1,2021-08-07,2021-08-07
a4994cc65a87e6b56aba4ae6cbc65cb8,Edward Martin 24,United States,1,2022-06-08,2022-06-08
79539ad13f20cb4c131d29a5d87b80b9,John Nelson 7,United Kingdom,1,2011-10-26,2011-10-26
c15d9aa24014ac22391f423bac188b61,Melissa Lewis 15,Brazil,1,2019-06-13,2019-06-13
48dfc8785abac6b0869033ce86eb6331,Sofia Rivera 11,Thailand,2,2014-01-13,2014-01-13
3797f50f651050ed7d5737b81d387752,Steven Garcia 7,Australia,1,2019-03-28,2019-03-28
fa2dbe78604e0b51d0ffb98396f2b542,Christopher Petrov 30,United States,1,2014-07-25,2014-07-25
091525058eb6e1daa092f93aea854044,Cynthia Mitchell 5,United Kingdom,1,2009-08-14,2009-08-14
b468b9a2b157e39395eda0cf50f93c27,David Harris 10,United Kingdom,1,2016-07-25,2016-07-25
38c829386a26dba92cde5e932c752737,James White 16,United Kingdom,1,2015-11-06,2015-11-06
a029174f3f839c4aeba6c4b170872457,John Anderson 11,Ireland,1,2017-04-25,2017-04-25
4f8a1706c6fa17e5bde1fe08815845a6,Kathleen Williams 9,Oman,1,2014-01-12,2014-01-12
b57b11437deb963e0d2913197e8c5a31,Laura Schmidt 27,Canada,1,2023-08-16,2023-08-16
5af02744ede5e783d83c6e059cb8727c,Matthew Sanchez 13,Germany,1,2023-05-13,2023-05-13
cdcc9b22930fd237ddae85745cbc18cd,Melissa Wilson 27,United States,1,2014-07-24,2014-07-24
6e5ef2181022dc1308a536554ac347fa,Nancy Martin 31,Japan,1,2016-09-07,2016-09-07
23b0262f934eeb36bca3a328152c4e8f,Sarah Roberts 27,United Kingdom,1,2018-11-06,2018-11-06
34385df418564fe0300f304a7fe55711,Sarah Thompson 25,United Kingdom,1,2019-02-16,2019-02-16
45274f715f3389b23dc73d677af0e759,Aisha Nelson 10,Malaysia,1,2022-05-10,2022-05-10
a4088b5862e8276184f557b81d6f089e,Carol Jones 29,New Zealand,2,2016-06-10,2016-06-10
111cb7635bfa16d1efe0d069729c379e,Carol Okafor 2,Philippines,1,2025-09-01,2025-09-01
a6b3a0327a03a50aaf261b6090a69a48,Cynthia Moore 5,United Kingdom,1,2017-07-29,2017-07-29
fbaacb578349874fa7e0bf90df9d7345,Ingrid Hernandez 22,Mexico,1,2018-09-09,2018-09-09
80c31ea76cb62b08d96baefa14accb47,Jason Nguyen 30,Canada,1,2018-05-01,2018-05-01
ddecec74ed59a3a1c8692fd4fa80cc8a,John Taylor,United Kingdom,1,2011-09-05,2011-09-05
703bb5c3ac9c7ac4746175fadbe6a416,Karen Wright 31,Australia,1,2014-03-03,2014-03-03
c3241003fe1df1ba841dff4fb4b2b48a,Kevin Miller 26,Canada,1,2008-11-06,2008-11-06
584b6699c7f76e55191acf46459f7d05,Matthew Martinez 31,United Kingdom,1,2019-01-08,2019-01-08
063d8e9efa5baa61fb61e375c18390c5,Melissa Garcia 7,Australia,1,2015-11-21,2015-11-21
3399902ece8d35aad5ecefe665107099,Sharon Flores 29,United Kingdom,1,2016-01-07,2016-01-07
bb0c4e7aa61e7a0c6422cb64fee7f644,Susan Lee 14,United States,1,2008-01-04,2008-01-04
2234adf91d3bb37a257a0b3842cfdb6f,Susan Wright 26,United States,1,2017-08-15,2017-08-15
95fb77e700fe9048cbff73d6c23b747f,Wei Robinson 30,Australia,1,2013-10-24,2013-10-24
bb8b91654882fde7894d024182c707f9,Brian Lewis 20,United Kingdom,1,2014-01-12,2014-01-12
137536a6cce5ef29b5aeb9c4e840afdd,Carlos Jackson 7,United Kingdom,1,2014-01-13,2014-01-13
1b23edb2dd38842ed24795f36bdd0815,David Nelson,Oman,1,2021-08-31,2021-08-31
e14c14ebd2c5f8808bc071ff873dae66,Hassan Singh 30,United Kingdom,1,2015-01-28,2015-01-28
beccb6f56b142170fecd7111750af5c3,Jennifer Ivanov 5,United States,1,2016-07-17,2016-07-17
d4a5d3b6582afde6e54516607cfdd1df,Joshua Thomas 31,New Zealand,1,2023-06-06,2023-06-06
5cae9d8318b2c3504afe99cb16dd7ffe,Patricia Johnson 20,Canada,1,2016-10-17,2016-10-17
a096951d630c22d250b288e772e00fd0,Priya Nguyen 31,United Kingdom,1,2023-09-20,2023-09-20
bb438156e3a26d5546ca1db1df3b20c2,Robert Ramirez 23,Canada,1,2021-06-13,2021-06-13
9132083c16f2339d46cff44e1823852a,Sarah Wright 10,Switzerland,1,2025-04-25,2025-04-25
06343a2b6703ee10396f72880fc5e0aa,Thomas Harris 14,Norway,1,2008-08-20,2008-08-20
e0b25275d79bdb7b66d2df74091f0693,Amanda Nguyen 16,United States,1,2019-12-17,2019-12-17
4b7c9c17c772bfa3c56e2138ba36a19f,Anna Roberts 2,Australia,1,2015-02-09,2015-02-09
c56e6fc23b862f54b747a58d7d2671a7,Anthony Tanaka 17,Australia,1,2017-01-07,2017-01-07
0ba910c69348526c494896000f15b4e1,Christopher Martinez 24,China,1,2016-11-05,2016-11-05
ab54fd17edd780a975e9c92f182eabbd,Jason Lee 29,United States,1,2014-07-23,2014-07-23
ce26d6e0d941d8423bebd67bd23a2ac3,Jennifer Green 12,New Zealand,1,2016-01-17,2016-01-17
6b2909f8642ecfcbbb4134d24288baea,John Ivanov 10,Belgium,1,2017-12-16,2017-12-16
33aa49d1dc7c86d1c7fc9c83ff7bfc31,Kevin Hall 14,United Kingdom,1,2015-11-23,2015-11-23
8932713cefda8168b2183862ca102981,Laura Moore 18,United States,1,2014-01-13,2014-01-13
0180001023a2fb4386377d80a392680d,Lisa Anderson 7,United Kingdom,1,2015-11-25,2015-11-25
f28ffd85e31f841e7bc17289a729e67c,Omar Ivanov 26,Australia,1,2023-01-16,2023-01-16
36de3139ef41a642419690262b48b49a,Omar Mueller 14,Australia,1,2011-06-12,2011-06-12
3ddaa07f86a6024128037f15272ea519,Omar Singh 21,India,1,2018-05-21,2018-05-21
19511cc12d0124090bd97422f86c860d,Raj Scott 14,United Kingdom,1,2016-05-15,2016-05-15
bca7d16a2b754bbc36d18a3a6b13d77d,Steven Clark 18,Canada,1,2019-06-22,2019-06-22
ae2880ee782d3f1bf6e43ab375853546,Ashley Taylor 13,United Kingdom,2,2013-04-20,2013-04-20
c310fa817fa1ed4dde5ffb01c48383f3,George Martin 27,United States,1,2019-06-26,2019-06-26
a5218876e8d1918c00ea9f85c7f20e19,Hassan Okafor 21,United Kingdom,1,2007-05-20,2007-05-20
de3e923b4ba52b2a7428ff2743cddf83,James Davis 13,United Kingdom,3,2015-10-30,2020-04-19
5d36b55744f4901687ed26a06ef47913,John Baker 21,United Kingdom,1,2015-01-28,2015-01-28
f6c4d7f690d49441f9cc3a3f66a67ae2,Karen Nelson 9,Canada,1,2022-04-12,2022-04-12
f07b5407f5fa6dcfac15ad8ba49396e1,Patricia Allen 19,Bahrain,1,2015-09-17,2015-09-17
b6a911a1981ad9f06faf165f147aefdd,Robert Carter 26,United States,1,2023-01-26,2023-01-26
496619db7ad80c961b0af1f86a359461,Sandra Sanchez 4,Switzerland,1,2008-08-17,2008-08-17
5bb85d7ee12dfc0c6d59e4b751ea7ac3,Sharon Andersson 31,New Zealand,1,2016-06-26,2016-06-26
07d6804f6bd23b2d13baffc39fe06e99,Wei Miller 11,India,2,2020-04-25,2020-04-25
fe3f686139cd94244c6b694a67db7fa1,Brian Kim 13,United Kingdom,1,2009-12-04,2009-12-04
86a87d09f384a023ad5577b5e196664c,Carlos Jones 8,United States,1,2015-03-01,2015-03-01
0ab46d29f726ca9b2b553afc6b19b2c9,Jason Moore 14,United Kingdom,1,2011-06-06,2011-06-06
bc217120a6d15c53881f32f8cd8cd422,Jennifer Taylor 14,United Kingdom,1,2015-12-12,2015-12-12
3c58021840eed39491a6d54a449f6934,Mark Tanaka 15,South Africa,2,2016-04-18,2016-04-19
2ae44f9e7620f2af9ab1272b6e55cb82,Omar Flores 2,United States,3,2016-01-24,2016-01-25
6810f91120dce9be58825733e123c411,Robert Singh 15,United Kingdom,5,2010-01-10,2010-10-22
97bdf746c64eb7f07330f2241e051de7,Ronald Robinson 11,Spain,1,2019-11-14,2019-11-14
c557968ed1646f50d02baeada1b57107,Sofia Adams 16,United States,1,2023-11-06,2023-11-06
241597d80f3f992a1da721925ac5695f,Susan Scott 21,Malaysia,2,2016-07-17,2016-07-27
7d3de56c9dd9f03ffd42757054192d33,Wei Walker 6,Indonesia,1,2017-11-06,2017-11-06
89025dcbdc128ed7cbe59116560f46d9,Anna Walker 18,India,1,2022-01-06,2022-01-06
96ef3c8101dc6e231141fbacaa799a2b,Cynthia Hall 20,United States,1,2016-11-14,2016-11-14
1a7deb3c49d0bd2f6e19f63b00062095,Cynthia Harris 25,United Kingdom,1,2015-10-29,2015-10-29
3a003244af0acf6ba79cfff148706fef,Helen Allen 8,New Zealand,1,2008-11-04,2008-11-04
ee809d5827c254ca58658dd7020f97a9,John Anderson 19,Saudi Arabia,1,2016-12-11,2016-12-11
e52fc90f4c8d514d2cde5c28de945936,Joshua Sanchez 10,Greece,1,2016-01-14,2016-01-14
1a08106ae0462edad2aaed7cb507a3f9,Kimberly Young 31,China,1,2010-01-23,2010-01-23
b37d62666cfa40b59ea3db48e491deef,Linda Ramirez 25,United Kingdom,1,2014-01-10,2014-01-10
4b9bd0a213cee9983ff8bc475ed4d0c3,Linda Walker 18,United Kingdom,1,2014-11-19,2014-11-19
fc1093d6b85c044968d21dd17286ff59,Lisa Robinson 18,United States,1,2015-07-22,2015-07-22
4c96d665311cc6114e0ba368aa2af0f7,Michael Hernandez 5,United States,1,2017-10-14,2017-10-14
d91642079da2dee28c4ae20b02a568bb,Nancy Baker 3,United States,1,2019-07-30,2019-07-30
e92129abdecbf17e7d0d68fbfd160e84,Patricia Nguyen 8,Singapore,2,2020-06-05,2020-06-05
3828f25d3f10347cca74ed392ec9a9df,Rebecca Thomas 31,Taiwan,1,2019-12-24,2019-12-24
d782ba1a6dcbe8eb28119b65de9bb6f7,Rebecca Wright 13,United Kingdom,3,2015-10-30,2018-10-09
1c01f8945b5a87ae62f1c40fc04bedc2,Ronald Chen 17,United Kingdom,1,2017-05-30,2017-05-30
c83fe1a16e45a5ba9e5a764e23bb3618,Ronald Williams 15,Australia,1,2016-08-22,2016-08-22
39dd668579ccb5755309a73ba9e67ac7,Steven Nelson 22,Spain,1,2009-02-07,2009-02-07
ed63678ad6d814470fd42180f452de5b,Amanda Brown 20,Australia,2,2009-12-04,2009-12-04
82a3fb4d8841f510c6b48a2525be7230,Carlos Garcia 20,United Kingdom,2,2016-12-21,2016-12-21
9dae865652c3777eea2b1c0bb2fd1c18,Carlos Patel 19,United Kingdom,1,2019-04-25,2019-04-25
0666cc94d0e09ca6b8b8c376e5161874,Carlos Sanchez 28,Australia,1,2011-09-19,2011-09-19
35e05d95b240d9faa2a5a736e4cd1eba,Carol Martinez 30,Denmark,1,2018-10-23,2018-10-23
c3178bc6e3c5a1bae4bf6013893e919d,Charles Williams 20,Australia,1,2013-02-15,2013-02-15
43f958456073f580826bfc695e25bf62,Lars Green 21,Canada,1,2019-10-07,2019-10-07
2c094f04203088bbf3d231f2a6553c1f,Lisa Mitchell 18,United States,2,2010-01-11,2010-01-11
6c6c03681412dbc41b3b485d23d254aa,Mary Martinez 12,United States,1,2015-10-21,2015-10-21
5861199893564e5cee35bc9b0866c2a2,Matthew Smith 25,India,1,2019-05-31,2019-05-31
71e540581e43d7ea5761d62874a99ad8,Mei Thompson 19,South Africa,1,2014-01-03,2014-01-03
f36794685654dd306d976d645e31329f,Michelle Haddad 28,Germany,1,2016-01-11,2016-01-11
5735d89e1c881961204129521d124187,Michelle Thompson 24,Belgium,1,2024-04-13,2024-04-13
d7ccb56a0b404953e4c13650be7243c3,Cynthia Lopez 31,United Kingdom,1,2014-11-19,2014-11-19
55b08e44bc733e3ce87249a81e6cd622,Edward Davis 23,Luxembourg,1,2013-01-10,2013-01-10
52421e6c43d71b1efc0a938955eeaca1,Eric Williams 10,United Kingdom,1,2008-06-25,2008-06-25
be4d6d541fcd2cc011ba670fb82c9904,Ingrid Jackson 9,Mexico,1,2020-02-20,2020-02-20
cd72e3d8169042b21d7d883bcbff7e39,John Lopez 22,Poland,1,2019-05-18,2019-05-18
5cfb882baa9681d088b74842b0055b51,Laura Patel 9,Germany,1,2009-01-13,2009-01-13
fc640fdfaaceb46189bfabc8a4453f34,Patricia Allen 7,United States,1,2018-09-01,2018-09-01
226a13754341ca6810664cba98b1113f,Steven Garcia 13,United States,1,2015-03-22,2015-03-22
c8014dae813938884edceadff53ae7e6,Steven Hall 25,Saudi Arabia,2,2019-06-10,2019-06-10
a5a46dfa8a34aa9c2d1b65b8b80001c0,Wei Martin 7,United States,1,2014-01-10,2014-01-10
24a872bb41198b91c07f5eec0b19e3fa,Carol Lee 7,Belgium,1,2016-11-29,2016-11-29
3b7b06955b2bf01bb7698f94a0fd6142,Christopher Mueller 27,United States,1,2022-11-14,2022-11-14
931be825b17ab30629e44691d4418b48,Cynthia Taylor 11,Portugal,1,2021-11-29,2021-11-29
05dc910a9431b0863bf3f332b306cb1e,Edward Robinson 17,United States,1,2018-12-27,2018-12-27
55ce33b13bd2dea194b66400d23afad6,Emily Costa 31,Australia,1,2010-11-20,2010-11-20
5ff96a5ca7077b52594289acc86ad82c,Henrik Miller 26,United States,2,2021-01-21,2021-01-21
74ae28cca70fd15a57cd0c5383391798,Jason Nguyen 4,United Kingdom,1,2015-11-13,2015-11-13
8fe6ce4c0a5bea7887d9f952491b1448,Joshua Perez 11,United Kingdom,1,2015-08-06,2015-08-06
c050da9f21c32d01749a3bf8ca89e2af,Lisa Roberts 14,United States,1,2019-07-27,2019-07-27
3c192964466ce42e4f4f71269e2cfd41,Matthew Jackson 16,United Kingdom,2,2019-10-09,2019-10-09
e131313dd8d7f96c57fe128302da7e43,Ronald Thomas 28,United Kingdom,1,2018-08-24,2018-08-24
2105487b408954239d8e62d52c4de95c,Sandra Miller 5,United Kingdom,1,2008-11-05,2008-11-05
765f4b89bfd81c1443540a172a197ad2,Wei Flores 19,Canada,1,2019-05-11,2019-05-11
9de4ac441f829d1da31be159c25e916d,Fatima Scott 20,United Kingdom,1,2015-09-14,2015-09-14
571a1bab7e60771901332ce09315722c,Karen Scott 24,Australia,1,2018-04-16,2018-04-16
d898958c8386bc274e21fe45a9cd6c31,Mei Singh 23,United Kingdom,1,2013-01-21,2013-01-21
728d2207b58000beba01dc91e7ef1f5a,Michael Andersson 12,Saudi Arabia,2,2009-09-12,2009-09-12
938a1405f7bab38a0131b3a5105d534c,Michael Jackson 24,United Kingdom,1,2013-02-15,2013-02-15
5d7e32e69b11dc34d07d7e4879ba2f6e,Brian Brown 7,United Kingdom,2,2016-04-19,2016-04-19
881e1a6ec088a0c1e99ed0a3cf1fb413,Daniel Brown 18,Canada,1,2017-10-23,2017-10-23
1a489994362a31e57c80a9e21858f473,Donna Baker 19,United States,1,2014-07-22,2014-07-22
2c119a3522eb45aa03fc76b4fa9e7d33,Ingrid Thompson 2,United Kingdom,1,2011-09-05,2011-09-05
4a93a52b93f8225090ecfef7d56fad05,James Hernandez 24,United States,1,2023-07-01,2023-07-01
ec8da27b0baa7f02a36a7b8bd04575b4,Joshua Lewis 5,Canada,1,2018-09-25,2018-09-25
218ecde6b10a471e89d9eaf4ba1f75d2,Mark Clark 3,Canada,1,2022-06-25,2022-06-25
9c27a8936035dc32e7e9de2ecf683041,Matthew Hall 24,Australia,1,2018-09-17,2018-09-17
e4af57bdc188d6c2a802db72e3d16baf,Matthew Roberts 12,Singapore,1,2013-01-10,2013-01-10
5784790a03b39cee0fd0699b20ffd786,Melissa Jones 15,United Kingdom,2,2010-06-06,2010-06-06
95780e9422d1b0417794e90c259c69da,Omar Allen 10,United Kingdom,1,2016-11-28,2016-11-28
39fc258e442bd9999e823be41bd42cf1,Priya Anderson,Australia,1,2014-07-23,2014-07-23
685e779032870b036273baae6b6a2eaf,Sofia Ivanov 19,France,1,2015-08-12,2015-08-12
57524e78534b185a30315f2d45297e88,Sofia Wilson 16,China,1,2017-10-23,2017-10-23
739210e418375e8af8586b5844818254,Stephen Mueller 29,United Kingdom,1,2017-05-26,2017-05-26
68afe653d3f8118c3d2994988b5d6aad,Wei Clark 13,United Kingdom,1,2016-10-18,2016-10-18
078793e71defde160a1477f12f0fd79f,Amanda Lopez 11,Austria,1,1970-01-01,1970-01-01
284549c68ffd0217ccf26c6595beb564,Fatima Okafor 20,United Kingdom,1,2011-09-19,2011-09-19
2881eaacb4f61da2a99f3a459324dc08,Jason Singh 20,United Kingdom,2,2019-01-02,2019-01-02
1885f881f7adb6253abf68629f2b53fb,Kevin Baker 19,United States,1,2014-03-03,2014-03-03
40a291b51e09aa645023675deac0a079,Lisa Rodriguez 31,Indonesia,5,2015-06-18,2015-07-03
3043c0abfdeb7580888d09f3acad5edb,Mark Perez 18,Canada,1,2019-05-12,2019-05-12
0c437687d6b43951060271a58d621f67,Mary Taylor 8,United Kingdom,1,2018-02-14,2018-02-14
ac6fd713473d8ed50cd89daa8339328f,Patricia Chen 4,Canada,1,2016-04-25,2016-04-25
d40d90a856b97ef150bb12e81e204dc3,Robert Lewis 11,United Kingdom,2,2017-04-27,2017-04-27
8f451222bc82ec520e1212b1a785bad0,unknown,United States,1,2014-11-19,2014-11-19
1e1364ce88442ab16e125f03e9224258,Anthony Jones 20,United Kingdom,1,2018-10-20,2018-10-20
db15f2367cbe638ec6a3d3568d70a386,Donna Gonzalez 16,Malaysia,1,2015-11-25,2015-11-25
452f5c6d21699be45605bb251d2a60d7,Kenneth Martinez 20,Australia,1,2011-09-19,2011-09-19
457ee58f50df509368de897f871cf6e4,Kevin Hall 15,United States,2,2009-10-14,2009-10-14
b273326cedfc7117c9e39b06eeb8c797,Nancy Patel 6,United States,3,2011-04-05,2013-02-18
5b75ceb6a0837ec87dd42703a0b23278,Robert Anderson 26,United Kingdom,1,2015-10-23,2015-10-23
77a2aa7af2c90d75a0c62816a9255675,Sarah Lee 11,Australia,1,2009-06-08,2009-06-08
2f5a57cb7fd2de842f360b672e653c65,Yuki Walker 4,Germany,1,2021-12-08,2021-12-08
6a953a8919bebbdbc1d63bdf4e2034fc,Carlos Perez,Canada,1,2023-09-29,2023-09-29
9cdc575b7a140f58288cbba46f931018,Daniel Hill 22,Malaysia,1,2014-01-13,2014-01-13
75115ceb096a9c347b65266a21f50e6b,Fatima Scott 31,Italy,2,2015-01-27,2015-01-27
dcf3f05aec1f3878c53dd49abab1b074,Lars Nelson 16,Malaysia,1,2008-11-15,2008-11-15
b47c21c6b3db471f4f2bc3dec1e30c2b,Laura Patel 28,United States,1,2022-03-15,2022-03-15
d3695b7f0bc1c204f1cd0a938922ad2a,Mary Brown 15,United States,1,2011-09-05,2011-09-05
955cb1ceeff3191e9a9873427c933a8d,Matthew Johnson 4,United States,1,2017-11-13,2017-11-13
ef635dc0958a1051f3edb3b2920eaa6f,Edward Flores 6,United States,1,2010-10-22,2010-10-22
9d70508bd4f2fde809679579e4eb0ea6,Eric Hill 25,United States,1,2014-01-10,2014-01-10
39c1d75c6bfa8c0eb6c43fdd6c4b9fa3,Jennifer Wright 7,Canada,2,2015-10-23,2015-10-23
e56138050ff910dc54bd467ef8a2c8b8,Lisa Lopez 16,United States,1,2017-10-30,2017-10-30
9609001f165bfe9d5ccc13355df35fc8,Mark Hill 30,Singapore,1,2014-07-21,2014-07-21
5d3e7d6578d19ed1a1ec960755804c43,Mark Lee 15,United Kingdom,1,2011-05-25,2011-05-25
8aeff10bc14216ad08f4c434ed57e895,Matthew Tanaka 23,Italy,1,2016-09-12,2016-09-12
f945da78910437da87aae14a0eafd3ac,Michael Smith 4,Mexico,1,2018-09-29,2018-09-29
86f112bdc7fa48b2760fb9fbe0c5de0c,Ronald Walker 2,United States,2,2008-08-13,2009-01-09
4ace1aee501d40969f258fba00a99cfe,Sandra Martin 30,United Kingdom,1,2016-03-04,2016-03-04
d80be2bcde663a7498719c798f264cf5,Sandra Walker 5,Canada,1,2013-02-24,2013-02-24
32272f7ad38fb33bd38bf4613b755677,Stephen Clark 7,China,1,2015-05-30,2015-05-30
a2d66637d043c4c79fece6c7f521e8ec,Steven Moore,Canada,1,2016-03-24,2016-03-24
163718078d7cad58efd82f19f0eaa76c,Susan Allen 29,Canada,1,2016-02-19,2016-02-19
79384b11951ef91c9530a82a014d6b14,Carlos Thomas 2,Saudi Arabia,1,2016-01-21,2016-01-21
2747b8cd1b52f874f89d092cebe5fe68,Christopher Mueller 11,United Kingdom,1,2016-01-10,2016-01-10
adb26e9be1d13091422752340c31f94f,Elena Wright 25,Ireland,1,2022-03-13,2022-03-13
f52f1107f7b0281e1ae1f255ac6c3043,Helen Tanaka 27,United States,1,2017-10-20,2017-10-20
cd48850287d2193fa994630110e7294a,Kenneth Kim 6,France,1,2016-07-18,2016-07-18
a1e1a3943be940fc02a92df088a4e8c0,Kevin King 20,Spain,1,2016-03-09,2016-03-09
70a486498ab2b89a66e74cc525b8b838,Kevin Rivera 10,United Kingdom,2,2008-08-17,2011-04-05
11640c4a66017f0edd5607f220bd7f0a,Mark Rivera,Greece,1,2019-10-05,2019-10-05
481aec7bc0e1707b4d17eea17a06f71c,Melissa Young 6,United Kingdom,1,2011-05-20,2011-05-20
d5a1b0e3bb277e9a02be3146ed0ae16a,Michelle Williams 23,United States,1,2014-11-19,2014-11-19
a86fc5c9c6d89d39c8419f041600392d,Patricia Schmidt 31,Germany,1,2010-10-21,2010-10-21
cc94f5e0c2bf957916c2478df7e2eea0,Priya Lewis 12,New Zealand,1,2011-04-05,2011-04-05
a5f217c7170d23093943d5a13fdba604,Sandra Young 19,Australia,1,2015-07-25,2015-07-25
870a153a5ee43149647db66614056366,Susan Mueller 18,United Kingdom,1,2023-07-05,2023-07-05
927c24549c58af096bc7f1631acdc485,Ingrid Miller 29,Russian Federation,1,2019-02-07,2019-02-07
79e4f7946d330889084be1e1b72e12de,James Scott 27,India,1,2018-03-17,2018-03-17
74a3ca2dc9b22c665dbe338fe3ddfa60,Karen Sanchez 25,United States,1,2014-07-25,2014-07-25
bdf56b1ad6b2be9f5d621a8834cd9f17,Lisa Wright 5,Fiji,1,2019-03-28,2019-03-28
a662ab97045954339344b81bd300a343,Matthew Miller 12,Australia,1,2017-02-25,2017-02-25
152c44c6d699b292ebb5bee4c767cafc,Mei Baker 9,Switzerland,1,2024-06-24,2024-06-24
7e54feb418b25b259aeab93d02d247c2,Amanda Rossi 27,Netherlands,1,2018-08-25,2018-08-25
f2da5b0174d01e0f028b010bc182dcdf,Carlos Costa 22,United Kingdom,1,2015-10-14,2015-10-14
78c371ee470dc770e5d9f3a438ddbac6,Carol Gonzalez 4,United States,1,2018-12-22,2018-12-22
ffe28d22399f761f90d3a80517e1c65d,Jason Ramirez,United States,1,2015-02-01,2015-02-01
dcbf165afd004f07c3e10f96a519ae49,Jennifer Campbell 6,United Kingdom,1,2011-04-05,2011-04-05
f30dcd056cbcf3f3261085b8631dfcef,Jennifer Harris 27,Australia,1,2009-01-15,2009-01-15
2fa49c9209e51b5fabe758af0b3aff25,Jennifer Mueller 10,France,1,2014-03-11,2014-03-11
5131eb56978589e9b22458d41806bef6,Joshua Gonzalez 24,Denmark,1,2017-12-24,2017-12-24
119fd933b65f7c8968c1f0d07d429104,Kenneth Rodriguez,United States,1,2013-04-20,2013-04-20
cfe76734fa13ae748721a2cd72e7dbb2,Kevin Martin 23,Slovakia,1,2017-11-20,2017-11-20
2d5f277d7ee4b48835d0350780d1e488,Melissa Torres 28,United Kingdom,1,2011-06-09,2011-06-09
e9c926fb44b601ccc7cd2027820226c4,Nancy Mitchell 15,United Kingdom,1,2008-09-17,2008-09-17
06c3405fde96ce7d503448c5658c5e38,Paul Rodriguez 10,Australia,1,2018-01-14,2018-01-14
36bea3ecd88cdacf05e738868c31ded4,Sofia Costa 23,United States,1,2010-06-22,2010-06-22
92f01ed9dae3cd1df3244cb510095550,Stephen Martinez 13,United States,1,2016-02-25,2016-02-25
b6fb46090e71d992ddb137edc8d08546,Anthony Lopez 20,United Kingdom,1,2015-05-30,2015-05-30
657717a89d5d9163ace36cca9a5bced3,Donna Singh,United Kingdom,1,2014-11-19,2014-11-19
a3938e0d633e19f5163076d8a5409478,Edward Okafor 11,United Kingdom,1,2014-01-06,2014-01-06
65e68cf75fd18a3c0b65f9335ac03725,George Patel 8,United States,1,2025-10-17,2025-10-17
19d4291a7bc8209fcd5522bfa43ace5c,Helen Johnson,Saudi Arabia,1,2017-07-23,2017-07-23
50fc523f4cb89028ea670ba116859e92,Helen Schmidt 7,Australia,1,2009-12-17,2009-12-17
9c019ab4c1afba8b812ef18f4038baef,James Jackson 29,Austria,1,2018-02-14,2018-02-14
f87474e5c2707a70989cecfec166c992,Karen Okafor 11,United States,1,2016-01-04,2016-01-04
5a05fdcb7cec8ca4da1fa7370ea88b5b,Laura Harris 10,United States,1,2015-11-09,2015-11-09
3a4ba16541bee20230539241a2d81a17,Nancy Moore 5,United States,1,2025-05-17,2025-05-17
11feb3911e5ca31b076273c50d69a67d,Priya Anderson 3,United States,1,2017-10-12,2017-10-12
e16fb829c3c772290ac4b217cf2547b1,Yuki Thompson 10,Germany,1,2015-09-21,2015-09-21
6f8cda5e1ee17777aefc160412e5a8c1,Charles Carter 21,Thailand,1,2024-01-30,2024-01-30
ba00bca43b0d0ddc80d04b16bafa4b83,Daniel Young 6,United States,1,2014-11-19,2014-11-19
0fa12e345b75943aa0f8fb98b4e2e76c,Donna Rodriguez 30,United States,1,2018-10-21,2018-10-21
bd1cc2d787f66fc924f3d1e5d274a17c,Elena Schmidt 12,United Kingdom,1,2011-05-18,2011-05-18
6eebfbfebd23dccd3884777dbcefbfda,Elena Schmidt 2,Sweden,1,2009-10-10,2009-10-10
ac74f3d5819beac2abc11780c3a8f88e,Emily Patel 5,United States,1,2016-09-26,2016-09-26
57980be4d855d6750cb0c4645ae35d90,Helen Wright 29,Indonesia,1,2016-10-30,2016-10-30
d2f491fd410c21bc82b8c72b7b602116,Kathleen Young 21,United Kingdom,1,2011-09-05,2011-09-05
d54ded608092d546a4cae216ebca806a,Kevin Anderson 14,United Kingdom,2,2018-10-12,2018-10-12
1b909da010721ee6ba47ae399d51a8f8,Kimberly Lewis 31,Canada,1,2016-07-29,2016-07-29
cb463cf6538be853f5061eb8e250f036,Lisa Martin 14,Hong Kong,5,2013-04-20,2016-04-25
732a24974d86ff49a613d3a903ca49ba,Michelle Mueller 24,Greece,1,2023-12-06,2023-12-06
fe68dbfa30ab22605625988b6b3273b1,Stephen Johnson 12,Australia,2,2015-08-15,2015-08-15
67d2673315d778437f3a97008cd666f5,Wei Wilson 19,Saudi Arabia,1,2015-08-17,2015-08-17
2da838e850f39c1735cd233a5c7e083c,Aisha Jones 20,United Kingdom,1,2018-08-27,2018-08-27
1bc7a5f7cba36f93fbac8e47d6c13b68,Aisha Petrov 27,Australia,1,2016-04-14,2016-04-14
f481bf8c40e370e24f0e1a38e6cd5741,Amanda Flores 7,United States,2,2015-07-08,2015-07-08
11a153196a0998f6e2a2dd7819bf6e1f,Charles Clark 13,Australia,1,2013-01-01,2013-01-01
91a7e71800cfeaa5933e564edff8da85,Hassan Sanchez 10,Switzerland,1,2024-01-12,2024-01-12
1182a028dc49b41a66e5cc68b999264a,Jason Mitchell 2,Australia,1,2014-01-13,2014-01-13
7ebfe301810251fea7deea760838ac2c,Karen Tanaka 6,Switzerland,1,2020-05-02,2020-05-02
d02227e1a96e466ef817ad7e1796b47e,Lars Clark 2,United Kingdom,1,2016-04-14,2016-04-14
005d8a0508a939a6ffa16bd5a87543bb,Lisa Allen 23,New Zealand,1,2024-01-31,2024-01-31
760ddcc97dcf6f6af1096039feb59f61,Mary Gonzalez 22,United Kingdom,1,2016-01-20,2016-01-20
42a7d5c1624a8126a1f52d0b4922c5fb,Matthew King 12,Switzerland,1,2014-11-19,2014-11-19
3dbeb013cf0b85e3328ce9a9d46b6af2,Melissa Kim 31,United States,1,2011-07-28,2011-07-28
d031455f948ecc496d394bce7999da71,Michael Baker 25,United Kingdom,1,2015-09-10,2015-09-10
03ad7759171c8a8b0a48b4abb23777ad,Michael Lee 18,United States,7,2022-05-16,2025-03-21
ff53001bf3cb6699f3c8b26e5817c5c1,Rebecca Nelson 6,Ireland,1,2011-01-03,2011-01-03
e36d9d73260655be190b0af2d22704fc,Robert Green,Greece,1,2015-11-17,2015-11-17
4324757626d3823ba77e9c7bc6e83f62,Ronald Ivanov 30,Netherlands,1,2011-07-28,2011-07-28
bc20e9c7053763067804ab37501dd5fc,Sarah Rivera 28,New Zealand,1,2016-06-14,2016-06-14
0f613246ef0e4d2fac05e0a6fcb0438f,Sharon Haddad 13,United Kingdom,1,2019-05-11,2019-05-11
a9bb529355e49e1c8080550e34049a06,Stephen Hernandez 24,France,1,2017-09-10,2017-09-10
325ad6ed0e5530105cdc08b20a573c27,Susan Chen 28,United States,2,2016-10-02,2016-10-02
f8f187d9d938e9823441a1f3609ccda7,Thomas Rivera 17,United Kingdom,1,2025-09-13,2025-09-13
c1e7d389e42980c84a5d8e28b5a4fc88,Anthony Lee 29,Malaysia,2,2015-07-25,2015-07-25
9eeb11cb387f2f3c4a5e0e500678a33d,Charles Campbell 13,United States,4,2018-05-13,2018-05-14
493ede9cdd550b0dee0be3a75a5902ba,Diego Kowalski 17,Thailand,1,2010-08-28,2010-08-28
172383755e14b445f71321d1fccf01f8,Edward Brown 15,South Korea,1,2013-04-20,2013-04-20
0636460d0acc652f3a578439b9d9c33f,Henrik Davis 18,United Kingdom,4,2013-01-01,2013-01-03
d3dddc3e16dc6d24ab99c4fdb62fbce1,Ingrid Nguyen 6,Indonesia,1,2017-10-10,2017-10-10
3374e7fc623cc75e436fb47b165c0e8a,Jason Adams 29,Thailand,1,2018-12-31,2018-12-31
e1b6ba6ac622177f4293a40e54ffe075,Karen Rivera 26,United Kingdom,1,2017-02-28,2017-02-28
053c5a9d206a213d6a538482d2dbb53d,Kevin Robinson 25,Australia,1,2014-07-16,2014-07-16
26836cfc04588a76599cd5f443ee33ba,Laura Martinez 6,United Kingdom,2,2015-01-27,2015-01-27
dd42f349cbc605fcad9138dad587036b,Michael Jones 12,Australia,4,2020-01-21,2020-01-21
fecb7fb1ed7341969f1f5e363795f999,Michael Rivera 23,New Zealand,1,2011-07-10,2011-07-10
fd89f261d1a185f0e4326ef9e24fd02e,Omar Torres 17,United States,1,2014-11-19,2014-11-19
d6bc83dae7e90e3b647c19f0b6d55fdc,Susan White 28,United States,1,2015-10-17,2015-10-17
a0470304a07d1cc2907b5643922cd50e,Thomas Adams 26,Italy,1,2016-09-14,2016-09-14
374a3c2b4cf52cd867905ab66d9eeddd,Thomas Kowalski 20,New Zealand,1,2013-04-20,2013-04-20
ca74934e58f7ceba74e7c5fc502f8033,Anna Scott 28,Qatar,4,2016-04-19,2016-12-15
1a3ee80edd4df8d0e0d08a6b667b033c,Anthony Hall 2,United Kingdom,3,2019-01-27,2019-06-21
8e38b612d67cd030f629868e1c858b71,Daniel Flores 16,United Kingdom,1,2015-01-28,2015-01-28
6c88875b614037227ee7d713c32a825c,Diego Young 29,Vietnam,1,2020-01-04,2020-01-04
391a6f11a62a522d873e2b4fbf483e46,James Lee 9,Mauritius,1,2023-06-19,2023-06-19
7516c0deceb810011dc5e55e8ab538fd,Jason Martin 7,United States,2,2015-11-21,2016-02-20
d85360ac52f2a323595488273c3e0bd2,Matthew Brown 23,India,1,2014-11-19,2014-11-19
4cf1af6eea0eee617601b07a31a27205,Patricia Clark 18,Norway,2,2008-09-19,2008-09-19
631e3a794f0e459e95d00c4a9c13f772,Priya Jackson,Germany,1,2013-04-25,2013-04-25
b25ce1fb08e61bdd3f133f001c53decc,Aisha Lopez 2,United Kingdom,2,2015-12-12,2015-12-12
b86defbea73d4520fcf2bc07908c3585,Aisha Williams 10,Switzerland,1,2015-05-30,2015-05-30
425c292492583c93b6c64d1a64058fee,Amanda Davis 7,United States,1,2012-09-17,2012-09-17
a6d56a1d7599958510599b6be37239d8,Brian Thompson 14,France,1,2017-02-02,2017-02-02
3d43a5dbc69400efec4658068cedf0e7,Diego Johnson 24,Switzerland,1,2019-12-08,2019-12-08
0b7b34522d30fb8795b99d3161573602,Elena Rivera 9,Turkey,1,2018-09-18,2018-09-18
357ddecc0dcd63713666267565340fec,Kevin Ivanov 20,Australia,2,2013-01-01,2013-01-01
864fabd95ce157fda934179e5cd6cccd,Lars Scott 23,Brazil,1,2011-04-05,2011-04-05
2fb1a4964b1fc814e11306997ff4a89b,Laura Campbell 11,United States,1,2015-08-15,2015-08-15
6274e38d0c53203c1bf991ba8da81fec,Laura Garcia 23,Canada,1,2019-05-11,2019-05-11
5b48fe9d91613e0b2fab0bc22b140c77,Linda Singh 5,United Kingdom,1,2016-08-13,2016-08-13
aa766a630ec7800154ab7552708d1d1e,Priya Haddad 19,United Kingdom,1,2019-08-06,2019-08-06
9a11e1b6f99501c365e2aafa30449c59,Rebecca Lopez 24,United Kingdom,1,2018-10-09,2018-10-09
a5ec0f72c3e1dbbfcee9d2c6b3d1cfe4,Robert Martinez 15,United States,2,2014-07-25,2014-07-25
38c830641ce36bea124694d974984ec6,Sofia Clark 31,Israel,2,2025-12-14,2025-12-14
3d84f7a508fc380b9b620991f3ca0217,Steven Thomas 3,United Kingdom,1,2022-04-07,2022-04-07
4fbe87e808fcf2eecfbc75b4227d98aa,Yuki Schmidt 21,Pakistan,1,2019-12-08,2019-12-08
d825be6d787db9748635bce94e1d5500,Aisha Rossi 19,Ireland,1,2015-01-28,2015-01-28
8938f867b537e6735a1ce28be63b3cce,Anthony Hall 13,United States,1,2017-04-27,2017-04-27
0abf699675fb886ca11736dc955cd02e,Ashley Lopez 31,Hong Kong,1,2019-05-28,2019-05-28
3cd0427c106b8b04b4edcda341a7ea3b,Cynthia Okafor 28,United States,1,2013-01-03,2013-01-03
02e367bb68b72938a9b353d982839594,Daniel Hernandez 2,Thailand,2,2016-08-22,2019-04-02
6159494a8c1f3d5f4ecd27b2492e378a,Diego Allen 20,United Kingdom,1,2010-02-01,2010-02-01
5fc06d1b8c0ebe1b2164255171307fff,Eric Wright,United Kingdom,1,2015-03-29,2015-03-29
ebccd234dfdf1caf97ca41b75d530e61,Hassan Chen 14,Canada,1,2019-06-17,2019-06-17
24d44e4ce8a8acadfcd3a85600e434c0,Jason Garcia 16,United Kingdom,1,2016-07-15,2016-07-15
d5950c6c35dd5a812a3fff4300031182,Joshua Thompson 11,Malaysia,1,2024-06-15,2024-06-15
e2704dac8975595b2f205ef9e93c553a,Kimberly Wilson 5,United Kingdom,1,2015-05-29,2015-05-29
e04c183975c3f61a2ff8d32a3bdb3af0,Michelle Kim 11,Canada,1,2024-07-26,2024-07-26
6de4851f82383c9b6fffe7847008fdcf,Nancy Kim 13,United States,1,2010-12-20,2010-12-20
2cf5467d3ef16347e11c747eae29e32f,Patricia Roberts 22,Denmark,1,2008-12-24,2008-12-24
331533419c356b2236a2366d1c1292c4,Paul King 3,India,1,2016-07-28,2016-07-28
13bcbb073f508adf0778430c45de38e2,Sarah Baker,Italy,1,2008-09-17,2008-09-17
4814668574963f159758ee531e62d999,Sarah Smith 20,Hong Kong,1,2011-08-10,2011-08-10
343dc00dcb8f10811788462b9b9eba18,Jason Petrov 28,Sweden,2,2015-11-01,2015-11-01
5d3fc7e7bc35ba82230279fc98890f36,Jason Sanchez 20,United States,1,2015-12-19,2015-12-19
381747345c27ca3f48e788a225b30d26,John Brown 27,Canada,1,2020-03-26,2020-03-26
548392ebf6d8b7d84a1b891e056548d9,Nancy Jones 22,United Kingdom,1,2015-03-29,2015-03-29
47012698657c327bd3d96cdc33ab8723,Ronald Garcia 10,Hong Kong,5,2015-11-29,2021-11-16
2bdb9815282a216c76686a3cf637f218,Susan Okafor 24,United States,1,2021-06-24,2021-06-24
6f88bde57c9b39273549d7cb9cb27c75,Aisha Costa 13,Canada,2,2018-02-25,2018-10-08
b1b2ad62c31552bec7fbba41f95e6d46,Daniel Patel 11,United Arab Emirates,1,2024-05-19,2024-05-19
2499af65bae44e2a054fab30f9303807,Donna Petrov 10,Australia,1,2015-06-20,2015-06-20
48d28c5759bd3619e030102054d5137a,Edward Johnson 29,United Kingdom,2,2015-06-20,2015-06-20
2126b16883a269702c1eedf3741cf1c2,John Perez 12,Australia,2,2013-01-22,2013-01-22
e6caca271666f676a7b4067a5ca01966,Joshua Smith 2,United Kingdom,1,2024-07-13,2024-07-13
23f4ecbb4ba2f4049bca9d8d5277c694,Kenneth Scott 17,Germany,1,2016-04-23,2016-04-23
fe6b235c3529c8206b559757c8db4a61,Linda Okafor 30,Germany,1,2008-08-26,2008-08-26
c2e0581440e22b41fbfcb4af964cc057,Matthew Rodriguez,Malaysia,1,2022-11-09,2022-11-09
88251d81c89a552b11e04404c8d4050b,Paul Perez 14,United Kingdom,1,2015-10-14,2015-10-14
f8af9c0e638fb42d6dfc03b5491e38f4,Raj Tanaka 25,Canada,1,2015-10-21,2015-10-21
54ba7ff66f095dd44b986cfcad4e5172,Sharon Taylor 16,New Zealand,1,2019-08-04,2019-08-04
ebdbfc43f2b054c69097ba3b50842a7a,Thomas Kim 14,Sweden,1,2022-05-26,2022-05-26
cb9380a9355a651bfe36ab7fa7d4f239,Anna Patel,United States,1,2020-01-20,2020-01-20
1b401968f8e2a4218a0fdc3f4cbd8193,Eric King 30,New Zealand,1,2014-11-19,2014-11-19
b8ee02a4a7078a4685156112d4e1fd72,Laura Wright 13,United States,1,2013-02-15,2013-02-15
a5c6ae81c86c35d2fd65e8d4a4d61a47,Rebecca Lopez 12,Vietnam,2,2014-01-12,2014-01-12
0b9631890d8608b0b48dede5037e6d42,Robert Ivanov 10,Bangladesh,1,2019-05-22,2019-05-22
5647ae342b722296be1524e4cc9908fe,Ronald Schmidt 4,Netherlands,1,2016-03-09,2016-03-09
694b4e4f8daa8f9e1d43229f3e4e6e53,Anthony Davis 11,United Kingdom,1,2015-09-19,2015-09-19
7898d2143a7d9fa1e6335f48b6308bae,Ashley Patel 24,United Kingdom,1,2015-03-22,2015-03-22
b9d1737e07681317c4c85c1ac18a855a,Brian Clark 4,France,1,2019-08-26,2019-08-26
f7a6632e734aba7571054196db0fcf82,Carol Andersson 9,United Kingdom,1,2018-11-19,2018-11-19
0473351c0088abb327aebf53d100afbc,Carol Roberts 31,India,1,2023-07-13,2023-07-13
2b72326e02c15481c49db143e41a872f,Cynthia Ivanov 21,United States,1,2022-10-03,2022-10-03
637c09ed0cb8d0e2e6cb644fa91979f3,Fatima Sanchez 10,United States,1,2015-06-04,2015-06-04
970245c5b36cc869e8c533269269b3e0,George Lopez 13,United States,1,2019-06-27,2019-06-27
fc45f5a0a4fbee4a5bbcdf24a5e177a7,Ingrid Brown 26,United Kingdom,1,2014-11-19,2014-11-19
b4ab7f137c01a44b80370755af6da571,Joshua Williams 7,Ireland,1,2010-08-09,2010-08-09
3b9d90d6319e33c98cd2bb9fae0fb913,Karen Davis 6,Switzerland,1,2016-08-22,2016-08-22
fbf8b21b5edddaaf0150c1456e8459a9,Mei Green 9,United Kingdom,1,2017-12-01,2017-12-01
d206b04a871a2d57d9ec6280e0e0cbba,Raj Ivanov 15,New Zealand,1,2014-01-03,2014-01-03
5c4d779b253d63c15c159def8ec1bc7f,Raj Torres 29,United States,1,2018-02-09,2018-02-09
e3574c09fb211ac8e25981731951a8a1,Stephen Jones 31,Japan,1,2009-12-04,2009-12-04
9b7c2345e0e50a873aaea3188b3242b2,Brian Walker 2,Mexico,1,2015-11-05,2015-11-05
7cd67f8a724aca573456661d939f00fa,Donna Rossi 5,Australia,1,2015-10-10,2015-10-10
f5346758cc98eb2f314c095a9cdd0e59,Helen Anderson 20,United States,2,2014-01-06,2014-01-06
08d9a59e296f2c9a435a2b3e972ff5e5,James Allen 9,Australia,1,2009-12-04,2009-12-04
a85151127241e5ecb0e0b3f374014218,James Garcia 28,United Kingdom,1,2015-08-25,2015-08-25
b9e04b26d454607576936c971ba22018,Jennifer Lewis 15,United Kingdom,1,2019-02-19,2019-02-19
809bfd40d04c784aa6bd908f1d82ab32,John Mueller 31,New Zealand,1,2024-05-22,2024-05-22
352d379a52d3272462b2fd68517df5e3,Mary Campbell 12,New Zealand,2,2025-10-30,2025-10-30
89f6ab99ffa173ddde23274f8dd83e58,Rebecca Torres 11,Singapore,1,2014-03-03,2014-03-03
7678f1fbf5f341517288b2cedf4d40f1,Sandra Thomas 25,Australia,1,2014-01-06,2014-01-06
d995db5928f4865d2b2974686d281b9c,Yuki Baker 28,Ireland,2,2008-08-13,2008-08-13
72f3832b4cefff9d8f87502db2cba8fa,Yuki Mueller,United Kingdom,2,2016-02-01,2016-02-01
078a4ef747ab22c78200d5517a80fd2b,Anthony Lee 23,Australia,1,2017-12-31,2017-12-31
8fb3f4099e00a9813874a6510be56020,Hassan Lee 4,United States,1,2015-05-30,2015-05-30
e1677ad1d52fa4b702345a9a63125de9,James Martinez 5,Estonia,1,2019-07-15,2019-07-15
e312e9fcccf0e57d0139bd43772e7603,Jason Kowalski 8,United Kingdom,2,2011-05-11,2011-05-11
325779ba7b82ce319dc2bca5ab625c58,Laura Brown 11,United Kingdom,1,2014-01-13,2014-01-13
db9a9cd85a9234cd4a5e307b6e07f923,Matthew White 25,Poland,1,2020-02-24,2020-02-24
022432d096e84480cb4222afc9cd5669,Nancy Wright 14,Canada,1,2012-09-17,2012-09-17
8f83d823c4700a3741df81627902e459,Robert Baker 13,Singapore,1,2023-10-22,2023-10-22
13cb0219a4a838ede7f5217af1fdd2f4,Robert Hall 17,Thailand,1,2019-11-03,2019-11-03
56f4ce5c35f7f18ff48c26a4a65cb156,Sandra Wilson 5,United Kingdom,1,2019-12-04,2019-12-04
c7b48258f6e66c4d197c7ffcc018e633,Thomas Martin 19,United States,1,2015-08-02,2015-08-02
76ff5397f88c26f15fd0f204d1ee9792,Thomas Torres 25,Australia,1,2017-04-18,2017-04-18
5dde2bbe8abe2c77e6c7df5b4dc7cfde,Yuki Patel 27,United States,1,2016-08-13,2016-08-13
3500e1c911762071a318497b85fc9a28,Aisha Singh 6,United States,1,2015-10-21,2015-10-21
10e65a4d34392e7298e4682b562f3471,Elena Ivanov 10,Spain,1,2019-08-26,2019-08-26
617e5b77e3bdfd8d6cbeeb8edfd510e2,John Nelson 13,United Kingdom,1,2014-01-10,2014-01-10
b76b15cca602a4c3f0b9cc7a6f93190b,Kimberly Green 24,Canada,1,2015-08-26,2015-08-26
d031756e5075df5dd7156ff2ab99632e,Laura Garcia 2,United States,1,2015-09-02,2015-09-02
f7669a1ba1b4b1d908208ad0c2015b94,Mark Young 3,United Kingdom,1,2014-01-10,2014-01-10
701bd3bdb6fbbb6f1d6716552c78f002,Matthew Miller 2,United States,1,2018-05-10,2018-05-10
ab8a1d6af93b7ccb4f71864e2f83aab5,Melissa Garcia 18,Canada,1,2017-08-25,2017-08-25
6b015ee30cca2c7d85ea10da48a6f14d,Sharon Flores,Saudi Arabia,1,2015-08-30,2015-08-30
74f074824e8d6a930baf8d3e6d124f18,Sofia Scott 23,United Kingdom,1,2016-10-18,2016-10-18
e6c49dbfc7b503879ee0d52ac1b6d131,Brian Petrov 15,United States,1,2021-11-29,2021-11-29
0dacf0fb6cc053705015708bbf03d75f,Charles Harris,United States,1,2022-05-27,2022-05-27
cf14b61fdb492aa2e1efa32b790a5ed0,David Hernandez,Canada,1,2014-07-30,2014-07-30
4ba83df04c39d7903ecef9b4ef2d098a,David Scott 30,United Kingdom,1,2014-01-06,2014-01-06
e2b209f537258eb7743f5e035664c998,Jennifer Flores 5,United States,1,2017-03-05,2017-03-05
760f5fa8cc27653590e1f48dd97060f4,Karen Tanaka 27,United States,1,2016-02-08,2016-02-08
4051fb6a8e774b1522f0c7c63519dc25,Kathleen Nguyen 6,United States,1,2014-01-03,2014-01-03
aca940f4df23889b7269938b1805358b,Kimberly Thomas 8,Sweden,1,2022-09-23,2022-09-23
0a1ba191adb264d30362d4296266c41c,Mary Ivanov 11,Australia,1,2010-10-22,2010-10-22
263c903891bfaa3607ba0122520f62c6,Mei Torres 26,Israel,1,2023-06-19,2023-06-19
d547eb74d6f4082b66c07736e6da0768,Patricia Brown 18,United States,1,2022-04-30,2022-04-30
b858a7ef181232a31a713f749964b3bc,Rebecca Sanchez 20,United States,1,2010-09-21,2010-09-21
6becb099f5cb9e249e7172c19c77b580,Robert Robinson 20,United Kingdom,2,2014-01-12,2014-01-12
84a0175c23b96f04ed9864a61df30978,Sarah Kowalski 14,Cape Verde,1,2017-04-15,2017-04-15
8c3abfb3c4eba67e1b813bbaf07cdd45,Aisha Kim 20,Gibraltar,1,2008-11-06,2008-11-06
6830b27be793e3346790d40bcd0bf6e6,Donna Kowalski 3,United States,1,2015-12-19,2015-12-19
6ba2d1d75ee742dfd76dbd670fd61fbf,Edward Schmidt 7,Canada,1,2023-05-11,2023-05-11
d88d10ea929734f5745010cd9002c71a,Jason Brown 19,Canada,1,2018-10-23,2018-10-23
8f63f74b9efa91506a4e1f58fedf9f2a,Jennifer Costa 4,Canada,1,2015-09-17,2015-09-17
1354ff4958da776864f9d32d7c2a8591,Lisa King 10,Greece,1,2015-08-11,2015-08-11
716896138628e272b3f59c70128f55e5,Thomas Allen 6,Australia,1,2015-03-29,2015-03-29
2da0b64204b6a97ac8a8dde91cfc3b9f,Yuki Johnson 8,United Kingdom,1,2013-01-03,2013-01-03
2bd67af88843600ecbf937d5c934cf16,Elena Costa,Indonesia,1,2016-11-06,2016-11-06
61afa0aadc411d1a18e87e93626c61a8,Lisa Walker 26,Australia,1,2014-11-19,2014-11-19
a1c0861adcbb403ec72370d3fa419f2d,Paul Wilson 4,United Kingdom,1,2016-05-24,2016-05-24
51f273bc4b95c44cbd415630d5a1a49a,Anna Sanchez 7,United Kingdom,1,2011-08-10,2011-08-10
0f951e664fb951303b7d534bdd029a0d,Charles Gonzalez 9,France,1,2014-07-24,2014-07-24
ac0c12cb326d99e803727df93479c03f,Charles Perez,Canada,6,2015-08-11,2020-04-19
1020b2cf1adca2b8778e2024234ee072,Jason Johnson 3,United Kingdom,2,2018-01-17,2018-01-17
0ba2895782c11c1a9f97fd9e27177bfe,Kenneth Smith 27,United States,1,2016-12-07,2016-12-07
af5368908977233854aa2be8d4d5aa85,Kimberly Torres 10,United Kingdom,4,2015-09-08,2015-10-21
33b4708340fb45bab2f5b1a771c5eb95,Lars Kowalski 24,Australia,1,2010-10-25,2010-10-25
e780ca3205868d60f0a05e654ff484a7,Matthew Andersson 29,Canada,1,2010-09-06,2010-09-06
9d53961ea65e0f93e7f3626923f2488b,Michael Martin 31,United States,1,2015-05-30,2015-05-30
37ca0fdd12bc5f9411a55cf6ec6e8f1e,Omar Sanchez 2,United Kingdom,1,2013-04-20,2013-04-20
46f08a4d4e25c4529662f8311a48b50d,Rebecca King 25,United States,1,2016-02-24,2016-02-24
7ee39f1097450dcee567b55b6fb95cbb,Ronald Kowalski 23,United Kingdom,1,2024-06-14,2024-06-14
6bc487f22cc707bdf19af41459dc5bde,Yuki Thomas 30,Germany,1,2008-08-26,2008-08-26
5a38fbc55aef601fe0340a026680b140,Amanda Lee 29,Singapore,1,2018-04-05,2018-04-05
beebd22f2ce20624550da9775e7652c9,Andrew Patel 3,United Arab Emirates,1,2025-12-11,2025-12-11
0ee75c525d843b967b91d6679524e96a,Anthony Martinez 18,United Kingdom,1,2015-05-29,2015-05-29
6c7330b46074ca9353e4b2c68ee22b68,Ashley Mueller 19,South Africa,1,2009-01-07,2009-01-07
4143f277c67d820734259e4e89b852ad,Carol Sanchez 30,United Kingdom,1,2016-06-15,2016-06-15
b960adab2a84699dc211efe8afd833da,Edward Lewis 6,United States,1,2014-07-25,2014-07-25
f096887e419c18eaf518930f554d9939,James Andersson 15,Germany,6,2023-05-21,2023-06-04
59db5703fe2e147e81395358b425d9c2,James Nguyen 6,Australia,1,2019-03-04,2019-03-04
18930767c9e936ca9e411e6f9833c67a,James Sanchez 26,United States,1,2025-06-23,2025-06-23
399a427a519ce97cf2ac0a16f4fd1964,Linda Miller 5,United States,1,2019-12-03,2019-12-03
34ac5e73c0ae063cfca03473d49a68f3,Mary Costa 20,United Kingdom,1,2015-02-07,2015-02-07
cc87fc27abe7245d490ce731961aa0c7,Patricia Roberts 19,Netherlands,1,2016-04-27,2016-04-27
a485d326d50fae67597c00f9d92a934b,Robert Thomas 26,United Kingdom,2,2022-04-14,2022-04-14
7f6251f3e98929b8219421fd96bf7df8,Susan White 10,Australia,5,2014-01-29,2019-03-26
20dc4ebf0e17e63ac309b079740b9afa,Ashley Kim 17,Israel,1,2017-12-24,2017-12-24
bd562f570d84909dd42ed7d2d9e29303,Carol Hernandez 19,United Kingdom,2,2009-03-02,2011-04-05
84ff4bac5bd00b79c7af620cd1c2b03b,Cynthia Anderson 21,United Kingdom,2,2020-01-14,2020-01-14
e52c9df29b15972dee6b37e939017bcc,Cynthia Ramirez 14,Canada,1,2022-11-19,2022-11-19
4bf6445aaf35035da53dbdbe6f05968b,David Tanaka 21,United States,3,2024-02-27,2024-02-27
50b7d1d3e524d3c4ddc7a2ae8adccd6c,Diego Kowalski 12,United Kingdom,3,2016-12-30,2017-09-04
a1c15bb2c662179fa7b9f77fb23990bc,James Miller 19,Austria,1,2018-03-21,2018-03-21
55794997858b2b61fe7e897d3643eb9a,Jennifer Miller 14,United States,1,2008-06-01,2008-06-01
743e09cfe5cdeaf430398ed54a6754d5,Kevin Okafor 18,United Kingdom,1,2017-02-22,2017-02-22
d0b8f461815028b5527fd2787efcc45e,Lisa Flores 29,United Kingdom,2,2015-04-02,2015-04-02
6d9fedd3c49592c4b5fbbde2862525ad,Mark Brown 7,Switzerland,1,2023-11-21,2023-11-21
2e54aa9571ac1a50d912b1b75faee9a3,Matthew Andersson 17,Canada,1,2019-10-04,2019-10-04
5c355500dca3938fd4ae6cd00f2054bb,Nancy Kim 13,Philippines,1,2007-10-19,2007-10-19
e00876fd7c94048e3488ca4365705391,Stephen Brown 8,Russian Federation,1,2017-06-14,2017-06-14
e0d2a860c7f9c3a7e5ccf384f674a4a1,Wei Jackson 20,Australia,2,2009-10-12,2009-10-12
484af544f38157177b60941bc87452b9,Andrew Robinson 22,United States,1,2021-07-04,2021-07-04
a1a42b7b8a33f5ef5afdb32b7e687fee,Carol Williams 5,United Kingdom,2,2016-10-18,2016-10-18
d11b4e6343fb8dae825d040135f036c5,Christopher Torres 8,New Zealand,1,2014-11-19,2014-11-19
be3da0ef86b63bf6c00c543f0d2f582e,Diego Chen 25,Iran,1,2020-01-18,2020-01-18
338fd7f018924b7c56455930627853c5,Hassan Thompson 8,Turkey,1,2009-02-07,2009-02-07
c7774bd4d6438e7e8ca5af48b4cead23,Helen Green 13,Cyprus,2,2017-11-29,2017-11-29
bb3496bde9e6a2d81ea55e86b7312bfa,Karen Torres 6,Germany,1,2011-09-04,2011-09-04
dc276d235bbf818cfba978ed61cc4cf2,Mary Thompson 22,Germany,1,2015-10-21,2015-10-21
24ae9936792c732b690ddba1fe71c2de,Paul Costa 14,Hong Kong,1,2016-01-25,2016-01-25
feccf8c293da6fb5d1fbf42a28fcabf9,Rebecca Davis 11,Canada,1,2023-02-18,2023-02-18
451f6a3cfa1cb6e0f221004d3a622b53,Rebecca Smith 23,Singapore,1,2019-02-27,2019-02-27
bb3f69b130b9a9c366f717277c4b9083,Ronald Wright 28,South Africa,1,2016-01-25,2016-01-25
f69d8e6de27f2468ac9edab8685f6050,Steven Gonzalez 5,France,1,2013-01-10,2013-01-10
615791b8f8dfe02dbccf34012fac4077,Susan Wilson 2,Italy,1,2019-09-18,2019-09-18
e23d86a4d5c74780fc0f37fa464ef984,Yuki Lopez 3,Greece,1,2015-08-06,2015-08-06
1b75a43ffdf15c523209ed7901ab6fcc,Daniel Rodriguez 19,United States,1,2018-04-15,2018-04-15
b7b51f2e046bac56ba97958ef3dc0c9b,Elena Moore 15,Australia,1,2016-03-18,2016-03-18
f43e09736de578e62ce3dc58faa7f2a0,Lisa Williams 13,Germany,2,2016-09-06,2016-09-06
d131603ced88c3f0a2f2ea9b250b494f,Melissa Baker 16,Sweden,1,2014-01-12,2014-01-12
777736c77cf704f27ed095d8ff16d1ec,Nancy Jones 13,United Kingdom,2,2018-12-24,2018-12-24
166a0a663f45f72716b2b5142ce80ad7,Patricia Harris 25,Norway,1,2010-01-17,2010-01-17
892fdf29c00251a2810083920b0b8c55,Priya Moore 18,United States,1,2015-01-28,2015-01-28
3601addc489008561e4c974af6b4c92a,Andrew Moore 19,Canada,1,2016-11-15,2016-11-15
1625b9a474e738302c79ad1baf72e9b8,Anthony Young 10,Poland,1,2016-02-03,2016-02-03
0b1524337a7887f5c4983797371fcacb,Brian Wright 23,Australia,2,2016-12-29,2016-12-29
6bfb418ca6185af79a5e4fde6de76342,Carol Brown 27,Australia,1,2014-06-25,2014-06-25
a3769057a8453939881261ca7aa7ebd0,Daniel Jackson 8,New Zealand,1,2016-11-08,2016-11-08
bd6980c11d83a40e4adfc69b1e8deab5,Edward Hernandez 27,United States,1,2017-03-15,2017-03-15
7fb5ad3076480d9bc25f56a9057be545,George Mueller 26,United Kingdom,1,2016-04-19,2016-04-19
eb364a4e23c397c0e2e3e1e1cac4f905,Helen White 9,United States,1,2015-09-08,2015-09-08
485a33a4f8e39db86f00d50b447b74b8,Kathleen Young 24,Australia,1,2014-01-13,2014-01-13
a81e495045c4f737c4cfe9ae54ceebe9,Kimberly Jackson,United States,1,2020-02-06,2020-02-06
a2aa9426a8419ff448b02662716c9187,Lisa Allen 29,United Kingdom,1,2014-11-19,2014-11-19
affdaa9345b6ae1e866db1e120790a66,Mark Patel 26,Indonesia,1,2023-04-23,2023-04-23
1d4aa4f7a757b1e71888c4ab50424353,Matthew Hernandez 29,Canada,2,2016-09-07,2016-09-07
a6873fba7ef47341a7977ffb63e2e439,Michael Harris 17,Spain,1,2019-08-06,2019-08-06
0134eb49a87753800c7fb2ebd7733dae,Stephen Garcia 25,Thailand,1,2016-01-02,2016-01-02
9ef5c192d1c69287abb01d3996a30ef7,Stephen Torres 23,Italy,2,2013-04-25,2013-04-25
851dfff2d2e93d098ff1b0206735638e,Yuki Nelson 13,Indonesia,1,2016-02-28,2016-02-28
5e37e27ba755cb79d3f0c7c62f8a3b7d,Ashley Harris 5,Australia,1,2014-01-13,2014-01-13
0f8bfab3f466f193546e20a75ad7d349,Cynthia Gonzalez 15,United States,1,2022-08-04,2022-08-04
1cc31204cab8a8dce529a390652b25ec,David Sanchez 22,United States,1,2017-03-23,2017-03-23
0b0c5db09ebd8795289d1869a2f10329,Elena Torres 23,United Kingdom,1,2022-06-06,2022-06-06
422b109201eadf3c1413dc1e3c7c84ea,Ingrid King 3,United Kingdom,1,2019-04-25,2019-04-25
1ed86ea0686e35301e61d9bc30ce8dd9,James King 6,United Kingdom,1,2010-05-26,2010-05-26
70c8a3f1622b3eb1c07f36ae100f971b,Laura Miller 27,United Kingdom,1,2018-05-10,2018-05-10
fc597c385b7132be013a373c971275ba,Mary Wright 22,Canada,1,2014-01-12,2014-01-12
22356ef2a1439052f22885905c0e1ef4,Melissa Hill 9,Singapore,1,2017-05-07,2017-05-07
14baab4f01b1b82ab3222916d99476d2,Michael Petrov 19,United States,1,2022-08-19,2022-08-19
35430f20f371ed436c02ec71e56d3346,Nancy Miller 31,India,1,2014-11-19,2014-11-19
84ca32f7e9176d78f2661d61c02da03a,Rebecca Singh 21,Brazil,1,2019-04-03,2019-04-03
80e04475a6dfafae8a99dfa8a4c51288,Ronald Chen 6,United Kingdom,1,2010-11-22,2010-11-22
52dc1b250d66606f38b2fc4fb3d15050,Sofia Allen 25,Greece,1,2020-02-25,2020-02-25
84e97ab8f9800df445a8a089bbaa93c8,Susan Allen 20,Greece,1,2018-12-22,2018-12-22
28c5935a78d26706f92120ccddd479ec,Thomas Singh 20,Singapore,1,2016-09-24,2016-09-24
2b98a629e78988a27904ee0cbebdec74,Wei Kowalski 15,Singapore,2,2015-06-13,2015-06-13
9a97a38038c6e87304f505803f9e4a0d,Ashley Garcia 12,United Kingdom,1,2018-03-21,2018-03-21
9bd5d9880f6f6e20d25aebdb6425ed7c,Carol Allen,India,1,2024-10-29,2024-10-29
ee3ab7f3b8b21010b1540ff394cde1be,David Wright 18,United Kingdom,1,2017-08-02,2017-08-02
14e6df3204a78da1c08982f06c507883,Jason Baker 20,United Kingdom,1,2019-08-06,2019-08-06
b6597efcbde9d5ed970397801b503b59,Kathleen King 10,United Arab Emirates,1,2026-01-19,2026-01-19
3afc2135471bd9b077a19bc76207dcf2,Lars Brown 11,United States,1,2016-06-22,2016-06-22
4217d8e53a62127412762423ad658c9a,Laura Petrov 11,Australia,1,2016-01-11,2016-01-11
f156e1d0e2adbcb2994b5954f7c3267d,Mark Hernandez 29,Singapore,2,2019-10-07,2019-10-07
98ae6f4e426ec5dc1fc9e27def3000e8,Priya Haddad 10,Canada,1,2016-02-08,2016-02-08
377f28efb150b5d7aac02242dca1c5de,Cynthia Miller 19,Poland,2,2015-06-23,2015-06-23
aaedcdac62b758f972aff0d772eabdde,Cynthia Rossi 29,Hong Kong,1,2009-12-04,2009-12-04
ff521b71bfd20e007796b2af8d698639,Donna Garcia 12,Spain,1,2016-08-08,2016-08-08
ba41498250902a29e07edc45d6ae496a,George Martin 15,Canada,1,2014-07-25,2014-07-25
f07a479c9cbf19fdd291103edfcb2492,Helen Carter 14,United Kingdom,1,2015-07-20,2015-07-20
ff94d0cdee70aabd2b7b758e82dc6a9f,Joshua Hall,United Kingdom,1,2023-05-02,2023-05-02
e8d5832aa0b2a03319be7c69f71d650d,Kenneth Hernandez 15,United Kingdom,1,2015-09-20,2015-09-20
865ef9c3e753262359fef0be3cbd30a5,Kimberly Allen 4,Australia,1,2016-06-22,2016-06-22
6fb5762cb89c91314b0b72811298d805,Patricia Schmidt 20,Netherlands,1,2017-11-19,2017-11-19
bf0d3eafd0c6c125cbbac4abae1f94a6,Sharon Davis 18,Thailand,1,2016-10-06,2016-10-06
badf6d9fac95415cb6cf1a07e073da58,Steven Smith 21,United States,1,2010-08-01,2010-08-01
bb24fe432a84c3741e493d9eba91cec1,Thomas King 8,Italy,1,2008-08-20,2008-08-20
2729188efd43c9078f058c9340b7e38e,Wei Rivera 19,United States,1,2016-10-02,2016-10-02
7d77ac9b7ad220bea89e320600d58331,Ashley Campbell 25,United Kingdom,1,2021-08-11,2021-08-11
1fba29a27bfbd117b8cbccdb435d821b,Brian Jones 23,Germany,1,2015-11-03,2015-11-03
0e1938e39ac6ba0e9080a4c1f9caaaae,Daniel Andersson,Australia,1,2013-02-24,2013-02-24
f20023043ad69b4eafdb00f263b3f9dd,Hassan Lopez 10,Switzerland,1,2016-01-01,2016-01-01
1c013e6a849bddb3686d4379315da5d4,John Carter 29,United Kingdom,1,2016-03-25,2016-03-25
263b576b3d2f41e9ea5b7f37718b2f9c,Linda Hill 25,Philippines,2,2025-04-18,2025-04-18
4809325ac4c95f130221100a2e245527,Sofia Miller 24,Australia,1,2015-05-30,2015-05-30
5eb063db80438ddfb2bbfa64c9ad73d3,Steven Rivera 30,India,2,2016-04-18,2016-04-18
9862cbb65970319e9f0b319282f995d8,Anna Rossi 29,United States,1,2016-08-20,2016-08-20
71bacc019ff66ecc1eea7d10d83e3894,Anthony Green 19,United Kingdom,1,2015-09-21,2015-09-21
6d0c8afb521a4470580754d154fc3ccd,Ashley Adams 24,United Kingdom,1,2015-02-25,2015-02-25
a79e6dec804599ab2f2ae662d69205c0,Ashley Allen,Jordan,1,2019-06-26,2019-06-26
db4a3cbf2e67d133dba98ed1aa898d5d,Carol King 12,India,1,2022-12-24,2022-12-24
74554097ad629993790eb681ef7aa79c,David Adams 5,United States,1,2017-10-14,2017-10-14
fc3f96a394550c608033f6127e16e194,Paul Tanaka 11,United Kingdom,1,2014-03-03,2014-03-03
9a3013e90821d231e0355f850300f417,Priya Lewis 6,Switzerland,1,2012-09-09,2012-09-09
e21506a7be3cba2b0833077d7ba8aab9,Ronald Andersson 31,China,2,2019-12-14,2019-12-15
26773ddf43ab4c41d923be8139b7f62a,Ronald Schmidt 8,United Kingdom,1,2016-07-27,2016-07-27
f3890afe547f71855bbbb9b4eb2f41ed,Susan Thomas 2,Australia,1,2019-05-02,2019-05-02
069d787c07df460ed1398fc966c6b46a,Anna Clark 7,Canada,1,2019-06-30,2019-06-30
20d4a65ee5311a7d37cfcabd8f3986a2,Ashley Johnson 15,United States,1,2016-01-20,2016-01-20
4bedb6e6e669495280669e1964cf17ca,Carlos Robinson 11,Spain,1,2016-11-15,2016-11-15
491f240f6e01c63108ea44327daf39c4,Charles Perez,China,1,2016-12-10,2016-12-10
a33c82bd043d16ea55fff83beec4ec2d,Daniel Robinson 7,United States,1,2015-06-17,2015-06-17
2c56a5a6b4fa0c62251a4e79b684e830,David Torres 10,Germany,1,2014-03-03,2014-03-03
f028617a14756551b89b75b44d03ab88,Henrik Mitchell 28,United Kingdom,3,2016-08-02,2019-03-12
a6fb3ff5d58136881d4bc323b34954b8,Kimberly Thomas 2,Canada,2,2015-08-06,2015-08-06
c48238a1387de8881819d88730b16cb8,Mary Chen 22,United Kingdom,1,2016-11-21,2016-11-21
936a6af3d1de61542bc2c3dffa5ebf6a,Michael Davis 9,Belgium,1,2017-12-10,2017-12-10
eff65f78fbf7f10295281770ad161845,Michelle Lopez,United States,1,2015-07-20,2015-07-20
6306370d5d8caa376acb04f19822ed09,Michelle Rivera 28,Canada,1,2015-05-29,2015-05-29
9fee7942d964a80a9f0b106cbdd8e2a5,Omar Jones 12,United Kingdom,1,2025-12-17,2025-12-17
60380a3b043db5755458e97449013459,Ashley Smith 24,Australia,1,2012-12-24,2012-12-24
10de17677451010971340c236ef436f2,Brian Thompson 10,Australia,1,2014-11-19,2014-11-19
8a4c9e63a2b9777c8dfb42d1c2d15206,Christopher Martin 5,United States,1,2011-04-05,2011-04-05
9ed54a034740a6ca32c3bc5984e42adc,Christopher Robinson 18,United Kingdom,1,2016-03-24,2016-03-24
e8b5ccf2c707d69c44ed16716405e30d,Diego Taylor 12,Australia,1,2025-11-25,2025-11-25
7aa74880f8b7857c025e405b7b677dce,Emily Brown 15,United States,1,2010-08-07,2010-08-07
1edc31a52be751f66a0d61b5e1c6ca23,Emily Torres 2,Canada,1,2009-09-01,2009-09-01
2fccab9a2ab7eec91f128e444e42f6d3,Jason Mueller 18,United Kingdom,1,2016-02-20,2016-02-20
4057ccc0c2383645007ea2e072dadb3a,Kevin Costa 14,Malaysia,1,2015-12-02,2015-12-02
5195911c5f9a91ca7e66308432f924f8,Paul Kim 14,United States,1,2016-12-11,2016-12-11
c60f3ffd1cad7a2324dae5fcca029ded,Steven Petrov 16,United States,1,2017-11-02,2017-11-02
cad0edb474cdcccf4a8a4f2117a39850,Anthony Chen 26,United Kingdom,1,2018-04-04,2018-04-04
ba08d16912cc6a91dac7007d992e02d2,Anthony Kim 16,United States,1,2016-06-27,2016-06-27
6dedfd85dd7de33d8d08b31d39b0e0be,Brian Lee 20,United Kingdom,1,2008-08-13,2008-08-13
fcbcc815a319c30d5da7b0655ecfc35e,George Carter 7,United Kingdom,1,2018-03-21,2018-03-21
1fb29bdd479babe22abb94ff94c16711,James Walker 31,Singapore,1,2019-01-27,2019-01-27
c865995df36c67fbdc30ae2b1850af4d,Joshua Mitchell 5,Spain,1,2014-07-23,2014-07-23
c634419e1614ef3091a802a9480f1cf6,Lars Okafor 14,United Kingdom,1,2011-07-28,2011-07-28
96f0a0b690a9b421062acee06d068767,Michelle Ivanov 2,United States,1,2016-01-27,2016-01-27
d4d01173e2d754fa0ce5751c6768277a,Priya Jones 15,United States,1,2013-01-01,2013-01-01
37b4e8111217cb4edf532cc9ba2681e3,Wei Chen,United Kingdom,1,2016-04-18,2016-04-18
ceb4772de02f5f20da07b3fd39ac3f4a,Aisha Hall 28,Thailand,1,2018-11-23,2018-11-23
10ccfa64b4701ab5a7afc175b9cdbf07,Anna Nguyen,United Kingdom,1,2014-01-03,2014-01-03
94c4d80d1645ca11e887eb08d9247bc1,Brian Allen 13,Australia,1,2014-11-19,2014-11-19
cd08645bc6615f11d863770ae30f00d1,Carlos Kim 31,United Kingdom,1,2015-10-29,2015-10-29
3de7959ff1184cf0f0812664b5ea7b01,Carol Lee 8,Germany,1,2018-08-12,2018-08-12
cda5170be468d4e76a88b96f0835a036,Diego Andersson 19,Romania,1,2011-07-31,2011-07-31
bf6f212d6c526b9e6f36e9913253c0f3,Kimberly Patel 13,United States,1,2016-12-15,2016-12-15
2d418118af596e9788e322db548edb34,Mark Rivera 20,United States,1,2023-05-23,2023-05-23
fe28f3cce178d467247763d0bb705365,Mary Scott 26,Hong Kong,2,2017-03-15,2017-06-11
4e6cc8b8961c8e4833dbe70e581d5773,Priya Ramirez 4,Australia,1,2014-07-25,2014-07-25
eed07bb43d59c4928abaabd48d1c0d83,Ashley Johnson 8,United Kingdom,1,2019-03-23,2019-03-23
566310bf3d5100a5c10c7a96c15d1ce7,Edward Robinson 27,United Kingdom,1,2016-11-19,2016-11-19
0e87d268c5149e6503698e05b5b4fb1b,Fatima Clark 13,United Kingdom,1,2016-11-27,2016-11-27
6b9c98181e72fe0ada8f933a3ace5efb,Helen Gonzalez 28,United Kingdom,1,2015-11-21,2015-11-21
a097cf7c3eb13d27650f0f7c2ae5d9f1,James Walker 6,United Kingdom,1,2014-08-05,2014-08-05
3b85c2ad7ec9eec33f9c3e88c240988f,Kevin Hill 2,Hong Kong,1,2016-02-12,2016-02-12
a73a647bcb058c35a0c4eb57a7f5ffb9,Laura Jones 22,United Kingdom,1,2019-03-18,2019-03-18
ca85075ef1e8bea5d35f1ed862133912,Yuki Mitchell 31,China,1,2019-02-24,2019-02-24
