customer_id,customer_name,nationality,number_of_reviews,first_review_date,latest_review_date
606b201fc94c8277dfb3c01ecdb1ecff,Carlos Martin 18,United Kingdom,1,2019-03-08,2019-03-08
6212c067771eda72be480218b57ccf02,Daniel Kowalski 23,United Kingdom,1,2024-02-25,2024-02-25
51ba93c89055afb343a0477f0da80297,Donna Brown,United Kingdom,1,2010-12-05,2010-12-05
dd2728f036f3d6eeeda1b84ecd38b036,Edward Hall 24,New Zealand,1,2014-08-02,2014-08-02
00dadae5a9644e0701a440289ded29e3,Joshua Adams 25,United Kingdom,1,2016-06-01,2016-06-01
ad37b64ee7e64055c159fe7386b2680a,Joshua Clark 29,United Kingdom,2,2014-11-06,2017-10-25
bd564b5ae49256f74d7275b3e3fd6215,Kathleen Haddad 7,Australia,1,2018-06-16,2018-06-16
8926151121c1bf114e0a1c34ce0d7abd,Lars Patel 25,United Kingdom,1,2008-02-20,2008-02-20
af076610b15bde41c6bdcd5cf4ef59d4,Linda Jones 21,United Kingdom,1,2007-11-02,2007-11-02
2f34245f28ac44ccda49e36c911c209b,Mei Allen 17,United Kingdom,2,2013-01-10,2013-01-10
8a093205095c57731241a8176fa7db02,Melissa Gonzalez 17,United States,3,2011-05-22,2011-05-22
7ba6216243b4657912fc3ae559dd76d4,Michael Martin 13,United Kingdom,1,2010-08-13,2010-08-13
2eb75296845f20c7bd68d6868bf8f813,Paul Rivera,Germany,1,2015-12-12,2015-12-12
4cca0a734c73317784f97e727f04302e,Paul Wright 8,United States,3,2011-07-31,2011-08-02
fb7cffaadb07d46dfa539009181e154c,Priya Sanchez 24,United Kingdom,1,2011-05-03,2011-05-03
2a15a93f1225fc51af558e8082cab299,Robert Robinson 27,Canada,2,2020-03-29,2020-03-29
42d1b5c7785e88410ab68db49fd15223,Ronald Flores 22,Norway,2,2024-05-06,2026-01-14
9fb383f9b3124e81edcdce84c5552221,Steven Ramirez 19,United Kingdom,4,2015-07-19,2015-08-15
d0eccdbdc9638961d3cd887a16f9785a,Susan Allen 2,Vietnam,17,2016-10-06,2023-03-13
eac37000612e5748353afac0a8b79a9a,Aisha Miller 7,United States,1,2015-11-02,2015-11-02
885b4ebd8a09a85171ee5930dda034a7,Cynthia King 15,United Kingdom,1,2015-08-13,2015-08-13
1742d60851ae71343abe65a1a319508d,Donna Haddad 13,United States,1,2015-01-04,2015-01-04
0b92911abd1df6492b7b24205edfe84f,Edward White 16,Canada,1,2014-01-21,2014-01-21
836352e78b024ddabf32689907e644d3,Hassan Nelson 16,Canada,1,2020-02-04,2020-02-04
bbbc5fb267ab700116e9a4ba078ae48e,Helen Rossi 21,United States,1,2015-05-29,2015-05-29
8436c21dc017eebc6673823f517205a9,Lisa Martinez 16,Japan,2,2016-05-15,2016-08-26
117fd57803e3c0178c2e2754422d4150,Mark Allen,United Kingdom,2,2008-03-22,2010-07-14
96becb2e83ee9b64016420d8c5a71fed,Mei Scott 24,Australia,2,2019-01-29,2019-04-21
fb7910f658f2f859390e084e74be3d25,Michelle Rodriguez,United Kingdom,1,2017-12-10,2017-12-10
d03a2b6f1f1db29295d8e64f9e393054,Nancy Schmidt 27,United Kingdom,2,2016-03-06,2016-03-06
eea25dc53acc59fb8bd40f495368f703,Paul Young 4,United States,3,2016-02-08,2016-02-09
2e364ef64dc26b6bdd4e2a309cac5cdc,Priya Mueller 2,Germany,1,2015-06-13,2015-06-13
c449a426e7e7a249e7c5abc22a2969b5,Robert Kowalski 26,United Arab Emirates,1,2016-08-28,2016-08-28
47e055c7424ae01d9087759093d438f5,Sharon Okafor 24,Switzerland,1,2017-06-10,2017-06-10
d8d6f9488f2080ffea1f694a68f1e45b,Sharon Rodriguez 31,Australia,1,2016-09-09,2016-09-09
62e157760480d9e9a3aba678c6af3992,Sofia Adams 20,United Kingdom,5,2016-04-07,2017-03-19
a1b746c921efabb13877c50c8969b844,Stephen Schmidt 15,United States,1,2015-01-02,2015-01-02
dd283c2a4f7ce5b28a399ee0d1c489ef,Wei Johnson 14,United Kingdom,1,2009-06-04,2009-06-04
6fe3d1438703958585f10711a5ff9ed9,Anthony Hernandez 23,United Kingdom,1,2009-07-14,2009-07-14
151cd6c84feb76c306b1befd11fd5e84,Anthony Mueller 17,Kuwait,1,2011-10-21,2011-10-21
b0777cb03be068d7b541b80bdbab7a40,Cynthia Wilson 24,Switzerland,1,2017-07-21,2017-07-21
977b1cf436b432cbc9181fb50c952464,Edward White 18,United States,1,2014-02-20,2014-02-20
608c6c3ad3bbac7350cfb7e9c5a619c4,Eric Lewis 15,United States,1,2011-10-21,2011-10-21
aa65f1e8fed8a90de5d20f09bec85bdd,Jennifer Garcia 6,United Kingdom,8,2007-12-07,2022-06-08
61a28e27b3e7cfd4e852e6de5b308907,John Johnson 3,Germany,1,2018-06-25,2018-06-25
87dd502c1aa1def44d373409651b19ef,Kimberly Thompson 31,Thailand,2,2022-10-16,2022-10-16
368b71b8fa3b29fdbff9479b01ed8341,Matthew Okafor 15,United Kingdom,1,2018-08-13,2018-08-13
b497106667a79eafd9513d66339d5f80,Raj Robinson 31,Canada,1,2019-05-14,2019-05-14
89d65f1aa78a5ef051bbccc0665ab026,Sofia Robinson 21,Spain,2,2015-03-22,2015-03-22
13cb720872d56d71b78baa48ffe3267c,Thomas Wright 22,United Kingdom,2,2011-05-03,2011-05-03
f59ab2bcf777552f1ce62f859cdfd859,Wei Haddad 4,United Kingdom,3,2010-07-05,2010-07-05
30d2934b4c5f4136a31470f790072c8a,Yuki Jones,United Kingdom,1,2015-09-10,2015-09-10
32d0e66fb8cd507e2ef4c86cc7119c3f,Anna Anderson 16,United Kingdom,1,2009-10-05,2009-10-05
ebe982e4c9864eb8bae69f8a2f5f7786,Anthony Thompson 7,Canada,1,2013-01-10,2013-01-10
0b6ce2331bfe8f05a3e3901ded80475d,Edward Roberts,Australia,1,2016-01-13,2016-01-13
4be88210113dc507de8616fe51b61b92,Elena Garcia 18,Australia,3,2012-05-08,2012-07-25
90511cece62d55b13ff6ea2834551876,Jason Ramirez 17,United States,1,2017-10-23,2017-10-23
d74d7ba28802d5270c9300d9aa072c44,Jennifer Flores 18,United Kingdom,1,2016-07-17,2016-07-17
57073c61fa6096b81017721b1edde7d2,John Adams 2,Austria,1,2015-06-26,2015-06-26
56c4aef782ee037f105de4d85ab46cba,John Nelson 8,Netherlands,2,2011-01-28,2011-01-28
7b5204e30d51f37aa76ef68065fe1f51,Kathleen Allen 11,United Kingdom,2,2018-07-05,2018-07-06
f9c8c2bb0eeb936846f6e44db87da05a,Lars Green 11,Germany,1,2018-04-23,2018-04-23
632b096a65b3dbfc191754f64134a7be,Laura Wilson 5,United Kingdom,1,2008-10-30,2008-10-30
aeee294c5cdb8fcb279957919b67f926,Lisa Lewis,United States,1,2011-09-13,2011-09-13
dcf827e467e4cad64da9622d38c97e6d,Mark Perez 7,Australia,9,2016-03-31,2017-01-08
e4c6e3118c9f0f2ea2b95379007bbef1,Melissa Nelson 19,United Arab Emirates,1,2023-08-17,2023-08-17
4ea1dd6d1f41f3ea1a821fe8bd8d1925,Michael Rodriguez 13,Philippines,1,2017-12-23,2017-12-23
cdc730335a28cc52a879802714cb1ae3,Nancy Kowalski 4,United Kingdom,2,2013-10-06,2013-10-06
eb5cef71edc17ef9966c004ddfef12ec,Nancy Smith 31,United States,2,2019-05-26,2019-05-26
203de6eab15c0b0dfe67688ac3085f8b,Paul Baker 12,Canada,4,2016-05-26,2016-06-02
7070c9bed627833af2e28a97c4dbc120,Raj Costa 22,Saudi Arabia,1,2018-08-12,2018-08-12
3167b945736c34318743f11006073b73,Ronald Walker 9,Saudi Arabia,2,2017-09-20,2017-09-20
a495260666792cd29728d15a23ddcb83,Steven Davis 21,Canada,2,2014-03-30,2014-03-30
78889af66faf7dff9ea26d5bf2fe5f26,Susan Chen 31,Australia,5,2011-05-01,2013-07-07
628954b6a40d92ad02374b82dad22e2d,Susan Thompson 22,United Kingdom,1,2008-10-30,2008-10-30
42298cc3343b51087b6c01f97a65258a,Yuki Campbell 3,Spain,1,2016-01-12,2016-01-12
08c78cbf9d569a274344acf85912647d,David Rodriguez 2,New Zealand,1,2023-01-14,2023-01-14
e13cdeed05d2d827147ec0e41155b059,Emily Okafor 4,United States,1,2012-09-17,2012-09-17
498a6548354eac4e40ea9e8bd7c63d4c,Eric Allen 24,Saudi Arabia,1,2012-12-25,2012-12-25
8950f945188869d27d9d51e796038b32,George Haddad 20,Canada,1,2012-03-28,2012-03-28
5c3a20db5ace28dd1dfa1d5b7721b065,Hassan Lee 27,Qatar,1,2013-05-29,2013-05-29
9b5fc30df8b604be5b70884d8a689fb0,Ingrid Thompson 27,United Kingdom,1,2016-05-20,2016-05-20
743bf048ea8485416d8f9e32a1374bca,Joshua Perez 19,United Kingdom,2,2008-09-17,2008-09-17
ea68c8213d430b6697b2086aa7aeb672,Kimberly Johnson 17,United States,1,2013-01-18,2013-01-18
1500eab572712c416feb5c2ad92b72d5,Lars King 17,United Kingdom,1,2014-06-04,2014-06-04
58ab9dfe99309301578d0b86fd367f47,Raj Mueller 31,Australia,1,2015-08-31,2015-08-31
7a8d58a5f5eb0d7070fd03b27c02791b,Sandra Patel 28,Ireland,1,2013-11-15,2013-11-15
db3c5e9a2410cb19144dc69f05588785,Aisha Perez 2,United Kingdom,1,2014-08-25,2014-08-25
d264f1b32e0baeca0135bdf8d2b828c8,Cynthia Taylor 11,United Kingdom,2,2019-09-11,2021-11-29
c0432ec5b24dca71437a802df47ad0ef,Kenneth Ramirez 19,Greece,2,2016-12-30,2016-12-30
ed6c9688f02de9ce2d3b391f21aa6b8a,Laura Robinson 23,Australia,1,2012-06-05,2012-06-05
afadf85c5f81cad273fa05fd2224168c,Laura Tanaka 23,United Kingdom,1,2015-03-22,2015-03-22
0f3396aa73007e40436417181b9e7834,Linda Kowalski 5,United Kingdom,1,2014-03-30,2014-03-30
b18ab1f1218de5b3ab0a1efd75f73d61,Melissa Taylor 14,Romania,1,2019-02-04,2019-02-04
81a32702ca98e3da7c738b71912e41b7,Michael Hernandez 6,United Kingdom,3,2009-10-10,2009-10-15
0d13e37e66a776689279ce66808fad97,Paul Rodriguez 29,Hong Kong,1,2016-02-14,2016-02-14
82d9387ec007aab07cec3a8030acfeec,Sofia Campbell 8,France,2,2011-05-01,2012-03-28
32500a8aaa25e1021e98c755da452f40,Stephen Rivera 10,Argentina,2,2012-11-15,2012-11-15
6faf84a32843e77fe50868e71241c8a2,Susan Martinez 8,Australia,1,2016-02-20,2016-02-20
3e8b4458e3dabfddb85342367cba06b8,Carlos Green 2,Pakistan,1,2017-12-21,2017-12-21
87fe120049282e9d19f400c95e6b26d4,Christopher Tanaka 26,Switzerland,2,2011-05-01,2011-05-01
24fbb7ebf5c9d9f953079d3ea757fa84,George King 16,Singapore,2,2013-05-29,2013-05-29
45f0e0dafdf654ca6caaf4ff0022d3c1,Helen Ramirez 30,Australia,1,2013-04-24,2013-04-24
34d95a14ac8ffe38456996fcb73bbb9b,John Martinez 21,United Kingdom,2,2015-05-11,2015-06-17
509b3994c55f872ec8f676f02f0e5f10,Mary Moore 19,Australia,1,2014-08-30,2014-08-30
8c15fb3b30ac7ecf4c76a05bb02f0715,Rebecca Petrov 22,Canada,2,2013-07-07,2013-07-07
773e00e7e207297a663161f35f0be593,Sofia Gonzalez 20,Poland,1,2024-04-25,2024-04-25
6e3fb174087aaf5dab75c6b9fc570aac,Wei Clark 28,United States,1,2015-11-23,2015-11-23
db5a3a148b0b4ccdc815ddc3ead73e14,Andrew Moore 25,United Kingdom,3,2012-05-01,2012-05-01
f8e185646c1fc4fadddb18df217d0d94,David Singh 20,United Kingdom,2,2008-08-19,2009-01-05
595fd65e642473eba6a58c2121132938,James Kowalski 26,Singapore,2,2011-10-22,2011-10-22
12a0bb0bcf87470e93553ee4d2ec5ec2,Jason Campbell 13,Japan,2,2015-09-27,2015-09-27
327188ff855d753d17f07824f45552a2,John Andersson 30,United States,1,2017-01-07,2017-01-07
1a6df18c37fd23ed75005f6c83d3d027,Lisa Okafor 22,Kuwait,1,2011-05-03,2011-05-03
98d5d4c286a84c07b3883c13082064fb,Mary Flores 19,Singapore,1,2015-07-13,2015-07-13
c4818b31f4af5d7909d73c04e9c3fefe,Matthew Harris 7,United Kingdom,1,2010-01-21,2010-01-21
a3b4ff4a768bd9db1d4537a3335e42e6,Paul Nelson 17,Australia,1,2018-08-11,2018-08-11
752858aa33b6001850cb79d2d48bbfc7,Steven Flores 27,Australia,1,2014-10-04,2014-10-04
150fd05499e25a99b79f64b16693ae3f,Steven Schmidt 17,Singapore,2,2018-10-16,2018-10-17
5d66d43bc95955e34e856551dfa7573a,Ashley Rossi 18,United States,1,2019-12-05,2019-12-05
09f22aea3edd77415e31875823e0a920,Carlos Lee 23,United States,1,2012-11-07,2012-11-07
5e13d89cdf695ca0eb27de5279b8f25c,Eric Andersson 23,Germany,1,2017-07-17,2017-07-17
8a053b09c30a5651562c4047532b66b6,James Thomas 27,Ireland,2,2014-03-11,2014-03-11
7d286009454df028611442a22ce9c1b5,Mary Thompson 7,Netherlands,1,2017-05-25,2017-05-25
989d59100eabfb603e914ed64b601900,Mei Jones 11,Germany,1,2019-12-16,2019-12-16
24a0ccbbc5f08678353fb8724cad9fe3,Paul Patel 11,United States,1,2016-02-04,2016-02-04
f623f7aa784ec2f0f37a3dc5f2370876,Yuki Hernandez 19,United States,1,2017-08-13,2017-08-13
7db0cff4d0f22bef36127550990af177,Carol Carter 7,Romania,1,2016-02-28,2016-02-28
5d8a40c751b3ba9d69590c3c9fcb00da,Carol Young 7,Israel,1,2017-01-06,2017-01-06
0a97fd6fcaef5ce19504080580ad9d4e,Cynthia Martinez 30,United States,1,2017-10-13,2017-10-13
fe0a409b5b32582ddcfe54f31e3d6abd,Elena Baker 27,Switzerland,1,2013-12-30,2013-12-30
1921d465d13d6e6638b196b453f4f9a5,Hassan Lee 28,Canada,1,2023-11-13,2023-11-13
dd5db62e057c59f6d7387ea4bd4b8d24,Jennifer Nguyen 26,United Kingdom,1,2016-09-09,2016-09-09
1da22986f6afb6928d96f6c758b49af3,Mei Martinez 15,Portugal,2,2015-09-30,2015-09-30
d14ba03a429dc2df2fb58a397480543d,Michelle Rossi 19,New Zealand,1,2016-01-31,2016-01-31
04fb658a59cc8a9bd983dc04e6b95f90,Omar Moore 15,United Kingdom,1,2009-08-12,2009-08-12
fd05a1f91ec1d6f5b2e1d1aecd79dd56,Anthony Adams 13,United Kingdom,1,2009-05-31,2009-05-31
8fd353938cbf822b62ce1f9c232b6f18,Diego Rivera 13,Australia,3,2019-06-26,2019-06-29
b9d669676974fb88c4f9dd8151c35c4c,Elena Jackson 11,South Korea,1,2014-04-22,2014-04-22
7bf80c50c5e6600942d471138c1be700,Jason Allen 8,United Kingdom,2,2013-11-15,2013-11-15
297c3edeb4f4c932b3110c0474fab90d,Kathleen Anderson 24,United Kingdom,1,2009-01-20,2009-01-20
dc2a9a9cd265a94ce8e91589b226314f,Kathleen Anderson 4,United Kingdom,2,2010-08-09,2010-08-09
0b121578dac986d0a6c9d1d1d2eb1499,Kenneth Mueller 10,South Africa,1,2015-03-22,2015-03-22
eb8f9fdf068a03de6cfb180d1c7235a7,Sarah Andersson 7,United Kingdom,2,2010-06-22,2010-06-22
32e2b9df754fffab615b8660f0c34af8,Stephen Tanaka 13,United States,1,2019-07-13,2019-07-13
485594135dde276c81679c667f3e099c,Brian Patel 11,United States,1,2017-03-15,2017-03-15
527566489fd74342eaed285c96b00d3c,Eric Lopez 12,Israel,1,2012-08-05,2012-08-05
d046cc6604c698c89159fb263edc6a3b,Helen Moore 30,United States,1,2011-10-21,2011-10-21
5535f09cb1acc07689cb3862b4fdaf3f,Karen Roberts 16,United Kingdom,1,2008-02-25,2008-02-25
11a0e39d5bc7e75af790c3f56c579a8a,Lisa Smith 4,United States,1,2018-03-31,2018-03-31
a0a0dce3991b74b46bb6195b49eb6350,Mark King 17,Netherlands,1,2019-05-18,2019-05-18
479e3840ea5fbd2831bc1b53b39ce7f3,Priya Roberts 29,Malaysia,1,2018-11-08,2018-11-08
79ce0410623f0d04b065248cabc8824e,Sharon Singh 30,United States,1,2015-05-10,2015-05-10
f559e3c1865b7a8db0f70e12638b8446,Anna Haddad 18,Germany,1,2019-03-15,2019-03-15
f17110b7cec5bd57e35e0dab708813db,Anna Scott 15,United States,1,2019-07-08,2019-07-08
9fceca3df5dd91424cfd3eeadd1f7551,Diego Martin 2,United Kingdom,1,2009-09-20,2009-09-20
e37119bd0502138dafd933f13c0a3831,Fatima Torres 28,Canada,1,2017-06-18,2017-06-18
484a44da6730781c4f7dc4adb1e10af2,Hassan Sanchez 19,Germany,1,2018-05-21,2018-05-21
c95de72661b526621a1e92ce3a924538,James Thomas 26,Australia,1,2016-02-19,2016-02-19
de27e798a4631e19b32cadd615ddb6d7,Karen Ramirez 29,New Zealand,1,2024-03-21,2024-03-21
794e50d08677d521cd5e024ac277909f,Kevin Singh 7,Switzerland,1,2017-01-03,2017-01-03
70a0fb8cfcb06454bdd7ab9877b59997,Laura Hall 6,Australia,1,2018-04-22,2018-04-22
8c14d55fc474050b7e44cf8284b78880,Lisa Andersson 26,Australia,1,2017-11-05,2017-11-05
8fbd7667dd737aa1ae668b572ff7a807,Priya Carter 29,Australia,1,2015-07-22,2015-07-22
08709c1de454ecf207dcb664e149a75b,Sandra Okafor 16,United States,1,2017-11-02,2017-11-02
fd56e3d492705253c84a553006b0caa6,Amanda Thomas 8,Australia,1,2017-09-25,2017-09-25
effa58f880ffb77a91417278bad4e1ae,Ashley Haddad 30,United States,1,2016-03-07,2016-03-07
e256a978b47701abddcbd94f4daf4b48,Charles Carter 5,United States,1,2019-03-17,2019-03-17
1125dd4fd71b56fb66c16781d91c85a1,Christopher Johnson 15,United Kingdom,1,2016-08-19,2016-08-19
5f036c8741989216ef8802b8f7d81f02,Christopher King 13,United Kingdom,1,2013-05-29,2013-05-29
48fe5431d0a3d37a16ebaf3ea896c82f,Christopher Lopez 25,United Kingdom,1,2013-09-15,2013-09-15
f4ca1f2fa0fe9e7951057d8f7e2dda6f,Daniel Wright 25,United States,1,2012-10-29,2012-10-29
d8bf6d4b435f389808a620d57f29178f,Edward Torres 25,Australia,1,2016-02-20,2016-02-20
026e5d7db9a3355846c54d8570be21e8,Kimberly Carter 7,Australia,1,2019-06-10,2019-06-10
50c50df883dfec4a60ad7f37e8b308e9,Lars Perez 30,Sweden,1,2016-11-06,2016-11-06
3d6e1c8fbbf46e786c3230a87f88861f,Melissa Chen 24,Canada,1,2013-12-23,2013-12-23
d751399ef581ae639459ecd7f40b7fea,Robert Haddad 11,Germany,1,2014-08-02,2014-08-02
8769bea83549c33b19dbd63c8bd63f36,Anna Mueller 8,Germany,1,2021-11-21,2021-11-21
a8d3607041b786c27ff1c599209bda15,Donna Chen,United Kingdom,1,2017-04-08,2017-04-08
cae2ebd80e4f00ff8d80a105261a1b4e,Edward Roberts 17,France,1,2013-03-20,2013-03-20
c14a6e733705073882cb51a307842f01,Henrik Lee 24,India,1,2019-11-25,2019-11-25
3b2dc41ebf7b2fe264ba209775a29f3b,Mei Tanaka 11,India,1,2015-06-11,2015-06-11
9eda643abbab695cb5188677ccee2bd7,Ronald Lee 10,Australia,1,2022-10-01,2022-10-01
b71987cfedcaf081e9cf22e2c7398fac,Steven Thomas 10,Thailand,1,2014-05-12,2014-05-12
f7ab0ce8fe884d9542f1d2e6171553e1,Cynthia Hernandez 5,South Korea,1,2014-03-03,2014-03-03
0c3ee20e90b7d159daa0be71a70039c6,Eric Brown 5,Netherlands,1,2015-05-29,2015-05-29
173a0a16903dabf9565066f2bfe9df01,Henrik Mueller 29,United States,1,2017-07-21,2017-07-21
777c49bb7d1a05194fd3df5f83e58493,Jason Moore,Hungary,1,2012-09-10,2012-09-10
409ed80247bcf2af2ad19b84094538ab,Joshua Garcia 10,United States,1,2017-04-23,2017-04-23
db00bbbc44b3764116464e60f91306e2,Mei Harris 8,Aruba,1,2018-12-27,2018-12-27
31cb1110c164201468c4318ffdcf5991,Michelle Nguyen 6,United States,1,2013-09-15,2013-09-15
8d8c93b471b4dc8476a0bb962336f052,Nancy Clark 2,United Kingdom,1,2022-04-11,2022-04-11
9659c591b650a2617c700a538133ddda,Nancy Garcia 5,United Kingdom,1,2023-01-17,2023-01-17
64ccc09bab87c5249c379c41c6ebbe99,Priya Harris 18,United Kingdom,1,2016-01-18,2016-01-18
717e870911510891b2bbed4d88f152f0,Ronald Lopez 9,Ireland,1,2023-05-25,2023-05-25
1b12686f0df8d5eb99670206fb8d55ef,Sarah Robinson 18,Netherlands,1,2016-09-27,2016-09-27
22593230e6971cfeb7a6a6cec5829ead,Sofia Walker 12,Germany,1,2014-10-05,2014-10-05
99ee0822a5783fae5e150bd819b723d0,Yuki Brown 13,United Kingdom,1,2010-02-03,2010-02-03
6ef3a09baedfad0997657433d465ecde,Anna Kowalski 11,Australia,1,2019-05-14,2019-05-14
9f6b2565d733a0c4679101f853ddf530,Carlos Williams 29,United States,2,2018-03-04,2018-03-04
8e205c183b822d496f9d67c9933214af,Carol King 28,New Zealand,1,2016-11-29,2016-11-29
6ba84dc0a61c0e8656751cb05ee56642,Cynthia Torres 29,Canada,3,2014-08-05,2015-10-02
6da193153691d91c26aa0778896bfb58,Eric Wilson 19,United Kingdom,1,2009-08-13,2009-08-13
c7c3919c88a088b3687c2aff528fa55c,Helen Flores 4,United Kingdom,1,2015-11-03,2015-11-03
bf5c9d1eb32d47819bf0bc5cda5ffe9a,Helen Kowalski 20,United Kingdom,2,2019-09-17,2019-09-17
1f1bbd4576be42fd7bbeb4c6500e09ba,Jennifer Gonzalez,United States,1,2013-07-07,2013-07-07
38eb43eb6ea66e981aac5bb4ecf5c56b,Joshua Lopez 19,United Kingdom,1,2009-10-10,2009-10-10
4113a5fe4a5d81fd2d5115f9a55be60e,Karen Anderson 16,United Kingdom,1,2014-01-13,2014-01-13
c5489d93a1427d9b444ec22e91c54b7f,Karen Rivera 21,Australia,1,2016-10-19,2016-10-19
a8c3f2cf06d6841815378a0f6e31d22a,Laura Green 7,United Kingdom,1,2008-01-14,2008-01-14
c3e57d7306ad0d652665c02799cc3105,Michael Taylor 5,Brazil,8,2013-05-29,2015-05-09
c4cc3042f30584ed83fe01593895d124,Priya Gonzalez 8,Australia,1,2013-12-30,2013-12-30
5ab7b2af4ee949dcb56ebc2f420200ad,Priya King 10,Australia,1,2014-09-30,2014-09-30
5d7b93049bd5c55886958b0b29aaca9f,Sofia Johnson 25,Brazil,8,2016-07-31,2018-09-11
fedc9998513496544c524f1b805b7adb,Diego Adams 7,United States,3,2014-04-30,2014-05-01
ef69f2a42476bf93b9cc7189cbc9206b,Diego Hernandez,United Kingdom,7,2011-02-14,2014-05-12
97977ee92202910c1718e16b4d435d6d,Elena Roberts 4,United Kingdom,3,2015-04-02,2015-10-23
4ae13d3f5d253691221991637a6849fd,Emily Gonzalez 5,United Arab Emirates,1,2012-09-17,2012-09-17
0a73011ff6910e57a3382562e04fff91,Emily Haddad 26,United Kingdom,1,2010-09-06,2010-09-06
df1ad8224aa332af61d0f1d85e01b16e,George Taylor 29,Australia,1,2013-04-16,2013-04-16
9c8a61501852856ded6aca0c9e9b47eb,James Wright 12,Australia,3,2015-09-17,2017-09-11
ae1f056066b58498dfe7074e4c2938a2,Kathleen Wilson 20,United Kingdom,2,2010-01-12,2010-01-12
cad2648a95a9285958d59bc23fc6df61,Michael Miller 19,United States,1,2015-08-15,2015-08-15
f694447d36ff2aabf396af77b26e0929,Michelle Kowalski 17,Qatar,1,2014-01-06,2014-01-06
0c09c9fdf1cf3bf7ab9a21ee84515b6b,Nancy Taylor 13,United Kingdom,1,2015-05-29,2015-05-29
58910c69da4ab57c9cd1d125c4cec697,Omar Anderson 9,United Kingdom,1,2022-11-12,2022-11-12
144a6d2b09217e4c12fd4628f68be245,Patricia Adams 31,United Kingdom,1,2007-11-03,2007-11-03
60ea2543fbf1162ef2f8e29fbcf17b95,Sarah Jones 23,United States,1,2019-07-19,2019-07-19
72b808a3d54713ded48d3c573e8c157c,Sofia Adams 25,Iceland,2,2025-08-18,2026-01-24
cc172717b2729d2960b3f4ee710473f6,Sofia Kim 11,United States,1,2013-07-07,2013-07-07
f836db9e00b56e6db5e2a0c6eff6dff2,Sofia Martinez 24,Canada,2,2012-01-25,2013-09-15
2a401628f172ebdcf2b0532e5c6d7feb,Wei Scott 26,Brazil,14,2011-02-14,2015-03-22
cf6e9b1de89ad3a5d6ccfb4e364e168c,Aisha Singh 24,United States,7,2018-03-30,2024-12-04
c2353f9c986ff697b998d409c8618b38,Carol Allen 16,Australia,2,2012-09-27,2012-09-27
dd1abf1a1d355ac817d8f11943a9cacd,Christopher White 29,Japan,1,2013-09-27,2013-09-27
8afcef1f3dfb35b58a98a3b63de4e602,Cynthia Clark 13,Malaysia,1,2012-03-28,2012-03-28
be55ac9680c6bd056a3c254bffd7af04,Diego Baker 29,United Kingdom,2,2013-07-07,2013-07-07
887c4bf05a6941d16a020f786dd7e252,Diego Robinson 29,Australia,4,2017-03-27,2017-04-08
7bba211261a04f08232d8d34dd9ba9bd,Emily Green 30,Australia,2,2014-10-22,2014-10-28
5d978c7bfe417792e8094ba1227cbf39,Fatima Ivanov 11,Philippines,1,2016-01-04,2016-01-04
bda8955321ab270dc8df23b8b10b026d,Henrik Taylor 16,Canada,1,2023-01-13,2023-01-13
e53aa48a113f77a57ee59925e9d80238,Henrik Walker 16,Costa Rica,1,2015-10-21,2015-10-21
d5646663db03d044aa228b9b9e0d012f,Jason Robinson 23,United Kingdom,2,2022-05-17,2022-05-17
6de5532a694066e3dd4493665d912005,Joshua Rossi 14,United Kingdom,1,2008-01-21,2008-01-21
b7bfb5f825b40ca001cee1b1e9de70d8,Kenneth Martin 31,Croatia,1,2019-07-20,2019-07-20
dd853b6be634aaa55539d51ba55c02c1,Kimberly Garcia 22,United Kingdom,1,2015-11-03,2015-11-03
43190b9ed7204704ce3c48a0b996fb60,Linda Patel 18,United States,1,2017-12-18,2017-12-18
86af5b8f5657af3bc6bea9b39b0331f1,Lisa Hill 26,United Kingdom,1,2010-07-02,2010-07-02
b948261e932e5a170d41e85c43852565,Mary Rossi 5,United States,1,2015-02-01,2015-02-01
b091f5640b0b451ae69f249affb2eb78,Michelle Lee 26,United Kingdom,1,2015-06-27,2015-06-27
e7d96066ff56cb64f28adeaf8488d6f4,Nancy Clark 14,United Kingdom,1,2010-07-02,2010-07-02
9993a0e32943f844c0d950a42ee9c7c0,Priya Kim 17,Canada,1,2016-09-24,2016-09-24
4167573e95c3cce2b63564271bda98f9,Raj Wilson 19,United Kingdom,5,2015-03-22,2015-03-22
67825b2864f2883a68406571e656fc5a,Ronald Garcia 27,United Kingdom,3,2012-12-13,2012-12-13
ee532b66f69c8eb3143bed254ac2e66d,Sharon Hill 18,Singapore,1,2015-10-23,2015-10-23
2ea9e8e831662912fdfd3c1e5334f0e2,Sofia Ivanov 29,United Kingdom,3,2013-08-14,2013-08-14
150637c757e287a8e7ceb473fc66595d,Anna White 11,Australia,2,2017-03-16,2017-03-27
9843e1bac2c01781742dcbefc0f408d7,Ashley White 19,United Kingdom,5,2007-12-30,2009-07-14
4084828062426b714afe0fcc2341cfcd,Emily Walker 24,Netherlands,1,2020-02-11,2020-02-11
a6de9d2c053e02dd95bf0f444b711d22,Fatima Jackson 7,United Kingdom,1,2007-10-18,2007-10-18
3f19cfb2c852d76b92c8aac0de745cc2,Hassan Costa 17,Australia,1,2018-06-17,2018-06-17
416f88d74d553220caec23f250bdb9a0,Lars Martin 14,Myanmar,1,2015-12-15,2015-12-15
ab718c991feff4c94b6cf8bb8e21a2a5,Laura Lopez 27,Singapore,1,2014-03-30,2014-03-30
274a1fc4b1129de400b3bcc09f5286ae,Nancy Robinson 17,Canada,1,2015-01-27,2015-01-27
6ffa16d3a2ec5b976dc89d37517eacbe,Robert Taylor 27,United Kingdom,1,2009-02-28,2009-02-28
f886a98aaf2b39847c91c3dd35fd205d,Sarah Torres 19,Australia,1,2022-04-20,2022-04-20
a32b074fd9c53b6bf3ce6d749a2fdf44,Sofia Ramirez 4,New Zealand,2,2011-05-28,2011-06-09
aaceb2437e21091fba688a36abee8a88,Sofia Robinson 29,Canada,2,2011-10-21,2011-10-21
b96937063d13ec9cdc1b005054e8225a,Stephen Hall 13,United States,3,2011-10-21,2012-01-25
6c4a65d69dcdb2b89f2a6c19cbeaeb86,Stephen Kowalski 12,United Kingdom,1,2016-04-01,2016-04-01
bddbf275d8624b27dead6a42a24d150b,Aisha White 9,Turkey,2,2018-12-10,2018-12-10
798d7078c7cab0fff0bf43fb87dc8460,Carol Moore 31,Belgium,2,2023-02-04,2023-02-04
ee3f0020153847d27de24717423a8955,Christopher Green 24,United Kingdom,3,2010-04-09,2015-03-01
ad116566a6254515308ba6a3d8fb3703,David Allen 13,Thailand,1,2018-05-25,2018-05-25
cf6e024c4b233ea78313614c6cf28cb2,Emily Ramirez 26,Netherlands,1,2017-08-10,2017-08-10
5e884d629e15988c3cc8470981b2fb27,Fatima Hill 3,Singapore,1,2013-05-29,2013-05-29
395aceb482f27630c4dd9f57d0f17a5a,Hassan Wilson 6,Australia,1,2017-12-24,2017-12-24
74eebed4c6dd9ca65a48acfa0b423ddc,Ingrid Flores 4,South Africa,1,2016-03-14,2016-03-14
7d756ccfdd645d840b4486d8f273f4c3,James Singh 10,South Africa,2,2014-03-11,2014-03-11
e2665f7ba2ad90dafd2a445f1541d280,Kevin Ramirez 17,United States,1,2013-07-07,2013-07-07
c962dbef784fd60471baa8a645b9a7ff,Kimberly Flores 3,Australia,4,2016-01-17,2016-06-27
c758570132e548d0072088cb34c9d7cf,Melissa Mitchell 28,United Arab Emirates,2,2011-11-28,2011-11-28
8bb4bbf3ddfdcac609c924d5542f9e41,Robert Kowalski 2,Australia,1,2020-01-10,2020-01-10
4ed287b1765ce62496c52c22dc4f5258,Ronald Patel 18,Australia,1,2019-01-29,2019-01-29
c169a0ffd0edae2e28f519dae772bbab,Brian Sanchez 20,United Kingdom,1,2015-08-07,2015-08-07
a530d42efb36ee75ea4052024e8749a2,Charles Schmidt,Argentina,1,2011-10-21,2011-10-21
c00052b9404420ca9d3b9c028fcd4549,Diego Davis 20,United Kingdom,1,2009-04-30,2009-04-30
21656219a8b95291ccd8a461deaa1175,Joshua Wilson 5,Romania,1,2017-12-18,2017-12-18
a234455269a99d44b37dcf5935d61299,Kenneth Allen 21,United Kingdom,2,2018-03-05,2018-03-05
b010a3d48a97f8e7a17b0e92a2277893,Kimberly Smith 11,United Kingdom,1,2008-12-31,2008-12-31
505f24c601ef01a1e4d7cb2a98d9d641,Mary Kowalski 9,United Kingdom,2,2009-05-25,2009-05-25
28f2e19727b4710038ea5cb2b617e81e,Nancy Haddad 13,United Kingdom,1,2016-03-02,2016-03-02
27cc4eacad8efc868dbf18666dfd7983,Patricia Schmidt 16,Thailand,3,2019-07-14,2019-09-09
d08ffb35dd25f88c047fe89d48246f10,Paul Patel 12,United States,1,2021-08-29,2021-08-29
9d77adff8d98edc768239b823ca091df,Sarah Mitchell 14,United Kingdom,1,2013-09-15,2013-09-15
74bffbc550ea91dc59a926913b904df4,Thomas Ivanov 27,Japan,3,2015-12-20,2016-03-03
030489bb6f7efa7411c02bb480d0e539,Wei Young 23,United Kingdom,1,2010-07-14,2010-07-14
db6cc44bf8b18d8be9e7510a117eadf3,Yuki Chen 24,Germany,1,2023-10-23,2023-10-23
e5d5ee9600f11fa5a9df530cf68d4488,Aisha Green 16,United Kingdom,1,2017-02-10,2017-02-10
bdeb6d159477ffe6a09a48e5a4d97557,Donna Garcia 28,South Africa,1,2012-01-25,2012-01-25
bfa88fecac281edb086936906d5402c6,Edward Moore 5,United Kingdom,1,2008-09-14,2008-09-14
8f8c442749f22e429e40cdc99e7a5555,Fatima Flores 23,Spain,2,2016-09-25,2016-09-25
7938d605ed057f35c3d9097eb95b73cb,George Roberts 2,United Kingdom,1,2016-04-20,2016-04-20
d6575de804a14b07518ce630e4e48bdb,Helen Patel 11,Australia,2,2011-07-18,2016-10-09
68d6e7d2261147d53c07cad96c854d3d,Henrik Campbell 8,Canada,2,2015-07-11,2015-07-11
464f5dfece5f1b0117242a30e088d66a,Lars Adams 4,United Kingdom,2,2008-11-11,2009-01-05
590377cb2a5657e8cf5a2ca92fc306c4,Mary Perez 22,United Kingdom,3,2010-06-14,2015-03-22
97c80775807e76087daa83427608706a,Paul Walker 13,United States,1,2011-01-10,2011-01-10
14da55431a73ac254fa9b159d4beec4a,Carlos Okafor 10,Switzerland,1,2014-08-12,2014-08-12
666176e2c61c8eefb6aa6e3338465ed2,Carlos Thomas 23,Germany,1,2018-05-26,2018-05-26
ed936abb0675874d9b1382e19bcbfb7e,David Harris 6,Thailand,1,2012-10-04,2012-10-04
b9e52bf41751dafefc3a3218f2733c88,Emily Kim 10,Canada,1,2014-10-04,2014-10-04
5247005978aff731c0e431d98edcc7c5,Eric Singh 17,Australia,1,2016-12-26,2016-12-26
058b1b4709de9db0a699918e94eb0572,James Martinez 20,United Kingdom,2,2008-10-30,2008-10-30
42b3dce69882710d46fc2733c42c9b07,Jennifer Patel 12,United Kingdom,1,2014-07-17,2014-07-17
cd5e70c540d208f16f8e8e730091b5a3,Mark Carter 19,United Kingdom,1,2007-01-13,2007-01-13
9a9cae4ea3ea6e33b691bcadbe0c370e,Melissa Allen 19,Turkey,7,2011-09-13,2015-09-28
13603b23020a5fc2895c5069f6f46c6e,Michael Mitchell 10,United States,2,2012-03-28,2012-03-28
18b96bfbb2319acfb2d028c362aa3f65,Paul Jones 28,United Kingdom,1,2010-11-20,2010-11-20
f17fca9744833719ee449f2214764faa,Rebecca Nelson 20,Philippines,10,2016-06-14,2017-07-10
84cba081b3bf80c41042b16973aaa828,Sandra Kowalski 21,United Kingdom,1,2018-10-20,2018-10-20
688cdaf467017700460b5d90549fc63b,Sandra Robinson 24,United States,1,2011-02-14,2011-02-14
927df737f0005da7338c50be44556394,Susan Martin 12,Turkey,2,2016-08-08,2016-08-08
9cf875eca70545d197fd1c2931cde3d2,Brian Costa 22,United Kingdom,1,2013-03-08,2013-03-08
f605d23be2b7d36b31de82492022c38b,Christopher Sanchez 22,United Kingdom,1,2017-07-25,2017-07-25
81f0e4ffd7737c1a3af2c5b3f1a8fa74,Cynthia Taylor 25,United States,1,2015-11-24,2015-11-24
9684717f3aaee0bed554d5b5a0b0039e,Cynthia Young 9,Australia,1,2017-09-25,2017-09-25
a21445e27e83885f6528ca4d6f1db2b6,Eric Kowalski 31,United Kingdom,1,2018-04-08,2018-04-08
fb6819cbc341481ef7286ce490b988d5,Ingrid Brown 12,Netherlands,1,2019-03-03,2019-03-03
018a8f05c7f7e3fb4d0579deb2468f3b,John King 10,United States,1,2024-01-12,2024-01-12
872dcfc58fc8e378ca491a7b085a0694,John Schmidt 27,United States,1,2017-12-10,2017-12-10
a93cbe4cac31cd8022235f148789b351,Kevin Chen 5,Mexico,1,2015-12-02,2015-12-02
0e745aa884b0284ab2e07eb9cb0ab37b,Priya Baker 8,United Kingdom,1,2012-05-21,2012-05-21
ac8815d2e2556f626e3d6288deb32d9d,Robert Robinson 7,United Kingdom,1,2008-10-30,2008-10-30
f60e1b2f0df8b16625c789d83d1aa3a1,Wei Williams 28,Austria,1,2015-06-17,2015-06-17
cebe5f1a8bab1a2b27473e31e221d1a3,Cynthia Rivera 5,United Kingdom,1,2009-08-12,2009-08-12
409de5d0892be5d711b5492655dc6d97,Edward Lewis 3,Portugal,1,2018-01-29,2018-01-29
9fe6f939baa637cc980c23239d0a782d,Helen Carter 8,Portugal,2,2020-02-02,2023-08-03
0469db693badd2a0b0760c9d34a6c3c9,Jason Martin 19,Kenya,1,2015-12-21,2015-12-21
d3121193139e4af623e903635432dbef,Karen Nguyen 6,United States,1,2013-01-11,2013-01-11
27c59f6cc636822f3bd0eea0e776edb8,Kenneth Nelson 23,New Zealand,1,2019-01-22,2019-01-22
0986cb89f912ef6f786c5f77a0c85238,Kimberly Carter 22,New Zealand,2,2017-04-08,2017-04-08
3ee552071b5c905c3ad4ab8443008b48,Lisa Mitchell 11,United States,1,2013-11-22,2013-11-22
7f1b43306caf597f1e00186ea173fb95,Rebecca Carter 5,United Kingdom,1,2024-04-21,2024-04-21
1fc1ab1069ca3832e0f534e9717aa20d,Sofia Costa 6,Australia,1,2012-07-25,2012-07-25
0c4982ddff843f8e7d24c23e42855f04,Sofia Mueller 25,Russian Federation,1,2016-02-02,2016-02-02
4c52f319c8f0a6f99de782fda03b4f06,Amanda Nguyen 3,United Kingdom,1,2016-07-24,2016-07-24
45651386f4630e9f62c9f43e519ef16f,Andrew Wright 30,Hong Kong,2,2015-06-17,2024-04-07
7328ccd8352a6c2b496d22b394be78bc,Brian Mitchell 26,United Kingdom,1,2015-11-16,2015-11-16
f32103cc1a9fdde049b6fb1aee635d4b,Cynthia Jackson 20,Australia,1,2011-09-13,2011-09-13
886031fefd74624f3e2ce424214715d0,Jennifer Johnson 7,Malaysia,1,2013-11-15,2013-11-15
fe3a640b8cd9a72f2ad2dd7ac12a5ebd,John Nelson 7,United States,1,2013-03-08,2013-03-08
4f2fad26b094ea1327c34c696d3ef11a,Linda Miller 4,Sri Lanka,1,2017-04-23,2017-04-23
3b781f87abfab69571045d01e55a9a52,Mei Sanchez 13,United States,2,2013-04-16,2013-04-16
49502b82415be81b5cd83ede3e0033e9,Michael Nguyen 13,Macau,1,2013-04-16,2013-04-16
9282b16031ca03b80b8e6898927f205f,Raj Harris 22,United States,1,2014-11-19,2014-11-19
660a9e99fa5e7c0e0f206e94bfff8033,Carlos Allen 24,South Korea,1,2025-10-20,2025-10-20
69e8988e332f64b918f92ffff1ee463b,George Roberts 9,Indonesia,1,2015-07-20,2015-07-20
9b0f4b91c767567b6da4e14933f6e5d0,Lars Costa 19,Hong Kong,1,2018-01-19,2018-01-19
755a549ebffbc6e62e3e2bde10dba854,Nancy Clark 9,United Kingdom,1,2008-05-30,2008-05-30
5c8d2e8d84b69d101fc9ed5aa1b18a9f,Patricia Clark 5,Mauritius,1,2018-11-05,2018-11-05
30724a7a1625d59ef8226759abd849a0,Ashley Allen 20,Tonga,1,2013-07-07,2013-07-07
146fd277d1ef19b2f48fa0a02395e4c6,Carol Ramirez 14,Canada,1,2012-03-28,2012-03-28
97ecd9d54860e771fd139489771fe12d,Charles Smith 14,United Kingdom,1,2009-12-04,2009-12-04
092fd0004280bc62074c56b4e9898762,Christopher Patel 11,Australia,1,2014-02-20,2014-02-20
ad8eb6ae6b203f3f15d9c4ca8f4af715,Cynthia Wilson 11,United Kingdom,1,2009-01-20,2009-01-20
3ca93f5482a10334f433f3bb89263c0d,Edward Costa 8,United Kingdom,1,2025-03-31,2025-03-31
b068f72abb44a991b0c307d19f3cd530,Hassan Williams,United States,1,2017-05-06,2017-05-06
36d2329e9e32a8746725de4fe3a8135e,Ingrid Anderson 18,Australia,1,2013-11-15,2013-11-15
6372b780ec44a61646de57b91dc6ae62,Jason Harris 29,Canada,1,2015-07-07,2015-07-07
884de64a9f7f9d3e8e2e0174c53c54d1,Patricia Kowalski 15,United Kingdom,1,2014-07-30,2014-07-30
0028c14b2e4a1e8ffedc76f898b55ab6,Sarah Carter 22,Australia,1,2023-07-20,2023-07-20
6248abc9d2cd2eec79142a68cae38b01,Aisha Flores 9,Australia,1,2015-01-04,2015-01-04
1da157fe735d598f8ab0c32056f87dcc,Daniel Torres 22,United Kingdom,1,2015-08-28,2015-08-28
f39f562b5674f7a088191b277efe931f,Jason Nguyen 15,United States,1,2018-01-31,2018-01-31
d868333ccc7b4e576a80637aee3b46c6,Kenneth Lee 30,United Kingdom,1,2025-10-12,2025-10-12
e6bd18668d0ad6060d850756eaaf691d,Priya Hernandez 25,Japan,1,2011-09-17,2011-09-17
4d18f3c10d20d131127d1d32eac5ac7c,Sharon Kowalski 5,United Kingdom,1,2010-06-14,2010-06-14
e7d1f4bd75fd056d446435bef011e3a1,Thomas Ivanov,Australia,1,2015-07-31,2015-07-31
796fc79bfafcb272b2dec3ea5257cca5,Thomas Perez 23,Belgium,1,2013-10-06,2013-10-06
d648f4064dba1e9dee9b7678b9fa7da2,Yuki Adams 16,United States,1,2015-02-22,2015-02-22
9c62887ef332424c495c6540faaab997,Andrew Wilson 17,Australia,1,2017-07-03,2017-07-03
6ce06118fcc5ee8464254e0ec5843e3d,Brian Patel 21,United States,1,2015-09-27,2015-09-27
3ccb41cf96a6bd42fcaf1a760dfcc527,Carlos Baker 27,New Zealand,1,2015-07-03,2015-07-03
fb8b4f5a7c5284d428762a68221cb91d,Laura Miller,France,1,2014-10-04,2014-10-04
79950e76085b6e9a0bc738f2bc439f07,Michael Walker 21,Finland,1,2015-09-03,2015-09-03
c231873c8a1d234a32dc6766017f9362,Raj Garcia 4,United Kingdom,1,2009-03-18,2009-03-18
cee2100aa06949776f3ca1e278f9430c,Raj Taylor 19,United Kingdom,1,2009-07-13,2009-07-13
23865bd6b38f364f436eafeb51017859,Sofia White,Thailand,1,2013-05-29,2013-05-29
0124286fa25a78617657b4a806ca3e6d,Wei Flores 29,United Kingdom,1,2010-10-17,2010-10-17
351a6522484a5cc810d34fbd0922be73,Amanda Young 6,Ireland,1,2011-05-03,2011-05-03
1402cf7f4b0023c709a9b489e3b8e3b3,Carol Davis 22,United Kingdom,1,2015-11-26,2015-11-26
a09d4f9cc7eee4e36072fd2e46cd8c2d,Fatima Wilson 31,United Kingdom,1,2009-02-07,2009-02-07
24c2cb81effc5e8a4199e9c2ec60a999,Jennifer Sanchez 7,Oman,1,2014-11-19,2014-11-19
148432298c511b5809e64eb2f9671e03,Linda Mitchell 3,Mexico,1,2015-11-27,2015-11-27
55e775ac188bebfa2114faeb10761af2,Matthew Rossi 6,United Kingdom,1,2015-01-02,2015-01-02
22fdc72d2c43e0790a8896c094f2afbd,Michael Nelson 21,France,1,2025-11-07,2025-11-07
2bd85f57de1cb45550519d4c516dfe25,Priya White 5,Canada,1,2018-12-10,2018-12-10
f7a04e6d213b2688ae2b28cc43358abf,Raj Ramirez 19,South Korea,1,2024-10-07,2024-10-07
d0d6f1eb91a255c9381280a802fda2ad,Wei Hernandez 21,Singapore,1,2016-06-25,2016-06-25
25d9c23998bf73c9af353bef21dc3096,Andrew Miller 22,Switzerland,4,2011-09-17,2012-02-27
5ece9cfabea728f56a06f84ac8487d12,Anna Hernandez 20,Australia,1,2014-03-03,2014-03-03
467e40539fdef1f730ca336e7d040b90,Ashley Kim 15,Hong Kong,2,2017-07-01,2017-09-03
e7494447ac2b26976667901b454a229e,Carol Mitchell 16,United Kingdom,2,2015-04-02,2015-04-02
ed51b9345db7e01b0ffae0a19fcac6dc,Charles Mueller 2,China,5,2011-10-21,2011-10-21
e238cacd630cc518b97d221492987523,Henrik Ivanov 8,China,3,2013-03-20,2013-03-20
0cf8f080a0e44f9c92a6ee8b27290e00,James King 18,Switzerland,1,2015-05-10,2015-05-10
63d46e1a456e974c5f784e79d090f558,Jason Rossi 5,United States,1,2022-10-24,2022-10-24
55016a52d78ffd4c0031ad9e34ffa1d0,Joshua Carter 22,Greece,1,2020-03-05,2020-03-05
6e398bf5267c176e3b79eff95b18f35d,Kevin Torres 2,Australia,14,2015-11-05,2019-10-21
591df99dd55f67278113f55bef3f314a,Kimberly Walker 12,Australia,1,2024-05-30,2024-05-30
9adb497fe3007ceb74c1ac908ac9dfb3,Lars Walker 3,United States,1,2016-09-13,2016-09-13
87239262c04ee615d16f909f4474686c,Melissa Campbell 22,United States,1,2025-07-12,2025-07-12
99f37e91e567cbe0aafbada644977f8e,Michael Young 3,United Kingdom,3,2009-09-30,2010-08-06
d79d8362c060b8ced054426434c51e84,Priya Carter 26,United States,2,2018-08-12,2018-08-12
a64e43dae6f8bf3079b81708a9e16fdf,Sofia Williams 4,United Kingdom,9,2008-02-20,2014-10-04
2b5898bba1a9fd2eafa3d746952acf71,Wei Wright 23,Australia,1,2014-10-04,2014-10-04
7acf8cb55b48dad46eda261ec1fdc540,unknown,United Kingdom,1,2010-08-28,2010-08-28
a43b4a967f1139ecca7af237c99dab6a,Aisha Perez 11,Israel,2,2017-12-14,2017-12-14
c0191f26c88327a2abae37b173684aa5,Amanda Mitchell 5,Greece,2,2017-04-24,2017-04-25
06d32c8f3c9697329a2775fc909bedf8,Andrew Garcia 21,Netherlands,1,2015-11-09,2015-11-09
382f0dc2ad7515ed86e2922b5e0a586a,Carlos Lewis 25,Australia,1,2019-04-20,2019-04-20
52d3909c39945f70b8747137eb468fca,Charles Martinez 26,Switzerland,1,2016-10-02,2016-10-02
660784e5e034685cfa8284a0dbfe5f11,David Sanchez 16,Netherlands,1,2025-06-25,2025-06-25
3d38e47949869f5f00ced9c7e7b9dce9,Diego Scott 23,Australia,1,2019-12-19,2019-12-19
4ec8873de6ce260759aadb3a0a4ddf29,Donna Perez 19,Norway,1,2014-10-05,2014-10-05
a3d6514393c2051fd44377a65d9b7137,Edward Martinez,New Zealand,1,2013-07-31,2013-07-31
81889fc34809a6d8ef4ed7d1bb6af618,Elena Andersson 14,United States,1,2016-03-26,2016-03-26
d4feb2900784708c21d4584f970f48a2,George White,United States,1,2016-02-06,2016-02-06
41b948b01cfdcc3942e8786db90cf05a,George Wright 25,Germany,1,2024-11-30,2024-11-30
c15c72665235745c9237adb6693919e6,James Torres,Netherlands,2,2015-07-05,2015-07-05
822c00a55ef53b6a06345c11fdd33ab5,Lars Thomas 9,Belgium,5,2015-08-11,2016-04-04
3e28824ebd00b82aacbf459447944bbd,Linda Wright 28,United Kingdom,3,2013-11-15,2015-05-29
652fde3466fe3f6161102b9dfae69185,Lisa Rodriguez 23,Australia,1,2020-12-21,2020-12-21
0793e3b2d63445d079ca254e051c7665,Michelle Okafor 11,South Africa,3,2022-12-14,2023-04-01
9e025a7d1cf7d4d35010f6b0eb53b705,Priya White 13,United Kingdom,1,2009-09-30,2009-09-30
046244e23cf2477805b192fb39ba359e,Raj Perez 12,Malaysia,1,2018-08-13,2018-08-13
f9d68beef4a0db82b8f290fe24520136,Ronald Walker 3,New Zealand,1,2024-06-07,2024-06-07
3f89bfe5d356d796da8a30fbe034d7e2,Sharon Rossi 30,United Kingdom,1,2009-11-10,2009-11-10
53af74261f437c2024d741b9c7db6f12,Charles Rossi 13,United States,1,2013-12-23,2013-12-23
87797595e2d2063831c888d036bab771,Cynthia Baker 8,United States,4,2018-01-17,2021-08-28
eba2e3382444076a5d5d26ddbc1b5361,Cynthia Costa 9,United States,1,2023-05-04,2023-05-04
0ec916b862f86c480e549da270fdbcca,Donna Baker 31,United Kingdom,1,2019-09-11,2019-09-11
703cab0499d424eaf04b64461be57cda,George Chen 5,Israel,3,2019-10-16,2019-11-12
be61497295ccf62ff7817b825d5deab2,George Torres 28,Mauritania,2,2021-11-21,2021-11-21
67ef0a2861adce85ee7a8668615b3f7f,Hassan Patel 7,Austria,2,2022-06-15,2022-06-15
78e9ec2c461499ece346b8be779a8aa1,Ingrid Kowalski 25,United Kingdom,7,2011-05-01,2016-10-08
25551631956a0e3ac7acd5e29fb53878,Laura Hernandez 13,United States,1,2014-11-19,2014-11-19
97a05360666216e075147bf536f373b1,Laura Smith 23,New Zealand,1,2014-08-05,2014-08-05
95cedf883783d1eebb793b7c649d5a11,Mei Torres 31,United States,1,2014-10-04,2014-10-04
818bb6054e237295eb442f54ab74dbd0,Omar Young 30,United States,1,2017-08-21,2017-08-21
df76ceb01264a351e7f04203c2c6513a,Priya Okafor 28,Philippines,1,2021-09-01,2021-09-01
72e950062ce8be01abdf3e49195e1cbf,Ronald Robinson 24,Thailand,1,2023-02-09,2023-02-09
996c21cb289c142b090d5c15985e5532,Thomas Rodriguez 31,Australia,1,2015-04-02,2015-04-02
e0d1422bc79bbaef71e73d9e7f504a6b,Wei Andersson 27,United Kingdom,1,2007-01-25,2007-01-25
0ca4c9c58ce09ba2992dcf96d8772394,Andrew Johnson 13,United States,3,2014-10-04,2016-11-17
f294142f3d2b96e38d1ad4a7dd6ce7d5,Charles Kowalski 13,Australia,4,2019-08-13,2019-08-13
015fa823ee920615b3b8805d26e89105,Charles Lopez 30,United Kingdom,1,2016-05-10,2016-05-10
6fff12b421a1e4a472744bdb942b3857,Christopher Hall 24,United Kingdom,7,2009-07-30,2009-09-07
4a870a1cb507954d317485bebe198382,Cynthia Andersson 12,United Kingdom,2,2013-03-20,2013-04-04
382e985bc2d5412ca4122134af34507c,Fatima Scott 19,United Kingdom,1,2009-11-10,2009-11-10
38189661b0d63ea9f2cb64776677269d,Hassan Taylor 7,Thailand,2,2012-09-03,2013-07-07
8692a4cc3a6998601e5183177996349a,James Adams 17,United States,1,2018-12-06,2018-12-06
e089f15e54b3e50a486e9338b67e9b59,Karen Hernandez 24,United Kingdom,1,2018-04-11,2018-04-11
a428c996b664beb65d27f0ff81c2efcb,Mary Hall 5,United Kingdom,2,2018-03-09,2018-03-09
3ba07f8a27c9c91c03e17b11a3e1c856,Mei Adams 23,Australia,2,2011-09-13,2011-09-13
68afd9b611b785a538f7afacb86f00c1,Raj Thompson 24,Netherlands,1,2019-11-05,2019-11-05
f5498020d5e1db7a6128664f654ad9c3,Raj Williams 5,India,1,2018-06-05,2018-06-05
6af7235a15eca91c1f4e27c4d8db372c,Rebecca Chen 13,Australia,2,2016-10-04,2016-10-05
a87955700210573e2bfa8f95cf0cce0c,Rebecca Kowalski 23,United Kingdom,3,2013-05-29,2019-12-30
b5c596fcb5d501e36a63cf4b5e26bb33,Sarah Roberts 7,Canada,1,2012-05-21,2012-05-21
b6652dd1befb55ad6f16928aa916f122,Sofia Nelson 10,United Kingdom,3,2013-02-28,2015-03-01
a01d637f4acb0c2658cd0c91c4734bed,Sofia Wright 7,United States,1,2012-02-07,2012-02-07
aea0ecddc1c8c22265bf9c842e951114,Wei Harris 15,Australia,3,2012-06-18,2014-01-22
abbd6c9771d6e8c926bfa09372003396,Laura Jones 16,United States,2,2014-01-13,2014-01-13
856fd4a92881a02899e8cc388b396cd9,Mark Moore 21,United Kingdom,1,2016-11-05,2016-11-05
049e47cf2ceaa2f051c7e9f261bb5e05,Melissa King 23,Australia,1,2015-09-11,2015-09-11
0ec273b604236f5543d6316a116f6681,Michael Baker 25,Canada,1,2013-03-08,2013-03-08
57bef6cbcdc5c933367507a0e108deeb,Paul Taylor 16,United States,2,2016-12-22,2016-12-22
f94f33af60cd64803952938437d3a84f,Rebecca Andersson,United Kingdom,2,2008-04-27,2010-01-12
e7faf9f7cdb44ca35abdcd8d661f7cdb,Sarah Haddad 28,United Kingdom,2,2008-09-14,2009-09-13
4e50019332e174aace796d7e92a4ad20,Stephen Mueller 12,United Kingdom,3,2016-05-28,2016-05-28
c477a5f314e1dd6cdc31b70908331a7e,Aisha Taylor 30,New Zealand,1,2013-07-31,2013-07-31
16586ff691d8cec346a3afda4c87fa09,Amanda Hernandez 19,Netherlands,2,2016-11-05,2016-11-05
9f6eb7e872bed1ced5c27e358a784198,Amanda Kim 24,Canada,1,2013-07-07,2013-07-07
40e3661632cbf868b16a3784fcf95357,Elena Ramirez 9,Switzerland,1,2023-06-02,2023-06-02
d94389b9fbb94814b4b4d6c74dc5e24d,Eric Tanaka 20,United Kingdom,1,2017-10-31,2017-10-31
bd8999f8e82f510dcd2fdeda6fd4c019,Henrik Miller 7,United States,1,2019-11-30,2019-11-30
89f8371689783e784e616befb4c5d794,Jason Anderson 23,United Kingdom,2,2014-01-29,2014-01-29
8382d19aaecdea5c21123db3cb6e4931,Linda Thompson 8,Brazil,1,2017-03-04,2017-03-04
93bc61bc84acf663a827586cb3693533,Mei Schmidt 16,Singapore,3,2015-10-05,2015-10-05
0356a21bdaae1a971318e10cba72a676,Anthony Perez 10,Singapore,1,2024-05-03,2024-05-03
5ea50288317bf401cf6e94970dfd42f0,Carlos Lewis 6,United Kingdom,3,2008-01-21,2008-01-21
d24fa8e1c8bb9cfd6b46a2806631a18c,Carlos Rossi 5,Taiwan,2,2013-05-29,2013-05-29
f19963cdc5bde84823a48e18172942e9,Carol Gonzalez 11,Denmark,2,2015-02-05,2015-02-05
dedf00c8479ef94c5f192813852bd836,David Williams 20,United Kingdom,1,2010-12-20,2010-12-20
6eb000f29122f78d3be53be871418643,James Petrov 11,Spain,1,2015-01-04,2015-01-04
dc48b51a82e2ab11f216d056ae3d3e7e,Jason Tanaka 10,Canada,3,2015-07-24,2016-03-03
d9cbcc9026eed661d4461bf6ac9fc990,Jennifer Costa 22,Belgium,1,2015-01-04,2015-01-04
5f8f927293de043824d78a18e4a1cba9,Kathleen Schmidt 29,Indonesia,3,2022-08-10,2022-08-10
b1b3c10c9722d060a4d1872d32d21e17,Lisa Baker 5,United States,1,2022-01-16,2022-01-16
d2b28de774ae1a1dbff132ef0ef60e46,Lisa Lee 7,United Kingdom,1,2014-10-04,2014-10-04
8b791383ccfc43c8bc04805473be720a,Melissa Jackson 15,United States,1,2012-10-29,2012-10-29
387971ae86f0919281d13c5a1c950165,Stephen Kim 16,India,1,2015-07-17,2015-07-17
3115a29a49513b846f7dbc102f1119bd,Ashley Patel 21,Thailand,1,2023-04-12,2023-04-12
e01ddeefc7d9499433ffa7d057ec5844,Charles Petrov 27,United States,1,2011-07-31,2011-07-31
41948d520e41c39e3fcc36395776f26c,Cynthia King 20,Germany,1,2016-03-13,2016-03-13
2fdd715da1b0b875a47152e3547122f9,Daniel Lee 6,Cyprus,1,2016-11-08,2016-11-08
f94eb6f8d3011976c613d179904c8678,Jennifer Young 5,Canada,1,2024-11-18,2024-11-18
10cb970e6a354233563357ce9eb18922,Patricia Garcia 18,Hong Kong,1,2017-11-11,2017-11-11
9d7db9242fd2cc8944a8e2738b83b33e,Sharon Anderson 25,Sweden,1,2016-09-16,2016-09-16
d26eb85c2635a4abe7ec17b9934a5e5f,Wei Ivanov 18,Australia,1,2015-06-30,2015-06-30
198cec626ed05fc861119a984cd854f3,Charles Costa 11,United Kingdom,1,2007-11-11,2007-11-11
3a7b752f1b15eaea82d86ec6229c8252,Donna Tanaka 10,United States,2,2012-01-25,2013-02-20
c338edec72bd7690d3350118bce5314b,Karen Schmidt 29,United States,1,2014-10-05,2014-10-05
5dd2e5e147211b0a89736eee4a478f82,Kenneth Anderson 24,Qatar,1,2017-05-17,2017-05-17
2aa9231f13c40ed1e7d63df561d74fe5,Kenneth Garcia 23,Russian Federation,1,2018-11-17,2018-11-17
45e4e5064ad83a629d3a2c40b8818f7e,Patricia Haddad 19,United Kingdom,2,2010-10-17,2010-10-17
846797e6101cb4bf182ff90ac4467b2a,Raj Nelson 15,United States,2,2017-01-07,2017-01-07
14beb9f4de4966c16c00e137214d9d8a,Sofia Gonzalez 13,United States,1,2018-01-20,2018-01-20
9204bd536079e008cc91cc25f97beffb,Stephen Brown 9,Australia,1,2013-09-15,2013-09-15
267a51458c5e07153ba3f0e0bc002075,Andrew Wilson 31,Malaysia,1,2016-01-25,2016-01-25
48ffe1626063deb01a23970e34d6d402,Anna Allen 27,Netherlands,1,2017-09-24,2017-09-24
8906fc92f03585baab9573b84c595549,Anthony Anderson 11,South Korea,1,2017-09-28,2017-09-28
dc61de90db2560a70e1fe9c6d5ec8ac1,Daniel Anderson 27,United Kingdom,2,2012-05-01,2015-06-27
cb48653f6df176bfb5f4a3db20f64136,Diego Gonzalez 23,Malaysia,1,2015-11-20,2015-11-20
2cb7267d9e9bba5b8e973fb30b1af475,Hassan Baker 29,Germany,1,2021-11-17,2021-11-17
d912c736dc3ad6a40d5a5b6a359a61aa,Kenneth Rossi 16,United Kingdom,2,2010-07-14,2010-10-17
c1edffeeb50790ebd1713123d54245bd,Melissa Jackson 16,United Kingdom,2,2008-05-30,2008-05-30
ef759b8d215901a30885f14ac5149e7b,Michael Lee 27,India,1,2024-01-19,2024-01-19
66188e2cce2bf7ea6d69e12b03c3e46a,Michelle Thompson 23,United Kingdom,2,2009-03-18,2009-03-18
15620b1b22713bb0d3291a0a3b0b4344,Rebecca Smith 17,United States,1,2017-06-02,2017-06-02
a9dc091a514708d41c2cf322223c5818,Sarah Hernandez 18,Singapore,1,2016-03-13,2016-03-13
3ff8ed9e1449845d41b6f81a8c503bda,Wei Lee 26,Pakistan,1,2023-01-20,2023-01-20
772b23255e29559949b0111c05b39150,Ashley Hill 26,Australia,2,2012-03-28,2012-03-28
4aab21fa56ab70cf68432fc49b89f3a1,Cynthia Campbell 29,United States,1,2014-04-14,2014-04-14
be1381b9850e9c9240acd0e5dedbabaf,David Wright 11,Singapore,1,2018-05-06,2018-05-06
c23a89c4580e18c2a9685badcc1d63ee,Eric Lopez 5,Australia,2,2016-01-31,2016-01-31
cc1d83f8b464e862faedc144ddeb3519,James Tanaka 10,Australia,1,2013-10-06,2013-10-06
bc1e4887bae6fa0643af3f77d7c079a7,Karen Gonzalez 23,Australia,1,2015-10-10,2015-10-10
70bb5646a991d274a441ce2c3ca6b701,Mary Ivanov 17,Australia,1,2017-03-22,2017-03-22
9e5a807a09f25a60b59e5ea74ac52930,Ronald Thompson 21,Saudi Arabia,1,2016-07-27,2016-07-27
c1d073a748369b7a23ce7a9f524b6ed3,Amanda Singh 14,Hong Kong,3,2018-02-12,2018-02-23
c8173f3bbdd040c36485c74a946f8d2d,Brian Jackson 22,Malaysia,1,2013-04-04,2013-04-04
8d8b8c3887e5da77feefb8e7668f9c4f,Cynthia Kim 25,United Kingdom,2,2009-04-30,2015-09-08
c42d1bab208acf20613dd3739f2adbc2,Fatima Hall 13,Thailand,1,2024-05-13,2024-05-13
a6fd9daeb5bd9dc1668ab7d0788a9a9a,Ingrid Lopez 20,Germany,1,2020-01-10,2020-01-10
49677f6d072f325893f15aa54bca93e4,Jason Singh 25,United Kingdom,1,2009-05-31,2009-05-31
ae6ca859e64d87b3f95ec8aec25a3bee,Joshua Gonzalez 8,United Kingdom,1,2010-07-14,2010-07-14
0691bd636b722b3ed1a885d2ffe4de0b,Kenneth Rossi 16,Sri Lanka,1,2012-05-21,2012-05-21
86bb71b0f50685f1db083d11c6a5fd46,Kevin Young 3,Australia,1,2015-08-11,2015-08-11
8d16f756e3fc31633a74bb595125754b,Lisa Torres 17,Canada,2,2016-02-20,2017-02-12
adc496bbfecdfaab11bc4a2b37885c9f,Mei Okafor 15,United Kingdom,1,2009-10-12,2009-10-12
3b7b1bd7d8a1bc7ad949ba3d84716fdc,Omar Petrov 25,Australia,1,2014-05-28,2014-05-28
65f969558a87ee5f81ad1877e8e4eda7,Thomas Wilson 9,Belgium,2,2013-12-23,2013-12-23
5e6163e09475e2c626dfdf95cadd8324,Carol Wilson 23,France,1,2011-05-01,2011-05-01
d1a90b4fc04b80a11416484a94b5c767,Charles Garcia 15,Greece,1,2013-09-15,2013-09-15
118d5ebf6298b681adb630274e132eed,Edward Jackson 19,United Kingdom,1,2009-06-14,2009-06-14
4065bb54def6028ec618bba482e49698,Elena Rivera 28,Thailand,1,2017-11-17,2017-11-17
336066a4f6f33bbe0035b516fa905875,Fatima Brown 7,United Kingdom,1,2017-01-31,2017-01-31
05171c90cf5fb73f5794b8e88cecfcd4,James Nelson 26,United States,1,2018-07-04,2018-07-04
5782a2d0d949c577b14b223f13844850,Matthew Adams 5,Australia,1,2023-07-19,2023-07-19
82b60393f5dd055398bdc5b88f36a1b9,Nancy Green 25,Thailand,1,2016-03-30,2016-03-30
5d16155ed7ee35a585c882b61d2671c2,Sandra Rodriguez 30,Singapore,1,2013-09-15,2013-09-15
c5cd50cb5a6db7a59dcaa15c1a5b1aec,Sharon Thompson,Canada,1,2015-12-17,2015-12-17
e71e51d4bed4caa4e366b98f693cad21,Stephen Ivanov 29,Australia,1,2019-12-07,2019-12-07
67447e3b942bb96b725c5520da4de5e3,Anthony Rossi 13,United States,1,2018-03-06,2018-03-06
14e5296492ed7ad363425d1cb3d3625f,Fatima Hill 10,Australia,1,2012-10-04,2012-10-04
bd7905bb81c0e208a3f7ad9ff88725f3,Hassan Allen 24,United Kingdom,2,2008-01-21,2009-05-29
98a4eb9f186e499055537112c42763d4,Helen Wright,United Kingdom,1,2010-08-14,2010-08-14
077eb67cb4c535bc159dddf1b43f8d32,James Taylor 20,Qatar,1,2015-12-12,2015-12-12
5ad5915433f9a66fc3ae2f9e3674c8a2,Jennifer Rossi 30,United Kingdom,1,2012-08-05,2012-08-05
d33316147717dd0c5c8d8de3f72e5806,Karen Kim 3,Switzerland,1,2015-06-22,2015-06-22
d35d50936a423dee5e396bbe30098532,Laura Baker 29,Australia,1,2014-08-12,2014-08-12
819ab30fc09ca165174adbed0bbcfc11,Aisha Tanaka 25,United Kingdom,1,2017-02-23,2017-02-23
05be2406e027b780a7a918c505e8da75,Emily Harris 4,France,1,2019-08-15,2019-08-15
f9c6898ef7aa5f46cf8d80e1e4fc6a41,Eric Hill 31,Australia,1,2015-07-10,2015-07-10
3314266725b4eb6867616dbf46fc0238,Hassan Rivera 3,United Kingdom,1,2016-06-19,2016-06-19
0d1b9ec60549bbf56d6dd418bdc87bab,Ingrid Okafor 26,United Arab Emirates,1,2016-11-12,2016-11-12
ca23d9a44cb35da03756f718e1af39e0,Kathleen Perez 19,United Kingdom,1,2010-06-30,2010-06-30
33d5fd2e26abfe8b04bc3ab937cd5752,Kenneth Green 3,Sweden,2,2015-08-26,2015-08-26
4cbd589768f0fc12afe36d73ccf2f6ef,Mei Allen 20,United Kingdom,1,2008-04-10,2008-04-10
80d5df8d211dd3ba644213b0bba60f10,Michael Harris 11,India,1,2018-04-22,2018-04-22
16b75dd6467e75f491a6b21bae121b67,Omar King,Australia,1,2014-10-04,2014-10-04
af5cb373ff0f1d16ac225e89ff51f949,Rebecca Kim 7,Russian Federation,1,2016-01-10,2016-01-10
a88ef27f149e5ad10f190d10768e8421,Sandra Singh,Spain,1,2014-10-04,2014-10-04
41d340c60364f9e8746c76c8a4606259,Stephen Green 8,United Kingdom,1,2015-06-28,2015-06-28
dac1f46e70ca0ea2666bc95f7018c0a5,Steven King 22,United Kingdom,2,2014-01-24,2014-10-28
e0f5130ca0bf54d898ef865de8a9f7f6,Wei Wilson 13,United States,1,2015-06-19,2015-06-19
e8d039b0504e397b7ecbffb12e2dc7c4,Hassan Harris 6,Taiwan,1,2015-07-27,2015-07-27
5ab37ccb521a56bbcd1a520257e8d1d2,Kevin Hill 22,United Kingdom,1,2017-01-09,2017-01-09
3385e28577f242659c00ce824638ff50,Kimberly Young 17,Australia,1,2017-08-21,2017-08-21
5269be6fa8111c0da2a350fa92ad97f4,Laura Roberts 30,United Kingdom,1,2014-01-29,2014-01-29
0e5c52042e1981fada01466bfc39d4b1,Mary Torres 2,Mexico,1,2019-03-09,2019-03-09
39c785760a002d37e2e454a02987e794,Melissa Sanchez 2,Australia,1,2017-01-13,2017-01-13
59a30c6bd2b624fd30e3d2ca16e57e53,Michelle Andersson 31,United Kingdom,1,2010-01-12,2010-01-12
544f3d39e4fd29dbef8b04825ed8a670,Patricia Gonzalez,Germany,1,2023-05-20,2023-05-20
90c0143e06565089993195ee02d8545f,Robert Kim 13,United States,1,2010-12-27,2010-12-27
602dc586159316231c2f6867bb875a97,Steven Garcia 20,Australia,1,2011-08-30,2011-08-30
3704ba287f2e312e3d2ce67b89a1989d,Yuki Hill 9,Hong Kong,1,2016-05-10,2016-05-10
d78f5e4d8ac4efb6c093a7457164f543,Aisha Wright 16,United Kingdom,1,2015-12-31,2015-12-31
2792dcbf713d5e564f5608aa2813419f,Daniel Moore,United Kingdom,1,2011-06-13,2011-06-13
f64bc566205ab7141738af584663d81e,Henrik Jackson 13,United Kingdom,8,2014-01-10,2017-12-17
8ebf3ffa6b21fcf8f52bd5dc064382c0,Ingrid Rodriguez 4,Japan,2,2012-03-28,2012-03-28
c03c727a95fcb41dcf3cdc1dceeb94b1,Jason Robinson 31,United Arab Emirates,1,2016-10-01,2016-10-01
cf23fd64b766312125c6c31300aa039f,Jennifer Singh 28,United Kingdom,1,2008-08-29,2008-08-29
dca2f57686a0df06b00a2e7ceeff67b5,Kenneth Garcia 31,United States,1,2014-01-29,2014-01-29
fde76fcb7fdfc9c2ae3bd7def5725ad6,Lars Wilson 23,United Kingdom,2,2017-05-17,2017-05-17
f1c48b10ffc96423391b479d0933324e,Linda Martin 5,Australia,1,2016-05-15,2016-05-15
9524316032d636f7e27dc9b9021c743c,Lisa Clark 17,United States,1,2011-11-28,2011-11-28
335762f8fcc3d205d783a5cc90791333,Mary Perez 25,United Kingdom,1,2023-01-20,2023-01-20
a0d9e156a7ad6a3c7970943bd2f37cec,Melissa Mitchell 28,United Kingdom,6,2010-08-14,2010-08-28
121cff5f34f9e2895891ca0a5fa9c682,Michelle Rodriguez 6,Australia,1,2011-02-14,2011-02-14
598019d24786f19347472bf338f53d95,Paul Torres 31,United Kingdom,1,2012-12-23,2012-12-23
9200c00d14ac2e21060a92aa53ebbb1d,Paul Williams 14,United Kingdom,1,2006-05-09,2006-05-09
22c60a743dcf2ca74189a57845810f2d,Robert Anderson 20,United Kingdom,1,2011-11-28,2011-11-28
7e62849b8c877eaa9f6ceb7d8b6641b7,Robert Flores 20,United States,4,2015-11-06,2022-12-05
364787e0ca25d0022a65b7237ec61bd4,Sandra Sanchez 17,Australia,1,2011-05-03,2011-05-03
dc3c8297ea3e9c0344ebf94e0c7be11f,Sarah Flores 3,United Arab Emirates,1,2018-10-04,2018-10-04
70f4edf03c053982a33d23895ddcf858,Thomas Thompson 25,United States,2,2012-05-01,2012-05-01
96455c2e91165387a3ccb0dd30b63efa,Aisha Roberts 13,United Kingdom,1,2009-03-18,2009-03-18
ba75446954893b1c03b2190870c048dc,Andrew Martinez 21,Australia,2,2015-11-23,2015-11-24
cc7364355da50fbfc13906db2a80da50,Christopher Schmidt 6,France,1,2011-09-13,2011-09-13
0bf9b603c91ab3ecdd4620b1b2724f90,David Davis 31,Canada,2,2013-07-07,2014-06-04
fd33491450212097f45b3f88fa03eb5a,Edward Harris 24,Australia,1,2017-04-10,2017-04-10
9df00356d4155750c7198872338f4161,Elena Ramirez 23,Australia,33,2017-07-16,2020-02-11
caa1ff5afb920524ea71af3b49b5d777,Ingrid Jones 17,United Kingdom,1,2011-01-26,2011-01-26
557afb7f7ecc2cd354a1a9f6acf973e4,James Green 8,United Kingdom,2,2009-07-14,2010-08-04
7e584d4287b17bb2d5bc379d861c5f28,Jennifer Johnson 19,Canada,2,2012-02-28,2012-02-28
3528caf63f12cf4fe501a94a48e2f5a0,Joshua Williams 18,United States,1,2013-07-07,2013-07-07
797ae0181605814a2e751a7ab18e9a96,Steven Wilson 28,Australia,3,2011-05-01,2012-01-23
9ae4c510c2f3f76e838953563442c622,Amanda Jones 2,Indonesia,1,2018-05-15,2018-05-15
b5b256d2e948118e23280fa0bac0db70,Anna Taylor,Denmark,1,2014-08-06,2014-08-06
5427e1e956e377b0ca3c2decb9c209d2,Anthony Costa 19,United Kingdom,2,2013-11-15,2014-01-17
ff27ec08f31e71a992b482801ba20569,Carol Davis 2,Austria,8,2016-07-20,2017-02-11
507377f9b5f7de4975164fd043520632,Jennifer Adams 18,Switzerland,5,2023-03-16,2023-03-16
c55795331f02fef73193a1b8b61ca912,Karen Nelson 25,New Zealand,3,2013-09-15,2013-09-15
f125b3c983f36707f3594bad5e43f63d,Lars Martin 24,Australia,4,2015-01-02,2016-05-10
d55d68e49e36ada2f61fcdf809214557,Linda Haddad 11,Australia,1,2018-01-18,2018-01-18
d5777a96ff2122d9d8626320cbaf5853,Lisa White 9,Canada,1,2011-05-01,2011-05-01
7c1520a7876f1564301e0c877efbc605,Mary Chen 24,New Zealand,1,2017-08-01,2017-08-01
a75a796f4bc43eb2e9afc57a9de5b26b,Mary Davis 10,Norway,1,2017-08-03,2017-08-03
8d4af7b550b7ac00f2648783bf8fc04e,Priya Young 4,United Kingdom,2,2012-01-23,2012-01-23
4d43c7bbd3dc2e4f0775b75ee4076954,Rebecca Ivanov 14,United Kingdom,1,2014-10-04,2014-10-04
25ab5c560aa58e25bba80c843e7ace57,Rebecca Sanchez 25,United Kingdom,1,2009-09-30,2009-09-30
a90cacd312934c258ddfc6fc24691f1e,Robert Robinson 7,United Arab Emirates,2,2015-01-02,2017-03-17
4bea8c939a7b6faf4a993cdf4c907097,Sandra King 9,United Kingdom,2,2015-10-30,2017-02-26
da785f622c3a11c86f8d39dbf845e5de,Stephen Martin 20,United Kingdom,2,2018-07-01,2018-07-01
caad8a1e22d53c0b52a50a1081774e2d,Steven Lopez 20,Austria,1,2020-11-06,2020-11-06
f6b3db441aab814753c93a8b1f08617e,Carol Johnson 5,Thailand,2,2017-02-08,2017-02-08
8ceff39c591c2271c37bd984257e652b,Emily Thomas 16,Australia,2,2011-07-11,2011-07-11
f2d2a111629e99328aba0ac979139b6a,Eric Thompson 16,India,1,2015-05-31,2015-05-31
f16af968e04a05dbb895145d6cc709fd,Jennifer Lopez,United Kingdom,1,2014-10-04,2014-10-04
0b8a1656437b9d2cf4c8924f9d2c9173,Karen Thomas 19,United Kingdom,1,2020-03-19,2020-03-19
11b19215f41b3759b860b7bf85fd335f,Kathleen Campbell 26,Sweden,1,2017-10-14,2017-10-14
f3516b57ea48087cfc36a50a3138bade,Kathleen Hall 7,United Kingdom,1,2015-01-02,2015-01-02
fe7be0f774bfbe46b853a60b4c215857,Kathleen Wright 14,United States,1,2024-09-10,2024-09-10
6285e53ad55798fb7e85b6a5a32c90bf,Mark Perez 7,United Kingdom,1,2016-08-09,2016-08-09
ed8e3473a225ce98bad78a230a6c4ce0,Nancy Kowalski 18,China,2,2017-04-05,2017-04-05
8833045bb6b82e2c3fe91740930c0765,Raj Anderson 22,United Kingdom,1,2014-01-29,2014-01-29
161b9bc85ad507647270d17632043ddb,Sandra White 27,United Kingdom,1,2016-03-02,2016-03-02
de9d0ab932e163b1371c42a157e718cb,Anna Lopez 8,United Kingdom,2,2014-01-22,2014-01-22
3297d182b760c38d0093538e71ea0b19,Brian Lewis 28,Canada,1,2014-10-05,2014-10-05
d8f49e1c1083e13d6806db9f40f6eecf,George Davis 12,United States,1,2015-08-02,2015-08-02
53b9cdce5e178a7b0d81b5262529d102,Hassan Lee 13,United States,1,2013-05-29,2013-05-29
11fdeb74992887c978af41c6e8d67cce,Kimberly Anderson 19,United Kingdom,2,2019-03-12,2019-03-13
6151a2a55bd5330907d39da4d4761324,Mark Garcia 8,Australia,2,2013-01-01,2013-01-01
ca7436425bcedfb3af6e3f2a6c50fcae,Mark Okafor 29,Switzerland,1,2014-08-05,2014-08-05
ef6cf0bcc0cea8f6dd18578175d1ade3,Paul Carter 19,South Africa,1,2011-09-17,2011-09-17
5645aaf72feaed73dff2bda8edae96f8,Sarah Tanaka 7,New Zealand,1,2012-04-24,2012-04-24
d530fe3c7fe9459498731673006f7b5c,Sofia Scott 25,United Kingdom,1,2008-10-30,2008-10-30
28aad7700c2a68b1c0e7e99e9540e0fb,Wei Miller 12,Australia,1,2014-03-30,2014-03-30
1bab1298975befe7dc54ba87bf6a1896,Amanda Campbell 18,Australia,1,2017-04-23,2017-04-23
65a9d66ccc27f420a1b7b4ff4b05587d,Anna Williams 17,Japan,1,2015-07-13,2015-07-13
7422b7b2ccfa9749736171fe79b4f273,Ashley Johnson 24,Australia,1,2012-10-29,2012-10-29
ba892e5a67f4c55c87e7724297ae0a4c,Brian Roberts 18,Australia,1,2014-10-04,2014-10-04
6f2d9ee476be178ff418c11c3ca27af8,Carlos Martinez 16,United Kingdom,1,2016-12-03,2016-12-03
a8f3ae98f6afa47e532c75cd40883092,Carlos Scott 21,Belgium,1,2024-03-04,2024-03-04
186bfdbf44ee2f3b4208a5202a04df6c,Donna Martinez,Canada,1,2012-03-28,2012-03-28
3c079cda12b5cb8190699e8539e23a65,Hassan Costa 24,New Caledonia,2,2014-11-19,2015-01-04
49a18f16d110c8ce12dbc5f637112e0b,Jason Petrov 10,Germany,1,2022-07-13,2022-07-13
ce624585c245db933caf965bf57c971b,Jennifer Nguyen 29,United States,1,2014-10-05,2014-10-05
c4a986a9e8336e154b7d10acb9ab7ca9,Jennifer Singh 29,Switzerland,1,2018-09-15,2018-09-15
617edccade4a8343940390c7caf9d61c,Lars Okafor 10,Australia,1,2022-08-14,2022-08-14
94f86f3eb1cb2de067334c2ef975e0b2,Lisa Anderson 2,Canada,1,2017-12-21,2017-12-21
6ec325b77da78a0eacafa50e47c3b638,Lisa Wright 29,United States,1,2023-04-27,2023-04-27
c542d515abf9dcc765a8fa910c7b1c13,Ronald Andersson 9,United Kingdom,2,2009-10-06,2010-04-09
23b494ae0172cb8516b4f079070cffa3,Ronald Chen 18,United Kingdom,1,2012-02-27,2012-02-27
15b0d18831c5c0f984f843f9727ed0f9,Ronald Rodriguez 4,United Kingdom,2,2015-05-09,2016-04-01
67386e018867f6aa1f550f7d97d76570,Stephen Torres 13,United States,2,2013-08-27,2013-09-15
21adeaca7a7bda977e57ad55a9e7bb5d,Andrew Chen 24,Switzerland,1,2017-10-03,2017-10-03
494aa6123585ba4c717073052c33f49e,Anthony Nelson 16,United Kingdom,1,2018-12-02,2018-12-02
12f22cc91217df4fb9bd6759c6c81c4a,Charles Moore 26,United Kingdom,1,2013-02-07,2013-02-07
e8c31b04403cfce9597704bee5eabb75,Donna King 15,United States,1,2015-01-02,2015-01-02
2fe30e7f48b7fc40bc5ac1b62d730893,Edward Hill 21,Bahrain,1,2022-08-04,2022-08-04
d4e6cf0ae8e3db20fbdf49b0099048ea,Elena Haddad 16,Indonesia,1,2015-07-12,2015-07-12
c0faf117c07af8463435eca00e8b0eb4,Henrik Costa 7,Vietnam,1,2018-03-06,2018-03-06
147002564c1287a4b6baf0080fa5afff,Kevin Kim 6,United States,1,2023-09-11,2023-09-11
0e19bd82a41470039fb6a527601aa6b3,Linda Young,Malaysia,1,2012-09-17,2012-09-17
c620cd74ff9d38bc9e6df6f5641c77b9,Patricia Green 17,United Kingdom,2,2015-01-05,2015-01-05
f034184ed45697593ac9c3ca0d3a1c53,Patricia Hernandez 22,Hong Kong,1,2011-07-14,2011-07-14
637ecd19483c2f0858a0a9ddbc6636ad,Aisha Young 13,Australia,1,2016-04-16,2016-04-16
22db4314c91a167d30cdfffe6e1f4b6e,Anthony Carter 31,Japan,2,2014-02-20,2014-02-20
82b4e60aa66c401fa7b44050cdbd48f3,Carol Kowalski 8,Sweden,1,2012-06-05,2012-06-05
a58f95a08a93d884c67efe66e1b2ee49,Christopher Baker 3,Australia,1,2015-03-22,2015-03-22
8c159bda4beb21570cf14767c6f56fc7,Daniel Ramirez,Germany,6,2018-05-13,2019-12-23
f17270affe6d6fdc0e978d0315f341c5,George Williams 11,United States,1,2013-12-30,2013-12-30
3e307ced4484a67cb9762dc02ba7a5e0,James Torres 3,United Kingdom,1,2009-08-30,2009-08-30
36d9d45589fabc0e89fe3ab172749b72,Laura Young 31,United States,1,2015-09-14,2015-09-14
7568ef986e792912de3e0277d0f032e4,Raj Torres 13,United Kingdom,4,2013-01-03,2014-05-28
4bad3dd303be3c647b0265f95c094a97,Sandra Rodriguez,Russian Federation,4,2020-03-19,2020-03-24
49b4e9f19b97f25780c10d469f6b0983,Amanda Brown 19,Czech Republic,1,2025-12-09,2025-12-09
8aa876ff4911477f63e97c67412cffbe,Ashley Clark 9,Philippines,1,2017-05-28,2017-05-28
bb607d19496274041e2f0ec24f242baa,Donna Hill 12,Australia,1,2016-03-15,2016-03-15
6d520f0a66c10b152173d8bdb08d115b,Emily Ramirez 23,Germany,2,2015-09-14,2016-10-27
25c0d566c8032ec8af3c9f1aec9eeb7f,George Lewis 5,New Zealand,1,2019-07-22,2019-07-22
dd5855df0c942f2ed0b723493348f01a,Hassan Chen 27,United Kingdom,2,2016-04-05,2019-08-19
dcadcb16da0554381917aeb85d418601,Henrik Chen 5,United Kingdom,3,2016-03-02,2016-03-02
e77bb221d72d6fe1b02d5fd086589f85,Jason Tanaka 18,South Africa,1,2015-05-09,2015-05-09
12e4cbbc8af50ac639e6b071627aec15,Kimberly Scott 3,United States,1,2013-09-15,2013-09-15
0a3f39f319dd5d507a4e53eba7696287,Laura Sanchez 30,Australia,1,2014-10-05,2014-10-05
10be8606858f4952ca0d198122eaf3d4,Priya Moore 9,United States,1,2011-05-28,2011-05-28
9c3c67140cf4657ea644af569af82480,Thomas Schmidt 2,United Kingdom,1,2015-10-15,2015-10-15
7e6b1069af8182d31692ef84dd761c04,Amanda Kowalski 7,Canada,2,2017-10-13,2017-10-13
cb863731dba0311708d7ce15585068ad,Hassan Lee 30,Greece,1,2016-12-27,2016-12-27
dcde2514eb2529a60ac285ddd21e8bf1,Karen Ivanov 12,Saudi Arabia,1,2013-09-15,2013-09-15
8d3924316964e126007678149066bc17,Kimberly Jones 24,United Kingdom,1,2015-01-27,2015-01-27
1f2c4e394ff7e899bdad0cbb2127f478,Lars Green 19,Ireland,1,2023-11-04,2023-11-04
e4ce83357d5a0a66c3a176b26b40f84f,Mary Rossi 18,United Kingdom,1,2024-12-09,2024-12-09
cabd1073faa55fe10ae6f7cd2ca531b3,Melissa Schmidt 7,Sweden,1,2018-08-30,2018-08-30
303cbf129d74b1e05e32e393fd2ff32e,Paul Taylor 30,Germany,1,2023-08-11,2023-08-11
df39b727d5e016aa717dd3433e3f4557,Robert Green 16,Australia,2,2015-03-29,2015-03-29
534131e3f7f76f2a45947e01448f83ae,Susan Jackson 8,Germany,1,2023-03-15,2023-03-15
1d9f75f3b1f9a0174582ca2c07bcad36,Aisha Jones 3,United States,1,2011-05-01,2011-05-01
51b290ff964aafc93b7d419e69fa7d62,Ashley Tanaka 13,United States,1,2011-01-26,2011-01-26
087ddebd1e36233fb6e315b2fafdc553,Charles Harris 30,Switzerland,2,2017-05-03,2018-04-25
47aeb6de107b18f3ccc2f744d144dac3,Charles Jackson 17,South Africa,1,2022-11-01,2022-11-01
de1a27763a071ce1f9ca93f8fb186df8,David Thomas 19,United States,1,2017-06-24,2017-06-24
3937b4eb75c02d745da61193a242e25a,Diego Baker 16,United Kingdom,1,2017-11-22,2017-11-22
433f4a8d7e9a441628410df294a4a669,Emily Mueller 13,New Zealand,1,2012-10-04,2012-10-04
2e0b64177a0a7f5dc4c246cc67303aed,Emily Wright 27,United States,1,2016-03-19,2016-03-19
febca1080869e271ae1a3da5f4a89f39,Eric Walker 26,United Kingdom,1,2013-05-29,2013-05-29
eb46d412abe59d7b08b53512ecae8153,Fatima Torres 16,United Kingdom,2,2012-02-07,2015-12-29
36484c96b6e539ab6dc5e4b7f6903061,George Campbell 22,Hong Kong,1,2017-10-29,2017-10-29
fdcceae7d229dd8831e153365b16f0a2,Karen Clark 25,United Kingdom,2,2014-10-04,2016-10-08
365cccff11ea6e208d145f2e075fde1f,Kevin Jackson 29,Swaziland,1,2016-02-04,2016-02-04
34aa58024f2b39b8a1fa83eb77902797,Lars Wilson 24,Canada,1,2023-04-17,2023-04-17
d9e33d6b772580eda07709171e6b49ae,Omar Gonzalez 11,France,1,2019-03-31,2019-03-31
e304acde9b67b077981e3b5112c9f89f,Susan Petrov 28,Portugal,1,2016-02-22,2016-02-22
0415dc8c6e768ce61263b48d12beda24,Andrew Jackson 6,United Kingdom,1,2008-08-19,2008-08-19
7e0d271d322b3c4c71f7f9f6a75727dc,Anna Jones 24,United Kingdom,1,2009-08-12,2009-08-12
a4efdd689eb8b6f558782ccf5f772e6e,Christopher Sanchez 22,United Arab Emirates,2,2017-07-22,2017-08-08
1212dddd0d5c10fede1aeebd72c29c6b,Elena Sanchez 16,Greece,1,2018-07-19,2018-07-19
1c86b585b79daf18782d932e52831971,Kenneth Ivanov 15,United Kingdom,1,2007-10-18,2007-10-18
15949b51e0bc5ecacb26685531be8eec,Kimberly Thompson 21,United Kingdom,1,2018-05-05,2018-05-05
b031bc09814a320171ca66766b69ecda,Nancy Harris 16,Thailand,1,2023-08-11,2023-08-11
206c29edf679a2c195755332bd76fc7d,Ronald Hill 14,Australia,1,2016-10-27,2016-10-27
340c5b8ffbd96c45e382ef58fcfb0a1a,Sharon Martin 31,Russian Federation,1,2017-04-15,2017-04-15
34729625af85b84c55289099d7dcdfe8,Steven Thompson 5,Australia,1,2017-07-13,2017-07-13
7f1ae2265b9baaf4eb34f331da0d48e4,Wei Scott 26,United States,2,2015-01-02,2015-01-04
3e2cdfd1d0e9ba090eade8ba6a38a5ac,Andrew Sanchez 13,Australia,1,2013-05-29,2013-05-29
38e922b684b98def3ea362617287eca5,Carlos Young 31,United States,1,2018-10-26,2018-10-26
c18078f153145c84f4ef692cb1279826,Cynthia Moore 10,United Kingdom,1,2007-11-03,2007-11-03
71bd27fe6db26f2bd7cd29b806c456f9,Fatima Green 4,Canada,1,2015-02-21,2015-02-21
7789153fec5f6eee78e9c05c1033dad8,James Wright 11,United States,1,2014-10-22,2014-10-22
25b354ad52069ecebda992a681731294,Lisa Patel 19,United States,1,2016-01-31,2016-01-31
38b7e9020fc1dcce3391584b23525769,Raj Jackson 3,United States,1,2015-09-08,2015-09-08
7822da25669f6db123456c7c951973a5,Ronald Patel 15,United Kingdom,1,2010-07-14,2010-07-14
bb535eea502665a1a2644771f791e820,Sofia Mitchell 6,United States,1,2015-11-10,2015-11-10
975797bab448ba2d8d3607013253619c,Wei Schmidt 30,United Kingdom,1,2008-04-14,2008-04-14
88bfb1ff972f06f230d3b7d06b10a787,Henrik Costa 7,Australia,1,2017-05-31,2017-05-31
25a8d6281501a0dcb2355b397096ef41,Joshua Haddad 3,Netherlands,1,2023-08-03,2023-08-03
6ddbf121363ddbbe52fde7712753c1d8,Kevin Green 31,China,1,2017-10-30,2017-10-30
f14b255fd96b26f337c31a8889be21f0,Laura Ramirez 27,Germany,1,2016-12-03,2016-12-03
e1c7818592072683d71da4c60d1c1b15,Lisa Hall 25,Namibia,1,2017-02-15,2017-02-15
f17f53f24f0a8b85232c48b679287a2b,Mark Rodriguez 25,Qatar,1,2018-09-23,2018-09-23
fa3ad635257f124dbba808f2d82b5733,Matthew Smith 28,Australia,1,2019-07-12,2019-07-12
f9f10c6f365d979cb65d30b0171c392b,Rebecca Green 6,United Kingdom,1,2012-09-27,2012-09-27
f26bfe3fae7c3864c031303a089dc9ce,Rebecca Harris 13,Finland,1,2016-02-20,2016-02-20
f92c45bd9b423057aef7ce6bb60d1853,Robert Kowalski,United Kingdom,1,2013-07-31,2013-07-31
0a404968006cbfd0959acd2baae92e2d,Carol Rodriguez 6,United Kingdom,2,2026-06-14,2026-06-14
074255695b92040b3a731e29b137888f,Daniel Wright 21,United Arab Emirates,1,2023-11-02,2023-11-02
e1e701e3db49a1822a7fdc79452cf5b8,Hassan Nelson 25,United Kingdom,1,2017-07-15,2017-07-15
8b8e7f4d7c7963c43d11330a80c61a4b,Henrik Nelson 7,Sweden,2,2012-01-30,2012-09-17
ce09c3c911f2bf1fa1160b44c0de3f86,Lisa Garcia 28,Australia,1,2018-08-26,2018-08-26
ecb9d2c76034a348df45caf645e480c3,Lisa Lewis 16,United States,1,2014-01-13,2014-01-13
c45af47799a383213abc2233212e22fd,Matthew Rodriguez 25,United States,1,2014-08-02,2014-08-02
de4fb6271eeb9cf47837d66438224889,Mei Patel 24,Philippines,1,2011-10-21,2011-10-21
9592f5a91e2127d984866402add720e5,Melissa Nguyen 13,United Kingdom,1,2018-06-09,2018-06-09
72967d6484f8d0c8219d436f41e2c01d,Priya Gonzalez 13,Poland,1,2013-04-16,2013-04-16
c4467e1c178550a9dcb3a7325849bf30,Brian Torres 25,Canada,1,2013-10-06,2013-10-06
782e97b37fa0cf5ebbe5a283610029b2,Carol Nguyen 18,United States,1,2015-07-05,2015-07-05
4d2ff721780f1260515bfd9596b864e7,Joshua Flores 9,Belgium,1,2015-05-29,2015-05-29
8779c13d9c171075b2a76f3b81dc18e7,Joshua Okafor 24,United Kingdom,1,2012-03-28,2012-03-28
f0ac9c54485cdfc22c42cd4cffadad5a,Joshua Rossi 9,Switzerland,1,2013-01-10,2013-01-10
e5a3815df733d01a81148ad497b25d56,Kimberly Campbell 24,United Kingdom,1,2012-07-24,2012-07-24
be0692b6e834801ab457081d50706d1d,Mark Hill 20,United Kingdom,1,2015-10-23,2015-10-23
6087cc7cff350a5a7b1c5bd7c2a1d979,Rebecca Kowalski 30,United States,1,2018-04-02,2018-04-02
324f51aaba1c50a38a33b14d4f30ada0,Sarah Robinson 14,Australia,1,2023-04-28,2023-04-28
8d7a414fdfda6d6ca206d80e8e5b15f7,Wei Green 24,United States,1,2016-08-20,2016-08-20
157d8dabbaaf4562e25808fa7f9b8112,Amanda Smith 18,Switzerland,5,2016-04-04,2024-01-18
c056f2de98af67aa6217c6e76236676e,Anna Harris 19,Australia,1,2013-11-22,2013-11-22
001c9d6dd51783ec9c1878eab259d4f6,Ashley Nguyen 26,Israel,2,2017-06-24,2017-06-24
8e639090cfab97e21d2f6422721b251d,Charles Miller 13,United States,5,2013-05-29,2014-10-04
f44b1232c81a42df3c29ccfb8ff3f58e,Christopher Lee 13,United States,1,2014-08-02,2014-08-02
1dbd5358ec73d2a028f3ef28e6a61e40,Christopher Lee 18,Germany,4,2016-02-29,2016-08-02
e968765c326a04ee82a0845be8931859,Daniel Young 6,United Arab Emirates,1,2017-01-25,2017-01-25
e373a47107ebccc615a37a255eec579e,Diego Chen 21,Sweden,5,2018-11-16,2021-11-23
124e3c75d6c8ede5255d65e4fe049766,Diego Garcia 3,France,2,2018-02-25,2018-02-25
f691aee85681064690ecda683e90af86,Edward Thompson 18,United Kingdom,3,2009-06-04,2010-07-21
2ac35e94581ac14dfe26a27441c96697,Elena Miller 31,Ireland,1,2011-01-02,2011-01-02
b1a703586b3c213836ad3feee8046a97,Henrik Rossi 24,New Zealand,1,2016-01-31,2016-01-31
6285b8c7f76bd2022cb3749d95ba6f40,Henrik Scott 21,Australia,1,2019-04-19,2019-04-19
54548615c42d7740e091e17b1767ebd9,Jason Martinez 7,United Kingdom,1,2016-10-18,2016-10-18
51efb0ca66aaa07961c289a3c5a667e8,Kenneth Singh 28,Malaysia,6,2019-11-27,2019-12-28
aa4be7c8742d3e339944e57fbefff387,Kevin Andersson 28,Saudi Arabia,1,2019-06-19,2019-06-19
05783bfb5e85757442a79e334fb45228,Kevin Martinez 30,Hong Kong,1,2016-02-20,2016-02-20
91d50b6c6de96d78baab8c992254e36d,Kimberly Hernandez 25,United Kingdom,1,2008-02-20,2008-02-20
8c5ed9257288d980f4ddd32908883d95,Laura Haddad 19,United Kingdom,2,2023-11-15,2023-11-15
c0f6c295b387ce651b36f39776437e09,Mei Adams 29,United States,2,2014-04-14,2016-05-30
808eb66b1bacd0a82e9427dee7154a42,Melissa Perez 12,United Kingdom,1,2011-09-13,2011-09-13
573efc48a0ee0e058f438e38d2017adb,Melissa Taylor 19,Australia,3,2011-11-28,2016-12-13
ced43b583544dc7d03e78c9727f88d1a,Michael Young 9,United States,2,2015-01-27,2015-01-27
3e1e2f59bdda216f9176ec98e402f35a,Rebecca Harris 19,Norway,1,2015-03-22,2015-03-22
bd1f0479aaefab18205112133e6aef0b,Sarah Jones 31,United Kingdom,2,2009-05-25,2010-01-12
ac4ca87e944b548a559538d53a3a692b,Stephen Sanchez 6,Germany,21,2016-12-01,2018-05-28
00afc6e4d558cfa4040cecd716bb57f1,Steven Rivera 13,Japan,3,2014-08-25,2015-01-04
a27a6545082f15e2f8775777af46c332,Aisha Carter,United States,1,2015-02-07,2015-02-07
89825cdeac966d6e1a7913bc4d005c80,Ashley Perez 15,Australia,1,2015-05-10,2015-05-10
bbc75628e56e134fd0d9950497febd65,Carlos Kowalski 26,United Kingdom,1,2016-07-03,2016-07-03
9bf00990a7516eeeb4e8adc9ff7d1db5,Christopher Jackson 24,Netherlands,2,2019-10-15,2019-10-16
9c9a7a7db040e0acf0dde7d003e43451,Donna Costa 14,United States,1,2015-10-30,2015-10-30
eef072a8a602ec6076e1a31ee3f258b4,Elena Carter 23,Australia,2,2014-03-30,2015-05-10
8ef6fd6f0abf6f9585e759d1fe4c2c9f,Helen Jackson 13,China,1,2011-02-14,2011-02-14
6727c6a647d7c399a1b77b46b926ec2d,Henrik Smith 5,Canada,1,2018-11-15,2018-11-15
161636eeaab8914803a19dc5404d5f0f,James Gonzalez 24,Finland,2,2014-11-06,2015-01-02
a108f30c4457bd840bf6dd5ea30fdb17,Jason Davis 28,United Kingdom,2,2008-08-19,2009-03-01
3456851d8204aa449f6a36c367ddedfb,Mark Costa 20,Germany,1,2016-05-19,2016-05-19
8e8ca29f6be2d917cd4c1d2e5c097da8,Melissa Mueller 6,Saudi Arabia,2,2012-01-24,2012-01-24
1a23a621490f8ecf7122b8f6919d66b4,Raj Flores 13,United States,1,2022-02-18,2022-02-18
cb3cf40a486e8d8aa855c890a81f4a90,Raj Patel 11,Singapore,1,2017-01-11,2017-01-11
f92b6f8814a5023d48cf68ce76b270bd,Ronald Scott 2,Lebanon,1,2015-11-24,2015-11-24
d4dfa23cde799880f58449e8b0177106,Sharon Andersson 3,Australia,1,2017-03-19,2017-03-19
016483776da2a8ead75a441e32d4e561,Yuki Lee 23,United Kingdom,1,2014-01-29,2014-01-29
4cfd28b74dd623ddf3d3686df03dd890,Amanda Nguyen 27,United States,1,2013-08-05,2013-08-05
06ff0190b1ed6c527cb622dfa6a51039,Brian Martin 26,Japan,3,2016-01-06,2017-12-20
8f37b1efb1b7149163fcb704e2cf8f68,Carlos Thompson,South Africa,1,2012-05-01,2012-05-01
79330c0ca7cd8caa46a5eaeeaff0f319,Emily Miller 19,United States,5,2015-02-04,2015-02-21
e3e3aa7484aa2c8e9c6ad7743100e558,Eric Clark 13,Canada,1,2012-01-30,2012-01-30
c3318ad253db502b5cdac5e00968b56a,Eric Lewis 19,Austria,2,2013-07-07,2013-07-07
bf11435c17a72d131fc4c06444903c06,Joshua Okafor,United Kingdom,1,2015-01-02,2015-01-02
fb9e96af890a118f14970eb55d478c35,Linda Haddad 24,Canada,1,2016-06-09,2016-06-09
d08e0b64f0b1e2a24d369101e56c677b,Linda Scott 10,United Kingdom,4,2006-09-28,2012-01-30
85fc7c6611b17f88e4bbc091dc03c32a,Michael Hernandez 6,Switzerland,2,2011-05-01,2011-05-01
089bd0bf6ee53b91afef0bbb716145e0,Ronald Johnson 26,Switzerland,1,2011-08-02,2011-08-02
ac000ea47b96ba21431d4dbdd2ae9444,Susan Carter 21,United States,1,2022-06-29,2022-06-29
bf9fd15e9fca1c1b638e91d1e9b72dd9,Yuki Wilson 3,Australia,1,2016-01-18,2016-01-18
4a3ea10f4035a3147523ecafe725f6fe,Aisha White 7,United States,2,2014-11-19,2014-11-19
4604ab5c747ad08559ad11323865ea9b,Anna Petrov 25,New Zealand,2,2017-05-25,2017-05-25
839ca8e1ce4fce5a1dfcdfb311d8700f,Anthony King 21,United States,1,2019-05-21,2019-05-21
92cfbc27bdac283df84eb1db79662d72,Anthony White 16,Netherlands,1,2014-10-04,2014-10-04
35413855fd20bda0012c7ac4d45e165d,Christopher Mueller 27,Australia,1,2019-12-03,2019-12-03
845efe2470ec7a1f7d719dea27989840,Hassan Schmidt 31,Saudi Arabia,4,2017-03-28,2017-03-29
f30687ceec2373c7b619dbda0d102de7,Helen Rivera 29,Canada,1,2019-11-08,2019-11-08
22b13ac182ba7194ba55bc2d97521a78,Henrik Clark 13,United Kingdom,1,2009-12-07,2009-12-07
74a77750b0805b92c7ead498517db129,Laura Smith 24,New Zealand,1,2012-06-05,2012-06-05
8caa52097256ab242bb1e0990903c324,Lisa Ramirez 23,United Kingdom,1,2010-02-09,2010-02-09
7fbd5e057512960d86a119f7013eeb29,Michelle Martin 25,New Zealand,2,2013-02-04,2013-02-04
17032df6de1bd249f5684f001b5e35fc,Michelle Roberts 2,Australia,1,2015-07-10,2015-07-10
e6b8151d3348dfc2f20729a4ed9def7e,Omar King 24,United Kingdom,1,2014-10-04,2014-10-04
7f18a585d64dd4a32febd2f08c35c44f,Raj Nelson 7,Australia,1,2016-01-04,2016-01-04
9f4739bf7678b5210ec33e0eb305264e,Sharon Ivanov 5,Austria,1,2013-01-10,2013-01-10
0009b2eb0ac659c2d6c72f9717e95e53,Sharon Miller 2,Australia,3,2015-08-25,2015-08-25
f1681d6233c10ef915004f2f85d88802,Steven Robinson 30,United Kingdom,2,2010-08-28,2013-10-06
252ce1cafd8b96f8f916616074fedd34,Yuki Taylor 3,China,2,2012-09-10,2012-09-10
21374ae9246d4bc0fc85b652b29d4c6d,Carlos Lee 28,United Kingdom,3,2023-06-02,2023-06-04
47024c7e983f9641d0b724d47c7bf7e7,Christopher Kowalski 22,Australia,1,2015-02-25,2015-02-25
5872909a82ec1b4755789f1e03b4b452,David Green 30,United Kingdom,2,2015-12-31,2016-06-01
8d1f82885b55a93fe778d6d8b01bc7e7,Elena Tanaka 30,United Kingdom,1,2008-07-02,2008-07-02
cbf513fa7237a274f4c624a8282b80b3,Helen Williams 29,United Kingdom,3,2012-06-18,2013-10-06
b8c49b243e860a0261430f0950a3ce1c,John Rodriguez 5,Australia,1,2014-03-03,2014-03-03
efa9729adced1733851bf8404ad7aa8d,Kevin Mueller 7,United States,1,2012-01-25,2012-01-25
05a9a14527ddcd2e33d7bfeccc3033e0,Laura Lopez 7,Australia,3,2015-05-29,2015-05-29
8558ae52600b6342d427fe110024e6fb,Mark Costa 6,United Kingdom,1,2015-01-30,2015-01-30
40e2a4f84d4498c1ee03451ccd4a8fff,Paul Chen 11,United Kingdom,7,2014-10-04,2022-04-21
19f71f8f49a8e3d008665e981c292970,Priya Costa 4,United Kingdom,1,2010-09-06,2010-09-06
ec253ddcfec54ad3fbdaff28a0ee6619,Rebecca Johnson 15,Canada,2,2012-05-21,2012-05-21
8a50eb1acda801ee443bd3844089780e,Yuki Okafor 10,Philippines,1,2014-10-04,2014-10-04
1dae5ede074761d5d3307a2989c97fd7,Aisha Sanchez 4,United Kingdom,2,2007-11-02,2015-10-11
c8be623cad5475715e56dce94daf93d3,Charles Mitchell 30,United Kingdom,1,2015-03-29,2015-03-29
667dbfdd07ce52b0fca0f1d302ddb5ae,Cynthia Anderson,Ireland,1,2012-09-17,2012-09-17
7e631e4b3150b1b607d84e92e0bf3bc3,Donna Lee 24,United Kingdom,1,2011-11-28,2011-11-28
c69a89e3151c155182fcf1a6d7f83013,Edward Nelson 20,Australia,1,2015-07-11,2015-07-11
26ee8bbc4ba63503ec6fcd2f0cbc1cf2,Emily Rossi 12,United Kingdom,3,2009-07-13,2011-07-31
4beacaef8d6eef02a376a61c8021b5d4,Eric Green 11,United Kingdom,3,2012-10-04,2016-06-06
29465dea533b903fd44ef323b477c9b8,Fatima Ramirez 9,Australia,1,2013-05-29,2013-05-29
20ee8071366e1a00501047ccc55ff8be,Jason King 28,United Kingdom,4,2010-12-06,2010-12-06
685982047c079de4ba523f1966fe9c32,Lars Tanaka 10,Belgium,1,2011-09-17,2011-09-17
6f6eda53c559defec4475cc1e922ab1b,Melissa Scott 28,Pakistan,1,2019-10-22,2019-10-22
5fc62d08e7cabe581ba3a4f3c2c9054d,Nancy Petrov 29,United States,1,2022-08-25,2022-08-25
5b9fa8a361821cd7fc666b478d662396,Patricia White 28,United States,1,2012-06-05,2012-06-05
c95a17ba1ffafc75a677790c1f872cc6,Paul Taylor 2,United States,1,2014-11-19,2014-11-19
62fa99e9450d1a21817174770736f13f,Susan Campbell 7,Canada,1,2019-11-23,2019-11-23
25eb6a4be31342cebea3a86bfde1bf68,Thomas Davis 7,United Kingdom,2,2009-12-04,2010-06-13
1a272c19b7501b0af9816d94cb801f19,Wei Davis 13,United Kingdom,1,2009-06-17,2009-06-17
843c622e301c549cafd645a6ecc6e0a0,Andrew Thomas 4,United States,1,2016-02-21,2016-02-21
940b31567427c204aad531dbd1a2d850,Brian Adams 23,Thailand,1,2017-10-15,2017-10-15
b7c018c017f9cce09d846facbe8a0a85,Edward Jones 13,Afghanistan,1,2015-08-24,2015-08-24
a816dae1096120b5de3259b440d3c4a3,Jennifer Walker 7,United Kingdom,1,2013-01-03,2013-01-03
bf885c82d5ed798681bf3d9ccaa91c78,Joshua Tanaka 28,Singapore,1,2015-05-29,2015-05-29
200541e38ba5a774f5df101e4bc9b360,Karen Sanchez 9,United States,1,2017-02-06,2017-02-06
6d4e437b0c1f66a7f032a84bc2697cb1,Kimberly Perez 18,Australia,1,2011-05-01,2011-05-01
570936c1d47233717ef50860e824ba8e,Mei Andersson 31,United Kingdom,2,2010-11-20,2017-08-05
a49cc274503f455352581fd418ecaf53,Sofia Wilson 20,Germany,1,2016-09-29,2016-09-29
19704f2e895e1853a3c1f14ab803c1fa,Susan Wilson 9,Canada,1,2016-02-09,2016-02-09
b55b23caeae68f06f549c2b779c1a4d4,Wei Green 19,United Kingdom,1,2014-10-04,2014-10-04
a99ff2aacd076742430acf16181c13f5,Ashley Campbell 14,Belgium,1,2017-11-13,2017-11-13
0d3e585fde54cb9bc784a1853f023acb,Ashley Jones 13,United States,1,2017-02-21,2017-02-21
fb25d625d6fbd1658786188a51ee05c6,Diego Rodriguez 4,United Kingdom,1,2016-02-13,2016-02-13
bc24c798bbbe2d6ebbaf4f114e3ab50d,Eric Lopez 24,United Kingdom,1,2017-07-01,2017-07-01
ff80e1127c87d682bac7ede3949741e8,Helen Mitchell 11,Singapore,1,2015-12-13,2015-12-13
4ae3ccac4ef2a568c0583633031210be,Jennifer Thomas 23,United States,2,2015-09-03,2015-09-03
565b441127263dfdc592fac0abef2c4b,Kevin Davis 9,Germany,2,2025-09-20,2025-09-20
5827b669dea18e5a9dbefc9ecee2c232,Laura Hernandez 26,United States,1,2016-12-06,2016-12-06
db43ae555bbe2eb6fdecf6ff70d42377,Linda Mueller 5,France,2,2010-12-04,2012-08-05
b67b2c44443f07012917a390b66537be,Matthew Smith 31,Malaysia,1,2016-08-11,2016-08-11
4cf79347f19179e4daf58906e13a989f,Paul Campbell 19,Australia,1,2012-06-18,2012-06-18
6bfc5dff8046a5359ded94cc9b42ed35,Paul Lewis 23,France,1,2017-12-20,2017-12-20
895ddb2ce69b11033b6853a31664d2dc,Rebecca Adams 6,Japan,1,2016-05-16,2016-05-16
a42c3cb1e0c6c85726d6ee21069a7d86,Aisha Wilson 29,Germany,1,2016-07-16,2016-07-16
35084963a96bcf3a83ef6a62236e4246,David Wilson 20,France,1,2017-04-15,2017-04-15
7bf520d8849d3b0cb62f3c18cf764087,Eric Brown 5,Australia,1,2014-03-30,2014-03-30
0598aea477b0fbe705f226bc8e5ab2e3,James Miller 30,Thailand,1,2022-07-27,2022-07-27
638e3ee8b1e8819fc92b60b1e38c97fc,Jennifer Schmidt,United States,1,2013-02-25,2013-02-25
19b90c10590df3357265c9a9a846f344,Kenneth Baker 28,United Kingdom,1,2008-05-30,2008-05-30
e0bfba9f27184a4bd4eac5a5629b9965,Linda Jones 26,Uzbekistan,1,2026-03-26,2026-03-26
ab5c86f7b672d33095701f482ae62f65,Michelle Torres 16,United Kingdom,1,2009-05-30,2009-05-30
4aaca2a5ea80541365824acf3c1a1fc5,Patricia Hernandez 14,United States,1,2014-06-04,2014-06-04
4e846d18384df299683824c5322c5b7c,Paul Clark 24,Thailand,1,2016-03-13,2016-03-13
1ac1796229ca5484063ff0cc4afa7fb4,Priya Costa 23,Germany,1,2022-09-22,2022-09-22
95be6f6754e15d04fb0454a067594215,Robert Adams 17,United States,2,2018-10-12,2020-02-24
999e2236335959f67115ef671e1b3748,Ronald Ivanov 15,Canada,1,2021-11-21,2021-11-21
c9f27b9d843d09fc7895d458e3fc68de,Sharon Lopez 13,Australia,1,2015-02-04,2015-02-04
459f32d578ce3c1b6072d5fd4ce2d219,Thomas Andersson 25,United Kingdom,1,2008-09-01,2008-09-01
079cf8759ba72f18852403ab31cf050d,Andrew White 22,Sweden,1,2014-10-04,2014-10-04
8e930cb45273d8cb053d470db122f552,Ashley Thomas 25,Switzerland,1,2016-07-20,2016-07-20
310c7242769012470b287c876dbc0015,Diego Anderson 23,Canada,2,2017-01-30,2017-01-30
28500ef9a520a02b5e519761832cd21f,George Chen 5,Belgium,1,2019-10-23,2019-10-23
86b341c8523b1249f7878298737083c7,Helen Hill 19,Canada,1,2011-05-01,2011-05-01
2ba3775a557e68bbbb7996ead95324d6,Ingrid Lewis,Australia,1,2014-01-17,2014-01-17
f5cfcf1d545da554a3db18ed41474bef,Jennifer Baker 7,United States,2,2014-08-02,2014-08-02
8f4765dc025ad60ac0c05f41293664de,Kenneth Rossi 16,Australia,2,2011-05-28,2011-05-28
5f6050e528a6a24665786324a170cf9b,Michael Clark 15,Indonesia,1,2014-08-30,2014-08-30
0b1ddfec574f7f9cbe1358c83ba94558,Omar Martin 26,United States,1,2015-05-10,2015-05-10
ad8432fde9d357d1c4f01346bed4f39d,Wei Anderson 18,Saudi Arabia,1,2015-02-21,2015-02-21
30540449397debbd004d39e106ec5cae,Amanda Harris 18,United Kingdom,1,2014-08-21,2014-08-21
568befd98d467d7055a7385ad43071ce,Ashley Singh 21,United States,2,2022-05-27,2022-05-27
e2fcec2157fa9d08c9f58251bf5980a9,Edward Mueller 22,Australia,1,2014-07-31,2014-07-31
1bae59d1f9cac11da19641364019486e,Elena Allen 2,United Kingdom,1,2015-09-09,2015-09-09
de7b732017c8e16a70a8b12a82e4b241,Elena Nelson 3,United Kingdom,1,2017-03-07,2017-03-07
ec2a43404625e20268a1d69cf7fa8da0,Elena Nguyen 29,Australia,1,2015-10-20,2015-10-20
0d0d56571dcf30a67858dc6e91ff2e95,Kenneth Davis 27,Netherlands,1,2013-03-08,2013-03-08
cd8ca92ef963e378dc982bd5b500a2b7,Kenneth Patel 7,Oman,1,2017-05-24,2017-05-24
5de4f01db878d08dadc601801d411518,Kevin Lee 3,United States,1,2016-06-04,2016-06-04
4be040b3cd22838beee3a16bff82944e,Kimberly Anderson 16,Australia,1,2018-01-05,2018-01-05
1b8146c906689a5476fb838b64f7e53a,Laura Clark 26,Canada,1,2015-11-23,2015-11-23
086eee7a2990bf90823efed35e8fc1de,Laura Schmidt 15,Vietnam,1,2014-08-06,2014-08-06
1b08ef8dd37bbc2b4c93f9936cceba32,Mark Haddad 24,United States,1,2014-04-14,2014-04-14
ec4173b19433515aa64569b3ed4154a4,Mark Rodriguez 11,Australia,1,2015-05-10,2015-05-10
8185853704775796894c26a40b442f8c,Patricia Lee 4,United States,1,2014-04-14,2014-04-14
661f7330e750dd0931006541afec5cd6,Rebecca Campbell 28,United States,1,2015-01-27,2015-01-27
1175dc74a505bab2259458fbda9d6297,Sarah Schmidt 30,United Kingdom,1,2010-08-09,2010-08-09
fc9808b24a841c87a62a469b4f2ebf92,Anna Scott 19,Australia,1,2012-09-17,2012-09-17
2cda4897df7f141f16be638083fd7199,Ashley Williams 17,Greece,1,2015-02-04,2015-02-04
0b1eb00452578485d4d0ae1ed6d29799,Charles Andersson 16,United Arab Emirates,1,2016-10-02,2016-10-02
3e03b1a0d45e1b6ee36bdee6387a7d3e,Diego Campbell 28,United Kingdom,2,2009-07-30,2009-07-30
39499261ccbc8e6b28f7f7401a129b1b,Jennifer Hill 15,United Kingdom,1,2010-07-03,2010-07-03
3e6fc5711dbbb4af939b0fff2f61e855,Kimberly Rodriguez 19,United Kingdom,1,2008-08-19,2008-08-19
93afb39df82c4ae569673223b62f5388,Nancy Singh 17,Malaysia,2,2013-12-30,2014-06-04
c60482c55941a4bb7e2d38bfa156c8f8,Ronald Allen 24,United Kingdom,2,2009-07-30,2009-07-30
ef4424584f208343a03e42ff863acae8,Stephen Allen 21,Italy,1,2018-11-11,2018-11-11
892e5136b0a45bd6e74bf9ea1d905d27,Amanda Young 10,United States,2,2011-09-18,2011-09-18
642c479f204686f07a805de56505dd5a,Carol Walker 17,Czech Republic,1,2012-04-24,2012-04-24
a95ef61c8cf2ca885c1a80e859b6f8dd,Helen Rodriguez 27,United Kingdom,1,2010-11-17,2010-11-17
fbec7e37c4b62842263c0559e4b6420f,Kenneth Williams 12,Australia,1,2013-07-07,2013-07-07
71260a53592e8544a8d4a1979d7fcb00,Lars Hall 13,Thailand,1,2016-11-25,2016-11-25
dd2dda64d8cde7fbf33f8a6d9c99901c,Paul Clark 19,Qatar,3,2024-08-17,2024-08-17
472599cfef59cd95a06633cd4c78d3ff,Paul Kim 31,United States,1,2021-12-03,2021-12-03
ec1ce7e0d778fe9e7ad40f0e9a1573c7,Priya Lewis 19,United Kingdom,1,2010-12-04,2010-12-04
84f3a3f1a2eabdb66795d85439adc386,Rebecca Lewis 2,United Kingdom,1,2013-09-15,2013-09-15
67541921f686a569c12ea0d7026a0c75,Ronald Brown 23,Australia,1,2016-04-21,2016-04-21
dcc6b273dd00772c44684cd83ace528c,Sandra Sanchez 11,United States,1,2019-09-30,2019-09-30
36fca721203dd264f7a6d1f51a8628ad,Susan Jones 13,Denmark,1,2015-11-05,2015-11-05
0984d8005029b58b40502779aabcacd4,Wei Taylor 15,Malaysia,1,2016-07-08,2016-07-08
1bcce45f103590f9e128c8f6d05e95f0,Andrew Kowalski 26,United States,1,2021-11-25,2021-11-25
d71b42f411c80a3cb423e4a9602b79e1,Fatima Thomas 25,United Kingdom,1,2016-09-23,2016-09-23
d24aadc2400d28cf4f5e72ae9a3e14cc,Helen Smith 16,New Zealand,1,2022-03-22,2022-03-22
5c14a1fbc86ab96eb1466469db81dd46,Kevin Anderson 9,United Kingdom,1,2010-02-01,2010-02-01
be4003daf81e1ebbf05698662aa1f34b,Kimberly Nelson 2,United Kingdom,1,2016-02-06,2016-02-06
fbd5d4adba9d5051c833358fe67216f2,Omar Rodriguez 3,United Kingdom,1,2016-06-10,2016-06-10
5f75177342fde7affe1fc9f46879ee4b,Rebecca Nelson 3,Australia,1,2011-10-21,2011-10-21
81ba94c32a15042c8f52e6120baaa4c9,Robert Baker 19,United States,1,2013-04-16,2013-04-16
074e1f88cb96190e6f55902305f2cdf2,Ronald Haddad 26,United Kingdom,1,2015-02-07,2015-02-07
0483ac743b88a06606c6267e33bedfe5,Yuki Haddad 4,United States,1,2017-04-23,2017-04-23
4a3000ff88288f8ca0869b13d77cfb27,Carol Rivera 15,United States,1,2015-07-24,2015-07-24
e81b037b87a437d0d0609d2f90f38c57,Cynthia Adams 18,United States,1,2013-10-06,2013-10-06
a2b02430cd7f26810eb98e2aa305572f,Donna Campbell,India,1,2013-05-29,2013-05-29
f28a5148983db89ad4b400140b8d09a5,Eric Petrov 29,United States,1,2012-10-29,2012-10-29
8fd44d6f746a903d41a13403852ac29c,Helen Hall 21,Australia,1,2017-08-25,2017-08-25
728432a6e568f4092c7e9c935b97cbc1,Kimberly Brown 5,Norway,1,2023-12-02,2023-12-02
f0e12aa1eee485684004201f209af389,Laura Rossi 19,United Kingdom,1,2015-02-25,2015-02-25
4b40d69e049a35c39b9537e55f65794a,Mark Rossi 9,Australia,1,2016-01-04,2016-01-04
79dc3f4a100264d9972008957338363c,Mary Sanchez 17,Belgium,1,2014-03-03,2014-03-03
227f45209d5cea7ddb12cd76821f89a9,Matthew White 6,Australia,1,2013-07-07,2013-07-07
65d0b405bf4d0454af8bb97b4112d00c,Andrew Roberts 22,United Kingdom,1,2013-10-06,2013-10-06
1b6054fdbdb94337839ef82d06004f83,Anna King 8,United States,1,2019-12-21,2019-12-21
615c1ba181489512fd52babdcfb052f5,Ingrid Andersson 25,Qatar,1,2024-10-30,2024-10-30
94b49c5ddc97b7a92e482f39ece9accc,Linda Wright 19,Switzerland,1,2015-05-29,2015-05-29
e42c0a0e4cb023ea29f9f5a5a06e579c,Lisa Hernandez 29,Thailand,1,2017-02-15,2017-02-15
0a6cab6e765f3ad3c2c2448eac708df4,Mei Harris 28,United States,1,2016-11-24,2016-11-24
7f14f5d127ad31a12a9e076a5b14c1e5,Nancy Clark 26,United Kingdom,1,2018-03-18,2018-03-18
1780f3a7a05979802b26f26549f4f1d9,Steven Petrov 5,Australia,1,2015-01-04,2015-01-04
2c9b63d6815be52d8029fcac26fc6b5e,Wei Kim 12,United Kingdom,1,2014-04-22,2014-04-22
c472d79f64247b4918e38c58ced8c051,Anthony Martinez 30,United Kingdom,1,2013-07-07,2013-07-07
e15c07ea01c2d6cfc6bbe1f46f208913,Cynthia Lee 5,Portugal,19,2017-05-22,2017-11-25
bc4433ab19b0995d45322601973731b9,Cynthia Scott 15,United Kingdom,1,2014-01-10,2014-01-10
63ad04c3df52ed11fe00871cb7e2e577,Diego Garcia 24,Canada,1,2015-01-27,2015-01-27
2066740737aedb0c6f77f5be47b4fce9,George Flores 9,United States,4,2014-10-03,2015-07-03
0bd879355b463108a24adf91735a1156,James Gonzalez 21,Switzerland,1,2016-07-23,2016-07-23
fd4b35c03deac6e848b44f317189f9d4,Kimberly Harris 6,United Kingdom,15,2013-12-30,2015-05-29
aac90ba93e8d859c4822825104839a09,Linda Kim 21,New Zealand,1,2015-07-17,2015-07-17
75c69720c6cb83d9722b16879b5374cc,Robert Patel 15,United Kingdom,1,2008-12-31,2008-12-31
f5b5746f4fac491b77a98482c69e78f1,Sandra Adams,United States,1,2013-07-07,2013-07-07
b4b74bd35714009dd93aa66ae2cc5a17,Sarah Lee 11,United Kingdom,2,2009-06-08,2009-06-08
7684113e9d7d9b0ac28ba8ed959f2d74,Carol Nguyen 14,United States,2,2021-10-11,2021-10-11
2dcfe05af2ba2716f7d7a3c7fb0ff617,Carol Thompson 25,Australia,1,2016-03-19,2016-03-19
59a4f78ef14984bed4746a211b8e4814,Christopher Adams 17,Canada,3,2018-06-04,2019-05-13
8f2513f3bde058922d3e149e2303f4a8,Diego Roberts 18,United Kingdom,2,2017-06-30,2017-06-30
eb722e7204d18d2eaa6546af4ca63466,Diego Robinson 26,United Arab Emirates,2,2012-09-17,2013-09-15
e8f2e420ab5adad8cd148dc96df3840c,Elena Chen 13,United Kingdom,1,2015-03-22,2015-03-22
dc2c79681504731f66b10c4ec34b0e32,Elena Rivera,Canada,2,2015-04-02,2015-05-09
3918e8999f95e9f797bd067611d63be5,George Sanchez 31,Australia,1,2016-09-23,2016-09-23
e36e2817d5db17dac3d4b5dc0db94d6b,Ingrid Lopez 4,United Kingdom,1,2017-05-23,2017-05-23
66d163653a493d97cf673169a81d0857,James Brown 8,United Arab Emirates,1,2015-12-10,2015-12-10
bdc16e1c0360e5c458012c33f73b1554,James Johnson 19,Canada,4,2016-01-07,2019-04-25
a4c96816811f927d56032ac463d474b9,Lars Green 12,Australia,1,2014-10-28,2014-10-28
4c8d2276fcecad486902bd3843953a8a,Mark Miller 24,United States,1,2017-12-24,2017-12-24
029c02549a97d270abd64ce2d58837fd,Melissa Perez 5,United Kingdom,1,2011-09-17,2011-09-17
306cc4ea980ab043e0769ec0001d8f3e,Michelle Sanchez 20,Finland,1,2021-06-08,2021-06-08
b22cad4a431c217bc9f0507114af2cae,Omar Moore 9,South Africa,1,2011-09-13,2011-09-13
5887bc236b8d2ff0e5c5b92f165ebd3e,Patricia Hill 31,Sweden,2,2015-06-17,2015-06-17
da663274fa997737f93566310e04e384,Sofia Wilson 19,United Kingdom,1,2007-11-03,2007-11-03
4594a16d820d7c533c70af682b1e15ae,Anthony Campbell 11,Germany,1,2018-06-25,2018-06-25
029ed42893882d06ae32f388a442818f,Charles Baker 28,United Kingdom,1,2009-02-28,2009-02-28
3a7dfd7f6d0992ffd5dcfd490bcb9277,Edward Kim 5,Mexico,2,2018-02-13,2020-01-04
c23902c14fec6a808bebe2000edcc0a9,George King 31,United States,11,2017-04-01,2022-10-11
83e79f55b0f82bfb25d6045a4c617f10,Jason Lewis 10,Vietnam,1,2017-09-02,2017-09-02
75e4aa2d28bbe6ab12c439ecd50ba0b8,Jason Rossi 31,Netherlands,1,2018-08-31,2018-08-31
822b47e212572a27b89d91ef0de4af6a,Kevin Petrov 29,Philippines,1,2018-02-08,2018-02-08
e1b9ebd535515aef5d6aa09c6b1ec7fd,Laura Rossi 18,United States,1,2015-03-22,2015-03-22
e0088a54e7c504826cd3f6959ff65182,Lisa Miller 19,United Kingdom,1,2014-11-19,2014-11-19
801589b94e31cc3c1fae60c3a35a5bb2,Lisa Patel 4,Canada,1,2023-01-29,2023-01-29
fc228ad4540dafb447280d459b2de0f8,Andrew Allen 29,Hong Kong,6,2011-07-31,2015-04-02
531cf7c2ead2c6b62d172c8b0102fc62,Christopher Lewis 6,Netherlands,1,2012-02-28,2012-02-28
6a17bf40d1cac42a16ee91940063f1fc,Elena Rodriguez 7,Australia,1,2011-07-31,2011-07-31
b9fe35ad3a68fa76f7404722aaf9e92e,Ingrid Lewis 28,Bahrain,1,2016-02-01,2016-02-01
1365274d1bc56b28d2a3627caa426cf0,Karen Scott 10,United States,1,2014-04-22,2014-04-22
4fd1b23eab40fdb1f730fafe523b1a84,Kimberly Ivanov 25,Spain,4,2024-02-21,2024-07-22
eb1c07be5a8908b2f09e4d0b0e8227ca,Mary Scott 26,Malaysia,1,2019-09-07,2019-09-07
80eb0def86da714c699f3ed0af44053c,Matthew Hernandez 7,Denmark,1,2013-04-16,2013-04-16
b1a5b393341b81d85a89c336ea4fd85f,Omar Young 7,United Kingdom,2,2014-08-02,2015-06-03
15ad517323dbfd1e0b584d07c807224c,Patricia White 7,United Kingdom,1,2018-11-22,2018-11-22
2522a8755ab4a3e191fdbc66c8951b61,Rebecca Okafor 10,Israel,2,2017-10-03,2017-12-01
19e4e449e6e573ed9aa53def233f7b06,Robert Miller 14,United States,1,2019-01-09,2019-01-09
88c283841f40365153935a5d630948d5,Ronald Sanchez 20,Australia,1,2012-10-29,2012-10-29
ad48db8ca04a71bbfed7eeb6d7c4f423,Stephen Haddad 20,United Kingdom,2,2008-06-28,2009-09-06
c60779782339a3ee7e54a60d36772bc2,Amanda Okafor 14,Thailand,1,2019-02-26,2019-02-26
623da5633aa30053cc1f6e3c81a64332,Charles Baker 26,United States,1,2018-03-30,2018-03-30
668914a1632e2578d1f759c0b338f2dd,Christopher Lopez 17,United Kingdom,4,2016-01-05,2016-05-13
b0ecfbcd2d5ced4f632095a25860b36f,Diego Torres 24,Netherlands,1,2019-11-18,2019-11-18
6a8bfeb78a10cf043a5dbeae87b555b4,Emily Lee 3,India,1,2016-01-05,2016-01-05
be0e0043970b26eb14ecd92b4245b028,Henrik Ramirez 24,Belgium,1,2022-05-22,2022-05-22
7d7be0457b2f7425787af447b04c3014,Jason Ivanov 28,United States,2,2016-01-14,2016-01-14
0017cd85f19a898dad10e90701c3c7dd,Kimberly Harris 26,Canada,1,2011-09-13,2011-09-13
52164a2856957808d6fe4a6ae58d922c,Kimberly Jones 5,Belgium,2,2022-01-22,2022-01-22
efe8b24d23cde32940bad15161f91860,Linda Flores 12,United Kingdom,1,2016-05-13,2016-05-13
1e4df37445c7f8e8eebaa93a99da6d92,Michael Rodriguez 21,Singapore,2,2013-04-04,2013-04-04
bd23830810f97aaf7b602e006bd8da44,Patricia Jackson 13,United Kingdom,1,2011-11-28,2011-11-28
a75886497909bcbeaec08803397fc6b3,Paul Allen 25,Australia,1,2014-08-12,2014-08-12
7d7ddcff718c603ad6db006a0586a6ad,Sofia Perez 23,United Kingdom,1,2015-09-08,2015-09-08
1240370d0377b06103df9f40f83cd6ad,Steven Miller,Thailand,2,2015-01-30,2015-02-01
a1f289daffb442821479fd2b7eb5f163,Daniel Anderson 21,Thailand,1,2018-04-14,2018-04-14
b226b7a8ee9f66b4f9ff85d843a7f98b,David Costa,Australia,1,2013-05-29,2013-05-29
4b664a510c11f9e048683b8136f1b366,Edward Scott 5,United Kingdom,4,2017-08-23,2019-01-08
1b269b74c5f6f2939eb4853edf7580a9,Fatima Robinson 10,United States,1,2015-03-29,2015-03-29
a4a41bd62e63f030627caa4d8422a1af,John Rodriguez 2,United Kingdom,1,2017-01-14,2017-01-14
a22a3eae3aed5a9e9a6b8db1b3226d58,Linda Robinson 5,Canada,1,2015-05-09,2015-05-09
cd15cd59eb1532b14c9e3af43aa4f0d0,Matthew Thompson 26,Australia,1,2014-05-12,2014-05-12
36452a8cd96ac7e7d4fbbf8ea66d7dab,Mei Rivera 18,Thailand,1,2025-08-16,2025-08-16
7fec8605ec04cac4bceb78599c298699,Melissa Martin 25,Australia,1,2016-06-06,2016-06-06
41cd61b6759d8ece249cfc41e0583cc8,Robert Jones 15,Vietnam,1,2019-11-27,2019-11-27
c81fafdea597679ef292538964d0796a,Steven Torres 15,United Kingdom,1,2014-10-04,2014-10-04
810e6e43e4cb879daa2b88798034343c,Amanda Kim 27,Germany,1,2012-11-08,2012-11-08
42f9948ebf9c2de87bd7b2620df82823,Brian Campbell 14,United Kingdom,1,2016-06-14,2016-06-14
c4fc58b5b8c361d87a5e864c76bcf6a1,Diego Rodriguez 13,Australia,1,2013-09-15,2013-09-15
4250f58e4bc46a9aa4045f5c520b2f79,Ingrid White 9,Russian Federation,2,2019-03-09,2019-03-09
2d8887e8571dfa73f5d649d65fa4b28d,Jason Young 8,Canada,1,2023-09-29,2023-09-29
52c2082e33103e55d7799d5296a55a92,Lars Carter 18,Czech Republic,1,2018-03-04,2018-03-04
c8a2c791ddf57cea05c4cb80e3f6d8c9,Lars Wilson 7,Australia,1,2013-05-29,2013-05-29
35fe84caa556251d4b85f5e6d408d248,Omar Miller 22,Malaysia,1,2014-02-20,2014-02-20
394a398bf567048e8aa21c417df150f3,Patricia Davis 28,United Kingdom,1,2017-02-23,2017-02-23
9dc36137e55b1d4568e269706d53f7b7,Patricia Schmidt 17,Canada,2,2018-10-20,2018-10-20
e91ecd757b48983f4f2946705d72d093,Rebecca Baker 31,United Kingdom,1,2016-01-27,2016-01-27
06316d9071fc451146f6aa0a72b06774,Sofia Mitchell,India,1,2014-03-11,2014-03-11
75355f7b92912c6379a0d512eb48b92e,Thomas Mueller 2,Australia,1,2018-05-22,2018-05-22
a8cf9e1c376b2bddf0b9909f5f2b945e,Wei Anderson 18,Bahamas,1,2012-05-08,2012-05-08
ae075bc5dc64100cfa63dd60a778c434,Wei Costa 23,Thailand,2,2012-12-23,2014-04-22
ec83032953d4dfac7606a6f9143aa591,Aisha Thompson 15,United Kingdom,2,2009-05-31,2009-08-30
6b8c0d3670610dfebcf7ae5f48823ab9,Ashley Lee 6,United States,1,2023-10-28,2023-10-28
abfcd26d6c022e2152fb79ce2fc094ef,Charles Anderson 10,Australia,1,2013-10-06,2013-10-06
fec28c805f9f9803e334312d809b4488,Cynthia Young 5,New Zealand,1,2015-01-27,2015-01-27
4405897ee1e0b53a66a275955f6e6561,Diego Torres 4,United States,1,2017-03-18,2017-03-18
28223dfd10171c73a9a784c1cf701076,Jennifer Wilson 14,Australia,1,2013-09-15,2013-09-15
18e4036648f654a6a5f16c9a018ccf67,Kenneth Costa 31,Saudi Arabia,1,2017-03-27,2017-03-27
7c639fa01130c6cce181a19a711c53bf,Lisa Adams 6,Australia,1,2014-08-21,2014-08-21
4e58ad697f22f603efec4fd38deb6187,Mei Miller 24,United Kingdom,2,2019-02-13,2019-02-13
f9ab86659d25201d1d724a128c1b01d4,Priya Rivera 24,United Kingdom,1,2010-07-14,2010-07-14
bfc020ecf37ecaa7e02f953551980488,Rebecca Scott 10,United States,1,2015-07-05,2015-07-05
16838a74b8719fd5de534c24f0bb3c7d,Ronald Wright 23,United States,2,2017-03-19,2017-03-19
aa5f105a1ce9e4968c823342b869f0c8,Stephen Flores 10,United Kingdom,1,2018-09-23,2018-09-23
d70a4bf358bf1b91eea54c5e2f05a251,Stephen Torres 30,Austria,2,2015-10-04,2015-10-05
122c4d416ff57f5e792aee8544c08a79,Anna Ivanov 5,United Kingdom,1,2022-12-10,2022-12-10
45728f09abde06d7a7a626c381aecef5,Anna Ramirez 11,Australia,1,2011-05-01,2011-05-01
0bc0930580577c5cb7e2b54dd555c477,Charles Hernandez 18,United Kingdom,1,2008-09-14,2008-09-14
637f5cef014700c694ba0c0ed7bab17e,Fatima Perez 10,United Kingdom,1,2015-07-24,2015-07-24
00315aaa8cdda44c726af1df8a1fc412,Hassan Singh,Philippines,1,2015-10-21,2015-10-21
49a7b1d057d5a468d91410aadc51583d,Karen Wilson 16,Thailand,1,2019-03-03,2019-03-03
e530c6007f53a0fd0db14532b4a63ca4,Kathleen King 9,United Kingdom,1,2014-03-03,2014-03-03
008d040d69420e0f5c41a85c68e4b6f1,Linda Andersson 20,Australia,1,2017-01-14,2017-01-14
1a4e2976132a26f87bd7b48062c11ea0,Mary Nelson 19,United Kingdom,1,2017-11-11,2017-11-11
d2c1ca3f400c59de55869a2fe824bf58,Matthew Sanchez 26,Switzerland,1,2017-08-08,2017-08-08
57e11857eeb56357c9cea1b2d15e8f1c,Nancy Flores 19,United States,1,2017-12-09,2017-12-09
80c2bbfcd0af981e7a50ace5be35d934,Paul Rodriguez 18,Australia,1,2013-05-29,2013-05-29
6eb58805746b8aa9fd06b2afa3d52cd2,Sharon Jackson 9,Hong Kong,1,2021-03-07,2021-03-07
c80dd6beb5d212bf5040f8d74005a089,Aisha Green 7,United States,1,2018-03-30,2018-03-30
e518e8d34c2184ef1abdbdb09acf93a8,Christopher Allen 4,United Kingdom,1,2009-09-06,2009-09-06
80362b1f823bfd2c7e0298b6c289d457,Emily Davis 27,Bangladesh,1,2025-02-03,2025-02-03
ae52b182ae40bf58b1aaa42c1e929235,Hassan Kowalski 19,United States,1,2017-08-20,2017-08-20
8950d8a3579cbb40ff0f7fe54345b87d,Ingrid Hill 16,United States,1,2017-05-30,2017-05-30
690fd36d76e0d2b9b410cbb13a380c90,James Singh 27,Australia,1,2014-08-02,2014-08-02
f99550863b63b4b11bda0b616afc9c56,Jason Torres 7,Australia,1,2019-07-07,2019-07-07
3c8c95a2a613fa6f2814cad4bb8273ff,Kevin Rivera 10,Australia,2,2015-05-31,2015-05-31
6e60bf225ef7d0dadf1fb2b9a15ced5c,Michael Moore 24,United Kingdom,1,2012-05-01,2012-05-01
0ccbbf6d02db8e26bb5547809bc1cb39,Michael Walker 12,South Korea,2,2013-04-28,2013-04-28
d11ac4eff0142084c579aa4e8ed394b8,Nancy Clark 26,United States,1,2018-05-18,2018-05-18
06c1d7aff63047ff61fc474da8f9f648,Nancy Garcia 23,Portugal,1,2017-01-02,2017-01-02
d7d4b08ac0a2767632894469b5f6c4dc,Patricia Wilson 5,Belgium,1,2023-12-02,2023-12-02
7273aa45ac702bfa4e70e3e56318a890,Robert Flores 5,Taiwan,1,2022-10-27,2022-10-27
66ed3b13738b3b2c1acf5303261532dd,Sofia Davis 23,Portugal,3,2017-03-04,2021-06-25
22915ca5db31b8bb79e32fe296a70ee9,Thomas Lee 13,United Kingdom,1,2011-11-28,2011-11-28
26fef8d75f6a92189f646a128dad920e,Daniel Hill 18,United Kingdom,2,2015-12-01,2015-12-01
c67a6984a34512150c25ad5ee28188f5,Diego Mitchell 17,United States,1,2018-01-07,2018-01-07
e3d73d8402a5feba5e9c9933c51a46ec,Kathleen Okafor 13,United States,1,2012-05-02,2012-05-02
72f431620d28592d23d106f2c5066090,Matthew Taylor 27,United Kingdom,1,2016-06-06,2016-06-06
c284c81a4acc8e71bb6df194a23c4b1d,Michael Hernandez 16,Australia,1,2014-08-12,2014-08-12
d8966f73c7c84e0f812b373920ef5525,Michael Williams 26,United States,1,2016-09-12,2016-09-12
c1b311eac05c366c0f424e173c1da45e,Nancy Thompson 13,United States,1,2015-05-29,2015-05-29
b438318e6626437717769ac357e31a00,Patricia Carter 26,South Africa,1,2020-01-24,2020-01-24
7c2a14cc18da05620cc3e4be7cb841ef,Patricia Lopez 31,Japan,1,2016-12-13,2016-12-13
af6edde4610826c45a7a08980d02885f,Rebecca Wright 18,United Kingdom,1,2015-01-02,2015-01-02
cc33f19cf0c3f079b18576afd38d7bf8,Robert Hill 18,Egypt,1,2012-08-05,2012-08-05
01ae46cd1e8a0cd67addad6f345822c6,Ronald Ramirez 29,Italy,1,2019-07-17,2019-07-17
40d4f0b1c112132b58b42b512394db05,Brian Walker 27,Australia,1,2011-01-07,2011-01-07
661167437b30fc3e3bba621cf05e298e,Elena King 21,Malaysia,1,2019-02-02,2019-02-02
29f9815a7f971a7cfd6e8382f2e5dceb,George White 25,United States,1,2018-11-24,2018-11-24
7222e53d641514af4d253e987a7e077c,Henrik Brown 21,Australia,1,2016-02-03,2016-02-03
8e809a1762167d857972420490b5e425,Henrik Nguyen 14,United Kingdom,1,2012-05-01,2012-05-01
b612b1a9495b2afb9cb82536efa8c4d4,Mary Scott 22,India,2,2015-01-02,2015-01-27
e622c83c6c84e4c8d51e19fe4cbad92c,Patricia Green 27,Australia,1,2011-05-18,2011-05-18
61abcf93a3d1a6b5547beb8741a744d8,Robert Martin 10,Indonesia,1,2022-11-06,2022-11-06
26882e62301c9ef572e2e2d0ed51b6ba,Sarah Johnson 16,Thailand,1,2017-02-22,2017-02-22
37f6676e04952edc6d0df3e5cf2c5d0d,Sarah Miller 26,Switzerland,1,2010-12-27,2010-12-27
e82ebcd3dcf6393d499f548a5bdba0d5,Daniel Tanaka 21,Switzerland,1,2012-02-07,2012-02-07
44e9eac20f80d9a4aa16e70cc78d6d1d,Donna Sanchez 29,Spain,1,2012-03-28,2012-03-28
ab5b179a3b67c3ab7ca1849d95d63a83,Edward Gonzalez 27,Australia,2,2014-05-28,2014-05-28
c208ff499fb53c8d9f287626c04965c9,Elena Hall 10,Australia,1,2013-07-31,2013-07-31
17e013a3dfb8d8d0d66a2713e865acc2,Emily Chen 5,Thailand,1,2016-12-12,2016-12-12
6739cad41a6f3ed5827ade39aaf99c1b,Eric Baker 20,Australia,1,2019-11-17,2019-11-17
26ebac853af43896bb83281eaf7b79e1,Joshua Ivanov 23,Germany,1,2011-11-28,2011-11-28
10f6283056877127cdbb7c7d3fe91433,Lars Chen 10,Canada,1,2022-06-19,2022-06-19
5e32627a6c9ac438856b51011cb1bfe1,Mei Moore 17,Hong Kong,1,2016-08-20,2016-08-20
2e6c40857a78733d74872a0a805e127d,Nancy Hall 12,Qatar,1,2017-11-17,2017-11-17
94951c390f200f19b2ab8d09aa64ad09,Priya Scott 2,United States,1,2014-03-11,2014-03-11
5676aa9868bc3fe89db3e5764f67c8d1,Ronald Martin 15,Australia,1,2019-07-03,2019-07-03
cbe0b4230ee98e0ac2abdf9c54019b52,Sandra Hernandez 30,United Kingdom,1,2016-01-09,2016-01-09
152fa586a2b9aaafdc53118838131e00,Stephen Rivera 23,United States,1,2013-01-18,2013-01-18
a0bff433b72fac0e4d1bfcdb880e681b,Thomas Davis 7,United States,1,2012-01-23,2012-01-23
9c79a40340a4878b4682941e38bf5ceb,Aisha Kim 13,Australia,1,2014-10-04,2014-10-04
8f2cbc8eb10515cc315cb3c85279632a,Diego Allen 7,United Kingdom,1,2012-11-15,2012-11-15
c64621ab3a8cb85e1edab4b5f4ed535e,Diego Sanchez,Poland,1,2014-04-30,2014-04-30
c7358aa603b4d18fd70c54bf12d2a6ed,Emily Mitchell 25,United Kingdom,1,2009-10-05,2009-10-05
0781d63e68e3a285b88bfa35dc68c7d4,Ingrid Petrov 9,United States,1,2016-12-27,2016-12-27
cae39c9b174e938958fa99c5f3af9ad9,Jennifer Harris 10,Australia,1,2016-08-07,2016-08-07
fcdb4d43853ee1297ab93de8b1f4f5b6,Kathleen Patel 8,Canada,1,2015-11-04,2015-11-04
1af70e8120c1eaf6e3459eaaf0a1dcea,Paul Haddad 3,United Kingdom,1,2015-02-04,2015-02-04
7f5a7062e9368fc8e28df09f82512b87,Carol Torres 4,United States,1,2012-09-27,2012-09-27
13998bef351e85660bc74f38bca0fae8,David Carter 30,Belgium,1,2018-08-02,2018-08-02
c48dec11b6c6bbfafd01fd841e0e60ab,Elena Haddad 25,United Kingdom,2,2017-03-11,2017-03-11
fe53b25e5c1d96c94871d7c455823563,Helen Nelson 28,United Kingdom,1,2010-09-01,2010-09-01
175487b66f36beb2714c38af54233dac,Linda Clark 3,United Kingdom,1,2010-07-14,2010-07-14
ec0e124e272e48fd636bd83d15575bbc,Lisa Martinez 28,United Kingdom,1,2012-01-25,2012-01-25
66f09b0ee1f616879c7b42731b6efcf5,Matthew Lewis 18,New Zealand,1,2015-01-04,2015-01-04
5bda75b3df3e12ed8f946581a3c103aa,Mei Garcia 21,United Kingdom,1,2007-11-03,2007-11-03
75efd93e4e17b23033107ff9779d146b,Paul Kim 16,United Kingdom,1,2016-03-23,2016-03-23
6e95281fdff21b0d740779c77f716b7d,Raj Martinez 5,United Kingdom,2,2015-12-12,2019-10-21
19210eddf668f42545cf520579048866,Amanda Rossi 8,Australia,1,2014-01-06,2014-01-06
27ac1454199bb4551fb9e94ac3b9b1b7,Hassan Tanaka 27,United Kingdom,1,2010-11-20,2010-11-20
3868aab221fd1a4ee5136b4c9122c7d7,Mark Kowalski 8,Canada,1,2019-02-12,2019-02-12
fc303477c75d15797936629f6df73ba0,Anna Garcia 12,United Kingdom,2,2016-04-05,2017-09-23
4d1a209d85bc6af5e4a28908417516cb,Ashley Nelson 16,Canada,5,2013-10-06,2013-10-06
3c72cc8771b9dd4526bb73aa55d69f6d,Ashley Okafor 4,United States,10,2011-10-22,2017-04-23
b8ba4e8e324448acd524886f4711624c,Carlos Jackson 9,United States,1,2019-05-18,2019-05-18
5c68a9235ff841522b1c2aeb6f95495e,Charles Carter 5,Australia,1,2019-01-18,2019-01-18
22baf6c8b2d2fbe55ee77494fe54749a,Charles Jones 30,Canada,1,2019-10-19,2019-10-19
c019bfc6736666ae51edd715768070a6,Christopher Johnson 2,China,2,2014-08-12,2014-08-12
e8ef67d6c64e9d5f34ba350a1820c05d,Donna Kim 27,Germany,3,2014-01-13,2014-01-13
8c096968be45eef3607d1253c34cc5f0,Edward Harris 16,Norway,1,2014-03-30,2014-03-30
0e15d876b01c9564989eb51beac90d7e,Ingrid Nelson 19,United Kingdom,2,2007-04-17,2007-04-24
44d563a6648c15218b8df6ffb40331c0,John Mueller 21,Canada,1,2014-03-30,2014-03-30
2c95c118509e914491def3e9f6443a8a,John Schmidt 9,United Kingdom,3,2010-07-03,2010-07-03
efa5ff47902d8631002754f6aadd7453,Linda Roberts 16,United Kingdom,27,2007-11-02,2026-05-29
e657ae84c07e5d2e3943b0a0ee9eb5af,Mary Scott 26,Singapore,3,2019-02-07,2019-05-18
cd353a52889662003150defef8a86348,Rebecca Singh 21,France,3,2019-07-26,2022-08-04
3b6d2bbaac8cff16b6d40ce9bc8b6115,Sharon Robinson 4,United Kingdom,1,2019-09-24,2019-09-24
7a0377a14a9a0ae132dffe0d55966712,Stephen Baker 8,United States,1,2017-09-22,2017-09-22
aaa21769c2c80ebc52a155308268b4ec,Stephen Johnson 17,Australia,1,2015-01-02,2015-01-02
940a91cd350c03336e854b599ca7b744,Ashley Brown 3,Germany,3,2024-01-28,2024-02-19
af1423596b05a00890eaf41f96554c3c,Brian Garcia 15,United Kingdom,1,2008-08-19,2008-08-19
9b8b47021d5da5c7e597ae95ba0bf302,Brian Mitchell 15,France,1,2011-01-10,2011-01-10
9346df44c019768f123a3fc918c5db14,Carlos Rossi 30,Australia,3,2023-12-21,2023-12-21
2b7d579d97590cd040884a6bab3c550a,Cynthia Torres 14,United Kingdom,1,2014-11-19,2014-11-19
2902ff6c99cc689542f32045696bed9f,Daniel Campbell 22,Australia,2,2015-07-07,2015-07-07
0ef0ef074e0e921a9e364665ef6bf55e,Daniel Torres 14,Germany,3,2018-05-17,2018-11-05
339eb739af52a223a1821134aa092e97,John Ramirez 23,United Kingdom,1,2014-02-20,2014-02-20
0ebaa9dcb885d7a35f48aedae5d7447b,Lars Roberts 13,United States,1,2013-07-07,2013-07-07
4c5ebc97992b58ddaf60b4e917011c60,Linda Walker 23,Belgium,1,2015-04-02,2015-04-02
6b5026ef84d6501d44d204968fb29bdb,Lisa Nguyen 6,Malaysia,1,2019-03-09,2019-03-09
e90213b60a4d078b36190d5c3deeca08,Lisa Rossi 21,Germany,6,2023-06-16,2024-11-09
503d32df38a7de389863cda28109a676,Lisa White,United Kingdom,1,2014-10-04,2014-10-04
e1c7b66cfe993176dd1a4325c9a1e9e5,Mary Moore 12,Germany,2,2013-11-15,2013-11-15
a3c988a92673ae4802600f816dcaec48,Mary Rodriguez 19,United States,4,2022-05-25,2022-05-25
3d99ba426676c35b1b0a6c62db1ba55f,Melissa Nguyen 13,Germany,4,2018-06-09,2018-07-19
0b458f6f348fbc1c766283095d1c4b43,Michelle Brown 11,Kazakhstan,1,2016-02-04,2016-02-04
6dbda4ac87e1697c46188eb3992872f3,Omar Flores 10,United States,2,2013-12-23,2013-12-23
b25be58ef5c651b95b4ed903ef219e07,Patricia Martinez 22,Egypt,1,2019-07-02,2019-07-02
7eeaed457e00265c4b1b352f26ea3554,Patricia Moore,United Kingdom,3,2010-04-09,2014-08-05
9a0b1901f09925ecce828b4ab8ba4a6a,Sandra Young 3,United Kingdom,4,2007-11-03,2011-05-03
7a531b8ff81552e032717ff65dfcedca,Stephen King 28,Australia,1,2017-03-21,2017-03-21
2f0988b70c6f73292f23d8c943d2893f,Amanda Moore 25,New Zealand,1,2012-03-28,2012-03-28
c3b74779e54b706df3fe5f9a13487e65,Anthony Rivera 24,United States,1,2018-12-27,2018-12-27
a8478271e26563f3cad0eef8712ab523,Ashley Walker 14,Switzerland,5,2021-10-23,2023-11-23
b96ceabe28fe4e6598df4655fbbfb8b0,Carlos Green 4,South Africa,1,2015-10-21,2015-10-21
243658697bc145004ff290b35a75dba8,Carol Allen 30,United Kingdom,1,2010-11-20,2010-11-20
ce13179f6826c8080d868b5bbfe206f2,David Allen 3,Australia,1,2013-02-14,2013-02-14
6002751501c02ea8b03c98308856b544,Eric Allen 7,United Kingdom,1,2016-03-04,2016-03-04
9def23a4c048dad030ab741fbc0eaa28,George Singh 10,United Kingdom,1,2013-04-04,2013-04-04
84b5687232db5b5826d131e18f07c988,John Campbell 6,United States,1,2015-12-19,2015-12-19
f3321066232cf50facd3450244da22bb,Joshua Hill 20,United Kingdom,2,2018-06-16,2018-06-16
9ee8f25c30556512a95d1488b9468ebe,Karen Williams 11,Germany,2,2017-11-13,2017-11-16
83e2bff85ebff0493ec113ae4e57037a,Kathleen Davis 12,United States,1,2019-03-03,2019-03-03
9016e37416e6fcb922e1ed75c393738f,Lars Young,United Kingdom,4,2008-12-10,2008-12-31
ea7037cb869523704f2603ffeb0fab1e,Mary Allen 6,United Kingdom,2,2017-11-09,2017-11-12
081765f0968ef37e77e7e99efd1cd1e2,Mary Mueller 28,United Kingdom,7,2016-02-15,2020-02-04
32c742b8534c8b92563c5f9e921aa63b,Michelle Thompson 23,Ireland,4,2011-09-13,2017-06-25
fcb7099a609499eaa7c7e13c7b7f168d,Sarah Sanchez 5,United Kingdom,1,2015-10-16,2015-10-16
0e4f263e0cdc048009a1a36deedc3134,Sharon Flores 8,Australia,8,2011-10-21,2018-09-23
c3e251d8f90f63818e537c5c5e84a351,Stephen Mueller 28,Australia,3,2011-07-04,2011-07-31
4d338ff2bacf919b0beec296f7ce1832,Steven Moore 16,Germany,1,2017-09-22,2017-09-22
483d8f0623f2ef40d921a08cf0cb267b,Thomas Young 21,Canada,1,2023-11-14,2023-11-14
1da9c813eaa3d8a7305a62b9b9ba5f79,Yuki Clark 29,United Kingdom,1,2022-10-09,2022-10-09
3dae7d976e8f48ffaf40c558320e975e,Ashley Young 15,Denmark,2,2013-04-04,2013-09-15
3984e935ae6b1314466a7545b51cd5fe,Christopher Baker 2,Vietnam,1,2015-06-21,2015-06-21
33c3b4e12f67a655d5d000fadfdf6871,Eric Miller 17,United States,1,2018-04-03,2018-04-03
18f5000fa18e60730c6e5967071bc029,Ingrid Perez,Rwanda,1,2014-12-31,2014-12-31
7256c7cef88cfd569c7728df045cef22,John Kowalski 6,United States,1,2015-11-21,2015-11-21
3b77b9817242fb55a83262b3b9003fb4,John Okafor 9,United Kingdom,1,2008-04-10,2008-04-10
091b6bb9fa00ef263908588973b19b39,Linda Lee 13,United Kingdom,3,2015-09-08,2015-09-09
adf1c4616be8c76eab49f5e19e017dde,Mark Robinson 11,United States,1,2013-07-07,2013-07-07
6874115fa9c509d92a92a14bdaf5c76c,Matthew Flores 29,United Kingdom,1,2009-05-31,2009-05-31
89e026be18b1a5f6a1d6c2db1fb6c3d0,Paul Petrov 18,Poland,2,2016-11-04,2016-11-04
e7098495ee355b4709a02b48960fb6d6,Yuki Patel 9,United States,1,2015-09-20,2015-09-20
03300556a8201b5af89de4de5982251d,Brian Scott 14,United Kingdom,2,2016-02-24,2016-02-25
6c8d17c82724b3fc33eeae3d42660660,Brian Young 28,United States,1,2019-05-11,2019-05-11
78b35854c8a48c7ab72d1dd4d1b6db72,Donna Lewis 21,Saudi Arabia,1,2019-03-05,2019-03-05
69e18ea2b4b6abc550cdbf80ba1546aa,Fatima Hernandez 27,Australia,1,2023-11-18,2023-11-18
d1b9d2ecdde5daeca25d9f30251cfb14,Helen Mitchell 11,United Kingdom,2,2014-03-03,2014-03-03
58667660deaa9f7a6fbc5fc3c8e05842,Ingrid Kowalski 26,Netherlands,2,2017-08-29,2017-08-29
c9c78a05c4890315ef1d63d269c69c11,Lisa Gonzalez 7,United States,1,2012-05-21,2012-05-21
31f7edbcb20d2b87b4a66cccc7d7833c,Robert Nguyen 5,Thailand,1,2017-02-14,2017-02-14
74f5c56a5ba561e55b0f724725f50cb4,Sofia Nelson 13,United Kingdom,2,2015-08-11,2015-08-12
6c0abc31a3e356b17c6b4faa85314e9a,Aisha Robinson 13,United Kingdom,1,2010-05-01,2010-05-01
0d2d59522e206a2a5ff3918c6f3c43c2,Diego Anderson 25,Denmark,1,2015-03-22,2015-03-22
383a1c8bc10ed7b51e41bf1d8325adc4,Donna Jackson 10,United Kingdom,4,2013-04-04,2015-01-27
5ab2b83935d00568b87f9909c1249e3c,Fatima Rodriguez 5,Australia,1,2022-10-06,2022-10-06
c069e53e22de5b22962d837cde4b58d5,Hassan Chen 13,South Korea,1,2013-07-07,2013-07-07
14ee4dc957f3d356081ba412f204c453,Henrik Nguyen 24,United States,1,2015-05-10,2015-05-10
556d4d06849d2539b13d85e4374b8053,John Carter 13,Australia,2,2012-02-07,2014-02-20
3dd6f2eee0e88725998469737a948349,Karen Rossi 3,Australia,1,2018-02-01,2018-02-01
98acc01d6d869a9a497a0d2a49b47f20,Kathleen Carter 22,United States,1,2016-01-04,2016-01-04
b718d641a1c9ea235ca9e8ce9f327552,Nancy Kowalski 28,Thailand,1,2016-07-03,2016-07-03
bab3ad66c08b65d89f1108963042f638,Nancy Lewis 24,United States,2,2025-11-22,2025-11-22
ee5e54c3eb9103f0362c945f2c7bbbdc,Sharon Petrov 23,United States,1,2012-10-29,2012-10-29
33adcc50021f98f09709d1daa5673f53,Thomas Clark 3,Thailand,1,2016-04-16,2016-04-16
36a7a7ca744a399fc9e27536f25641c1,Wei Johnson 2,Saudi Arabia,1,2016-04-14,2016-04-14
288348e103574a8acc72228ae59253ae,Anna White 18,Germany,1,2017-01-19,2017-01-19
f22bfe4fd3a6d60098a56057d2f8d122,Christopher Torres 12,Germany,1,2017-11-25,2017-11-25
532739a7b6d84a388d2af2cee131719b,Diego Wright 15,Thailand,1,2012-12-13,2012-12-13
909d655d415ead025492340786bc1506,Fatima Singh 15,Germany,1,2012-11-16,2012-11-16
8bba64a733c05ad00a1e21c17b031d7d,Jason Harris 21,Turkey,2,2013-05-29,2013-05-29
0a50c2206efeed2b27f8ebaa067e9d69,John Green 13,Australia,1,2017-07-24,2017-07-24
68c41b8716db115927c7815fd6824794,Kathleen Nelson 4,Australia,2,2015-09-26,2015-09-26
ece3ce74788ac7dfad93a2c8ea6f9d3b,Kimberly Campbell 23,Russian Federation,1,2019-05-18,2019-05-18
92437df49f076f0c0609d82b1d1f57fe,Lars Chen 22,United Kingdom,1,2017-04-05,2017-04-05
884c48e2f7139a26781e17687ae9f000,Mary Rivera 27,South Africa,2,2014-01-10,2014-01-10
0c63b367055c46fdf0af40b462bd0540,Matthew Smith 18,United States,1,2011-10-21,2011-10-21
014292f6094827fc39160f42c14757c1,Michael Garcia 23,United Kingdom,2,2013-11-15,2022-01-29
2ea5b2bccf5f3ecabc1031a2e7d76a72,Michelle Adams 13,Brunei,1,2018-09-20,2018-09-20
ea4249395e88aa8204e40c6682bce81c,Nancy Williams 23,Australia,1,2020-01-14,2020-01-14
5ab1f6ace69adac8d8ae926ed0e7ab3e,Priya Mueller 16,United Kingdom,1,2007-10-21,2007-10-21
4750cc92f6d2cc3b00a22858f6bfafe7,Sofia Torres 3,United Kingdom,2,2009-10-10,2009-10-10
229114543685bae9be7a522cb5a3b669,Stephen Mueller 9,France,1,2011-02-14,2011-02-14
38102148e75bf632185c127617c38e87,Susan Martin 29,India,2,2012-07-25,2012-07-25
8653c232caed79c98c9058cd3e53857f,Thomas Petrov 10,United States,1,2015-06-28,2015-06-28
ac7d19afc5c202d6f6e9f054ccdbc40c,Anna Hall 9,Australia,1,2019-01-30,2019-01-30
013fdf237a4194067c5b92a08f5027f9,Cynthia Okafor 23,United Kingdom,1,2009-12-24,2009-12-24
f27b4b0b8f19e142d0bd9e29dc2d3cb5,Hassan Hall 15,United Kingdom,1,2011-09-13,2011-09-13
02482eae555946dad08e0dc84ef8c0c9,John Moore 8,Brazil,1,2019-01-29,2019-01-29
671243ef1667651bba097c5fe5b4702f,Kenneth Rossi 10,United Kingdom,2,2009-08-30,2009-09-07
1021ea32c72676938d0cec53888f85b1,Mark Jackson 4,Australia,3,2013-11-15,2019-05-31
1ec45c354140341cb73a518951bdb23a,Mei Green 8,United Kingdom,1,2016-11-22,2016-11-22
149d21d5304b95e3a4ca0da4fb763d60,Michael Brown 29,United Kingdom,2,2009-06-14,2009-06-14
47e338a4a3b38686a29f83128938ddca,Omar Baker 13,Germany,2,2018-10-06,2018-10-12
3d58cfa0f2d3e14a5db590b4ce7981da,Omar Lee 24,India,1,2016-03-12,2016-03-12
4d38864c03949d95ec9134dcbb306df9,Priya Mueller 13,Singapore,1,2017-08-08,2017-08-08
25dad3a3307c2994fecb20e9ca2e2b07,Rebecca White 2,United States,1,2013-05-29,2013-05-29
5b8703f0674a72afa173ea2332365aae,Sarah Johnson 14,South Africa,1,2011-05-03,2011-05-03
b7330086cc17c5e5a82df29721a87bb6,Steven King 10,Australia,1,2015-10-10,2015-10-10
ee6b7e73fd577487d363fe6a2f199e88,Steven White 6,Philippines,1,2024-06-16,2024-06-16
c437f1caa47e22d3efb8c4def54dcd6b,Ashley Scott 30,United Arab Emirates,1,2018-09-06,2018-09-06
a9f4e6e5e3450eb5c0ea2b3973a9ec2e,Brian Scott 8,United Kingdom,1,2015-11-16,2015-11-16
721deea09242c1ae40b7a3c6af41b749,Donna Gonzalez 31,United States,1,2019-10-24,2019-10-24
2f9d2c2a5f04581633d084d5fc0635ca,Hassan Harris 29,Italy,1,2011-05-01,2011-05-01
f67a38a9b0aeea35431dae7f2fa3109a,Ingrid Green 18,United Kingdom,1,2012-03-28,2012-03-28
17ceafddb6ab4769a59404bec0dfc4a7,Jason Baker 9,United Kingdom,1,2016-04-03,2016-04-03
13056488910e4fef63ff6376b13a1408,Kathleen Jackson 10,United States,1,2013-12-23,2013-12-23
b818018442673a0a802538b7b35dcf74,Kenneth Williams 26,United Arab Emirates,1,2022-10-14,2022-10-14
19e2e410fce40cd455bdcf784334cb8f,Mary Schmidt 25,Switzerland,1,2013-07-31,2013-07-31
2f8b9ad592b462e9b02107552dc8030c,Omar Mitchell 20,Australia,2,2011-10-21,2012-12-23
48a1dad3e532106f350b85973c2b667a,Sarah Adams 16,Australia,1,2015-11-08,2015-11-08
04f4616b35f6b415781c13faea237151,Sarah Allen,Australia,1,2016-11-11,2016-11-11
fd020a7b196bfd67026de9bb19b96d60,Susan Costa 2,Colombia,1,2016-02-01,2016-02-01
973df44f719929ed69d3787df72580b8,Thomas Kim 5,Germany,1,2018-02-22,2018-02-22
dcd39b965f9940f65bdc70eaf9ad7a6e,Andrew Petrov 24,Australia,2,2012-02-28,2012-02-28
a3dabcc4e324d3c1d2850d965c2feb4c,Charles Roberts 6,United Kingdom,1,2013-10-06,2013-10-06
5b31417ffceb16d9cbd77c86c5e43c8d,Cynthia Smith 27,United Kingdom,1,2010-06-14,2010-06-14
615d725144c2ee91d650ce908d7f5eed,Elena Chen 13,Netherlands,1,2015-03-22,2015-03-22
d2ec4d7ccc7ef9f0c60e4c208fe3a59d,James Young 18,United States,1,2016-02-08,2016-02-08
1c7ea81e0c1ccf04cebbdf0ec259d818,Joshua Thompson 26,Netherlands,1,2019-01-18,2019-01-18
21b0d709d7e9742e9b3f9694726aa4e5,Kimberly Ivanov 25,United Kingdom,1,2025-02-10,2025-02-10
3fd5895cb42c4525f691526afa8dbef4,Nancy Brown 21,Indonesia,1,2022-09-25,2022-09-25
249cc69d801cd60e6ca5b6a95a2b83c1,Omar Schmidt 16,United Kingdom,1,2007-10-18,2007-10-18
bf5aaff735c221b923c68fbdbbac5964,Anthony Brown 14,United States,2,2015-09-26,2015-09-26
44a300f7a36262e695c104d4548a5b90,Christopher Chen 2,United Arab Emirates,1,2012-05-01,2012-05-01
5347acff3ab3b92f6817b4384d3b28e9,Diego Jones 31,United States,1,2019-12-01,2019-12-01
3460b2168b9f49d65eccea32de9f4c7b,Ingrid Campbell 15,United States,1,2015-04-02,2015-04-02
c28268c13b72888fe6bf3d5f08b140dd,Kenneth Green 8,United Kingdom,1,2013-07-07,2013-07-07
c02adc3a11427e483c6a0d3d5f5a4ddb,Kimberly Okafor 5,Australia,1,2012-01-23,2012-01-23
0f89ca080302825d3b8a5b6e8351e86d,Melissa Chen 27,Australia,1,2012-11-22,2012-11-22
0504a092810b615c9cf0309f19325338,Ronald Lee 23,United Kingdom,3,2010-05-01,2010-05-01
f55a8a97127242ffd4c55a2944d069c5,Yuki Martin,United Kingdom,1,2007-03-11,2007-03-11
50c2eea06a2ee1be960bcd278d608d88,Yuki Scott 24,Malaysia,1,2014-02-07,2014-02-07
c2cbbd9b9637dbc133650d4bc0361f8e,Diego Hall 20,United Kingdom,1,2014-12-28,2014-12-28
257c49d00782abce2f9eab81358ca882,Emily Nelson 31,China,1,2012-09-10,2012-09-10
8c3fd5a14a599706d32c08831e88a6ab,Eric Lewis 25,United Kingdom,1,2015-07-27,2015-07-27
a27457ed30cca5f69de7899d71ec9add,Melissa Thompson 7,Sweden,1,2018-11-16,2018-11-16
c6cc531afdf1d9c4e3f5aafeb9605578,Nancy Mueller 13,United States,1,2024-01-01,2024-01-01
54c707c757bdb805d4a0f3cec223f635,Paul Wilson 29,South Korea,1,2024-11-15,2024-11-15
5e29989e1f82e63822bb225e626a797d,Sofia Flores 19,Brazil,1,2013-02-07,2013-02-07
30ece599acba1365116f901f42ff28f0,Andrew Scott 21,United States,1,2015-01-27,2015-01-27
e80b0374ac10bea115f63eeedeeaa4d1,David Harris 26,United States,1,2016-01-13,2016-01-13
9d382b3a6ebcbf33bb4625ba0be21859,Emily Scott 27,United States,1,2012-05-01,2012-05-01
f2b7098ae74613777734b30cccb17525,Sandra Brown 16,United States,1,2014-08-30,2014-08-30
90bf45d70f8fcfaea66e4bc529923638,Steven Allen 3,Germany,1,2019-09-22,2019-09-22
297ad0d7f1db691dceff83e046760d11,Thomas Carter 12,United Kingdom,1,2017-04-16,2017-04-16
8db6bfcb49a3c3a004e2753cc47a0b8d,Andrew Jackson 22,Singapore,1,2014-10-28,2014-10-28
4b709d6c7dfb4a2e8fa3e476a8c1e25d,Kevin Jackson 10,United Kingdom,1,2011-05-01,2011-05-01
484ce518408e635b9fcfcd192241e26e,Mark Hill 26,United Kingdom,1,2015-01-02,2015-01-02
56665eee48986cc6dd75967af296d04a,Sharon Haddad 3,United States,1,2015-10-30,2015-10-30
a433ab5416ba83e36c1554bd87033f99,Sofia Brown 19,Australia,1,2011-05-03,2011-05-03
f34b8b80d1ebad238b0228a88c29ff53,Brian Clark 29,Australia,1,2015-08-20,2015-08-20
829d6b9096aaaa22d587bf2b03579336,Carlos Johnson 13,Czech Republic,1,2012-10-29,2012-10-29
dddaa0a242045c50814922d5eed82409,Eric Patel 19,Australia,1,2011-11-28,2011-11-28
97c91d9025702afbef033f1f896a642c,Henrik Hernandez 12,United Kingdom,1,2008-04-10,2008-04-10
5763fd6766f41fcd38af3de77f373a1d,Matthew Anderson 18,Switzerland,1,2025-03-16,2025-03-16
0a72e04b8bdd6b0206f80282f211ebde,Melissa Flores 9,United Kingdom,1,2015-06-12,2015-06-12
b26d95fab0768501b2574d3828b334c1,Nancy Clark 26,Paraguay,1,2018-04-24,2018-04-24
aa3eded55b5a5a50779210edc669b6d4,Paul King 21,Germany,1,2014-10-05,2014-10-05
4c6d70ae09950e9f5272ce78b834c0f2,Rebecca Nelson 19,United Kingdom,1,2008-06-28,2008-06-28
3d4895e79fcb4dbb7b2e8a0fe99a65be,Sarah Hernandez 14,United Kingdom,1,2014-08-21,2014-08-21
3170a201c48931f83f8eb7fff1214b43,Susan Patel 25,Germany,1,2011-09-04,2011-09-04
f0cfcc370130579b02ce405b4f6c96d3,Thomas Williams 7,New Zealand,1,2017-11-03,2017-11-03
f39359d763aa573c7cb29a16a1c1be7c,Wei Costa 30,United Kingdom,1,2012-11-07,2012-11-07
92dd29a39d3b1346bee0abe510b8ae4b,Aisha Singh 21,United Kingdom,1,2011-05-01,2011-05-01
2e38dd887af74b6cd08d1a24ddc790a7,Amanda Martin 8,United States,1,2015-11-26,2015-11-26
7125bb5dbe70635a7067bbcb7ac20c3d,Anna Lewis,Netherlands,1,2017-10-19,2017-10-19
c8cdbf55fa36a2ca6a4e013a1a28fa6f,Emily Scott 22,Singapore,1,2016-07-17,2016-07-17
42d8cf710b5dd0f06256c2d17946629c,Kevin Rodriguez 12,United States,1,2015-11-23,2015-11-23
6a778480ed1677c5d25aed016051b5b3,Laura Chen 8,United Kingdom,1,2016-01-31,2016-01-31
7b3c305b141344e9ba094abd693883f2,Laura Robinson 12,United Kingdom,1,2012-01-23,2012-01-23
ab6d240574577bd7c12bef65fadd0efe,Michael Adams 23,Thailand,1,2025-10-30,2025-10-30
323549651e5b919798850eedd07e3c42,Robert Hall 20,Australia,1,2016-09-14,2016-09-14
4199d81eff7e7e2d9776054db1750fa2,Robert Martinez 3,Singapore,1,2011-10-21,2011-10-21
5c89052641455c7bee0cb0091b6048fc,Sharon Kowalski 9,Singapore,1,2020-01-09,2020-01-09
2c5e483466607026fd870abf96338e5f,Susan Haddad 22,United Kingdom,1,2012-01-23,2012-01-23
9fbc050101b5258ccce11a62ef0a65c9,Yuki Okafor 13,Australia,1,2014-10-04,2014-10-04
ca74934e58f7ceba74e7c5fc502f8033,Anna Scott 28,Qatar,2,2016-11-29,2017-01-13
72fe0b78ec54ffdc4bcd025fb050cb10,Cynthia Kim 10,France,2,2018-05-01,2018-05-01
02e367bb68b72938a9b353d982839594,Daniel Hernandez 2,Thailand,14,2016-02-24,2023-01-29
eaa8ecc8fa1e67cc94e3cc295e799be7,Emily Johnson 10,United States,1,2022-11-05,2022-11-05
43c284a0cfb5e779086753c9bf065919,Fatima Garcia 22,Belgium,2,2015-07-27,2015-07-27
4d615b09a0a78c5971e4b205ff72706d,Henrik Singh 16,United Kingdom,1,2007-10-18,2007-10-18
9f6b957dead757726a200cfcaa13bbde,James Rodriguez 20,South Korea,1,2013-01-15,2013-01-15
7516c0deceb810011dc5e55e8ab538fd,Jason Martin 7,United States,2,2023-12-03,2023-12-03
bee2f6846b48b8992b9b849c5520c630,Jennifer Harris 4,United Kingdom,1,2013-10-06,2013-10-06
1fb7b0488bee2038d118b4f1f7bf7a0b,John Walker,United Kingdom,2,2017-12-22,2017-12-22
02b6224848a16229d3346d8b6a35720b,Kathleen Robinson 29,Australia,1,2016-05-23,2016-05-23
8ba4645aa0cd07459d49a58df24bcf26,Kevin Brown 2,United Kingdom,4,2017-11-25,2019-08-04
6986cb61e78d312c5825fa7889724602,Omar Wright 29,United Kingdom,2,2008-11-14,2009-08-12
5d93111251cf0bc38ba3576f38550f0b,Patricia Ivanov 22,Hong Kong,1,2014-01-03,2014-01-03
6441d10d06fb17064120da8d0a0dd7ea,Priya Moore 3,New Zealand,3,2011-01-10,2015-01-30
ac33775dcbd4dccc59c4616088571c43,Raj Davis 14,Australia,1,2015-07-05,2015-07-05
353c615a861b8f7f6617e17fdb383fb9,Rebecca Smith 22,Australia,14,2015-08-24,2020-02-24
47012698657c327bd3d96cdc33ab8723,Ronald Garcia 10,Hong Kong,23,2015-06-30,2023-03-30
716896138628e272b3f59c70128f55e5,Thomas Allen 6,Australia,7,2012-07-25,2015-03-29
74649a8c7d21f8cb2fe617234839a4c5,Thomas Petrov 19,Germany,1,2020-01-04,2020-01-04
4f1149d42f2cf5de85acb79db51eb0d3,Carlos Andersson 24,France,1,2016-02-19,2016-02-19
a0698981d1962544ddef46f3dd2daebf,Charles Jones,Sweden,2,2013-05-29,2013-07-07
46737f290f42b85808345b27a194a3aa,David Nguyen 7,United States,2,2012-09-10,2012-09-10
a8fb5ed09e5ccd5f4eb8c4f95c07f2df,Fatima Flores 30,United Kingdom,1,2009-12-04,2009-12-04
05d2abe4271426bd415b3ac51d4a07a7,George Gonzalez 10,Hong Kong,5,2013-07-07,2014-03-30
3c566516ab37feabc61352a85a95cde1,Jason Martinez 30,Australia,5,2013-07-07,2018-10-29
870dc0893cce02ff66b8a07a8a56c7b3,Jennifer Rodriguez 10,United Kingdom,5,2009-07-30,2010-09-01
1ec9e3b2656b12fba2f2db9c592930fc,John Lopez 2,Switzerland,1,2024-04-26,2024-04-26
b268ca4897d8d1f55dd3727567ac6c0d,Linda Hill 25,Saudi Arabia,9,2016-12-18,2019-06-14
5beb4085bcf265afd58623362f4af995,Mark Allen 20,Thailand,1,2014-03-30,2014-03-30
dcda7a572d5bc6f771e5f5a20a559c3e,Michelle Smith 21,United Kingdom,3,2010-12-14,2010-12-14
4f37160339a67e81716ffb7f48dbbfaa,Rebecca Walker 13,United States,3,2011-07-31,2014-08-30
1bd27ee9cf05761c866402afcc6d9d33,Sandra Walker 13,Australia,3,2015-05-09,2016-03-26
dadfa203aa6ae4e06a3dd54d4d604535,Sharon Williams 2,United Kingdom,2,2015-04-02,2015-06-05
9cdca2c394aaf1c6a541f22b6f5d3f53,Brian Lee 14,Australia,1,2017-03-17,2017-03-17
c34bd5167de1c50f33079dea930844a3,Carlos Lewis 7,Saudi Arabia,1,2017-10-01,2017-10-01
e3de3fdd4fb5cc7250fe79046c43a4ab,Christopher Patel 30,United States,2,2017-06-17,2017-12-30
5ee4f57232e363cc83ba78cbcd295c5e,David Robinson 14,Australia,1,2014-01-03,2014-01-03
bc8a74d9a1d12666b017b1ff6edc91eb,Donna Torres 19,United Kingdom,2,2017-06-12,2017-06-12
1739bde9956c1f28e03b5fe147db4b4f,Linda Rossi 5,United States,1,2013-04-16,2013-04-16
035a6231846f5b477333c866e96b3bbf,Sharon Lewis 7,Finland,1,2017-01-09,2017-01-09
0451ad3661dc0174b7954a560af02432,Stephen Hall 19,Sweden,7,2012-09-03,2013-12-23
5de38ad0c733c02099e0b9c074b0d873,Thomas Singh 27,Australia,2,2020-03-19,2020-03-19
76350e3bb4f73fca96674a03b276ecf5,Daniel Mitchell 2,Canada,2,2019-02-20,2019-02-20
d94b688bb0e3f508256f7e1d24131aea,David Hall 24,New Zealand,1,2015-06-17,2015-06-17
3e4eaf1476162bcdc19228dae81dfb64,Jennifer Haddad 13,Belgium,1,2017-09-14,2017-09-14
19d4c10968607859a3a41b2b3818a755,Joshua Miller 14,United Kingdom,1,2015-11-10,2015-11-10
c93ffe78e7f34c2e67f6bfdd82ccc7ed,Linda Andersson 25,United Kingdom,5,2016-02-07,2016-02-08
aa614639ab8a46853286af7730bd10ed,Linda Moore 24,Australia,1,2017-06-22,2017-06-22
4170d0268fda554beaa20656b1818ec6,Lisa Young 14,India,2,2016-03-30,2016-03-30
13cb0219a4a838ede7f5217af1fdd2f4,Robert Hall 17,Thailand,6,2015-05-10,2019-07-21
bc5c240d28728893443ea449f05bfe02,Ronald Flores 7,United Kingdom,1,2018-03-31,2018-03-31
8b9eacff4446553cf0db1fa394696577,Yuki Costa 27,France,1,2017-11-04,2017-11-04
4fbe87e808fcf2eecfbc75b4227d98aa,Yuki Schmidt 21,Pakistan,1,2019-12-08,2019-12-08
b5bec5f92cd5763850a02c78f143bd62,Anthony Kowalski 13,United States,1,2015-10-11,2015-10-11
44f00fa0d5758f862548ab2f8af9047a,George Nelson 24,United States,2,2011-05-03,2011-05-03
357c6765f461c45d58cf7eb834bd9756,Hassan Flores 5,Argentina,2,2014-03-30,2014-04-14
c0e3eba55879b56037e6025e285aec57,Laura Anderson 6,United Kingdom,2,2013-02-19,2013-02-19
1889192a868f0be1e2e68b2faad32f9a,Michelle Martin 28,United Kingdom,1,2019-05-31,2019-05-31
0be492a7986468d3d95bee0523534c3e,Raj Wright 23,United Kingdom,1,2014-03-30,2014-03-30
4a74e8b4a26c795da22ca5962a6b9f34,Rebecca Nelson 23,Germany,1,2015-10-16,2015-10-16
3a755c2fc9720beb93d148a6f44d019d,Sharon Allen 25,United States,1,2012-04-24,2012-04-24
2370b2a1adc6aabeec51b5a8d3c390ed,Thomas Harris 29,Australia,1,2012-01-25,2012-01-25
f801bbd761d02a37c91f07b3c3b3bc64,Amanda Schmidt 6,United Kingdom,1,2010-07-14,2010-07-14
319af75aa2cf50215e7c6e969440a275,Ashley Thomas 20,Germany,1,2015-07-27,2015-07-27
e5e60499b79f152df7a6e885fedf514b,Brian Hernandez 21,United Kingdom,1,2014-08-21,2014-08-21
1e55dbfa96b88583204a0ea832d12e0c,Diego Taylor 6,Australia,3,2011-05-09,2013-02-04
932e9fceed7efa33a86b5a063b457ebb,Ingrid Hernandez 11,Australia,1,2013-07-31,2013-07-31
131b5ee7611264040b3821179393f637,Ingrid Lee 26,United Kingdom,1,2010-07-14,2010-07-14
bc2dd3f9195d2d83c0f77929bc43eb3d,Jason Schmidt 24,Germany,1,2016-03-18,2016-03-18
f4b8c88b5a74be1c79184a3d36a07689,Jennifer Roberts 31,United States,1,2012-01-23,2012-01-23
4df93eccb64e138cfc9b4eadb1990d60,Joshua Flores 29,Hong Kong,1,2016-06-01,2016-06-01
0465eb7360c03f3bec80759990dc45ad,Kenneth Hernandez 23,United States,1,2025-06-11,2025-06-11
7ffc9cc15ca34e6336f2a1af7980d53b,Lars Green 24,United Kingdom,4,2010-06-14,2015-02-21
8333e6a76a42d67234f539d15037bf64,Linda Hill 4,Canada,1,2015-08-31,2015-08-31
f84888bf6e8ea2bf2a93bd6311735eba,Priya Smith 23,Indonesia,1,2016-10-03,2016-10-03
0d57fa113a3f8182bfe785d9139a250c,Raj Harris 27,United Kingdom,1,2010-11-21,2010-11-21
6c4b0b150aac24579574d0b4843f9453,Anna Chen 13,United States,1,2015-07-20,2015-07-20
7195a7af226209fa28efee12dac5c5e5,Henrik Clark 31,United States,1,2018-03-08,2018-03-08
9aebab17fcc71e9529ff04cb7d3d743c,Melissa Mitchell 23,United Kingdom,1,2012-01-28,2012-01-28
26c7f829b4489ca067e8b6a059b04ee9,Raj Hill 26,United Kingdom,1,2008-12-30,2008-12-30
2c782ba06705b77cd8086b113c8a774e,Rebecca Rodriguez,United Kingdom,1,2017-04-24,2017-04-24
bea8d81d734db1b17453b04cf283f917,Robert Hernandez 14,Australia,1,2021-01-07,2021-01-07
a4012c21d06e12f77b56f391dd48e64d,Aisha Wright 10,United Kingdom,2,2009-04-30,2009-04-30
4f4050aa8ee061ce7a5a446b1792c3f2,Brian Lopez 22,United States,5,2014-04-14,2015-10-30
89ae14b629cc32c7cf8adaaec33895bb,Carol Perez 6,Germany,1,2016-05-30,2016-05-30
d32f3f0af06d9485ee9fa29681e16b4b,Cynthia Clark 17,Australia,1,2010-12-14,2010-12-14
e9a32c12f4c43cb67fdb48bc1c97c8b7,Daniel Okafor 13,United Kingdom,1,2007-01-06,2007-01-06
fd9e5e34999ed1c588322f9e23bba179,Daniel Scott 15,United Kingdom,1,2025-01-19,2025-01-19
81d4b4eb93932c3fef2828546c368d17,James Ivanov 2,Australia,1,2016-10-05,2016-10-05
bc6e26ac69f835ba748c2bdafd25fb90,Jennifer Hill 28,Malaysia,1,2015-03-22,2015-03-22
3a73c8bb4c3484de008b8e82366bae55,Mary Miller 22,China,1,2024-06-29,2024-06-29
6de4851f82383c9b6fffe7847008fdcf,Nancy Kim 13,United States,2,2013-04-24,2015-06-22
6f6838918acf8f3d8c63580c478b7ffe,Ronald Harris 5,United States,1,2016-02-15,2016-02-15
ca335ad72db608a0457966988ffeb1b8,Aisha Hill 17,Vietnam,1,2025-06-23,2025-06-23
9340f2e19dd56ea6e7fea0d72900635e,Andrew Green 6,United Kingdom,5,2009-12-04,2016-11-09
d9f8603ec5cfa8a70ddfb2bf313f20ba,Anna Flores 11,Netherlands,1,2016-01-15,2016-01-15
7108f1fec05b278d776b87a113d5eee4,Carlos Carter,United Kingdom,1,2010-09-01,2010-09-01
7a06661da915bc288e19bb4abba58078,Edward Sanchez 13,United Kingdom,1,2009-09-01,2009-09-01
0b2b48e7fb2929af00fe8e0672b823b7,George Ivanov 8,Hong Kong,1,2014-06-04,2014-06-04
d35ac9e5dd71ef228c88c70736c31e96,George Lopez 20,Canada,1,2016-07-25,2016-07-25
5e30b18da05ff8fd63a70c81832bf771,Helen Lopez,Australia,1,2011-07-04,2011-07-04
9ad60d69b8a7c25e0d1f7ff30a25fd4a,Henrik Lopez 18,United Kingdom,2,2016-12-13,2016-12-13
de0de6c692c7ff23d384b9fe66ef12a4,Jennifer Robinson 25,Australia,1,2017-03-05,2017-03-05
70176b96a262650a7f0d34fed3e0283e,Kathleen Rodriguez 25,Philippines,1,2019-10-02,2019-10-02
2b15cae4cbf9e55df2dc8120c1f6b4cc,Linda Mitchell 3,United States,1,2016-04-23,2016-04-23
188a1e02c266c3dcaae7db41bdc439c3,Lisa Harris 23,United Kingdom,1,2013-04-16,2013-04-16
4879f2bf4eb14108f4f8ec2a65ec37fe,Mei Brown 6,United Kingdom,1,2008-07-04,2008-07-04
bce5f5b681de5700441ecb93c1f3ab57,Nancy Davis 14,United Kingdom,2,2008-11-14,2009-05-04
ccf0fd3f6a759b3f64b5866e613cf108,Omar Scott 24,United Kingdom,1,2017-03-26,2017-03-26
0d3cd8ffe2331cc98aaef11dc98a77d6,Omar Singh 17,Switzerland,1,2025-01-10,2025-01-10
e36d9d73260655be190b0af2d22704fc,Robert Green,Greece,2,2015-11-16,2015-11-16
fbbe37812fabf80f41d1f0e39a0c5d24,Robert Smith 7,Mexico,1,2018-01-01,2018-01-01
c987de16947dce89d0e65404f215ac68,Ronald Baker 30,United Kingdom,1,2014-10-27,2014-10-27
54ba7ff66f095dd44b986cfcad4e5172,Sharon Taylor 16,New Zealand,5,2013-10-06,2020-01-04
6aed53e62354a1fc380db420df1735a8,Anthony Miller 18,Israel,1,2012-04-24,2012-04-24
e8a998337eccd344c92af26a1d7c1c7c,Diego Robinson,Australia,1,2011-01-10,2011-01-10
8cf45ab1aa0934589023c56deccd08f3,Donna Haddad 31,United Arab Emirates,1,2014-10-04,2014-10-04
ac93821c34e5ee72c9f63d3d1e16126b,Elena Miller 5,United Kingdom,1,2015-08-02,2015-08-02
ebdddc850d37aa92f568a89b0c333201,Karen Kim 19,Philippines,3,2012-01-23,2015-01-02
bae7c6abce6d9cbcde4f6b26f036cb9b,Susan Lewis 28,United Kingdom,1,2019-08-02,2019-08-02
224b1e85a86ac69ce8e1ce519033fdc2,Andrew Wright 25,United States,1,2017-02-16,2017-02-16
f6f3e254e3b49eec34ae552e9fa2152c,Christopher Andersson 7,Canada,1,2012-06-05,2012-06-05
5ae16aac7130f8fa471ffa82c5ec31b0,Fatima Smith 2,Singapore,1,2015-06-17,2015-06-17
5acfc57f395b9d59ed997b7e4034232e,Henrik Jones,Germany,1,2018-12-03,2018-12-03
ee1ab072024d4b1a24a5d9d95cffb692,Jennifer Ramirez 25,Australia,1,2013-07-07,2013-07-07
94cd4589038e230b14c430f95d1ba52e,John Garcia 7,United Kingdom,1,2015-08-03,2015-08-03
adcfd5dd8341ef77658c5969e23abcb0,Kevin Williams 5,Austria,1,2020-02-04,2020-02-04
cb463cf6538be853f5061eb8e250f036,Lisa Martin 14,Hong Kong,1,2012-12-25,2012-12-25
d278e9063293af7fd53ad75ac7893ac9,Matthew Taylor 12,Argentina,1,2018-01-30,2018-01-30
1cc24eb1c05aa11b9bf15a7064b7abaf,Mei Kowalski 13,United Kingdom,1,2014-04-22,2014-04-22
8830f30effd36211c0a2f1622ab1c03c,Paul Roberts 16,Japan,1,2016-02-19,2016-02-19
dbe487d1bb0cf127928d2f01feeb9983,Priya Brown 11,South Korea,1,2011-07-31,2011-07-31
0dc2c1d95004010ffb688276a0caeee6,Sharon Davis 28,Switzerland,1,2017-08-31,2017-08-31
429458bd2f29dd40f74c9fc7996dbe8b,Elena Sanchez 26,Australia,1,2016-07-18,2016-07-18
1fd773a1ad38a571ef492e4c16ae8642,Helen Young 3,France,2,2015-05-09,2015-05-10
e27cd025a515e5ebbd8ca5ec1bbcf883,Ingrid Wright 10,United Kingdom,1,2023-04-28,2023-04-28
a5db1f4bd33f594ec968cac7ea73bdc2,Lars Rossi 18,Australia,1,2015-09-10,2015-09-10
5fa79d0f2c46772648f5863d97e09a8a,Mark Hernandez 11,United Kingdom,1,2008-01-14,2008-01-14
05d1f373bb1e9127ec0b6b174ea87c49,Rebecca Campbell 6,Germany,1,2017-03-28,2017-03-28
1864bd50ff006f9bb3c871a327cdba9a,Sandra Costa 11,Malaysia,1,2015-10-22,2015-10-22
c0c19d6ab30d690a844f4c1c7e446d35,Stephen White 24,United States,2,2013-11-22,2013-11-22
b631822506347477c92e1bc3499adb57,Amanda Jackson 31,Bangladesh,1,2024-02-13,2024-02-13
ad254a3821f4619127178adbd3ac2636,Anna Williams 24,Norway,1,2015-08-02,2015-08-02
694b4e4f8daa8f9e1d43229f3e4e6e53,Anthony Davis 11,United Kingdom,2,2015-09-19,2015-09-19
057ee9b4ce2fadd5b0d057b920fb5414,Anthony Gonzalez 23,United Kingdom,1,2017-02-08,2017-02-08
a33826cc11168952b7ad206670c01ef3,Carlos Nguyen 23,United Kingdom,2,2015-07-20,2015-07-20
be64b7185a75515d01dd5b97104dd4cb,Charles Roberts 31,United States,1,2017-01-08,2017-01-08
99e76b73ce9ce475ea4a8f360786bf51,Christopher Jackson 18,United Kingdom,1,2013-07-31,2013-07-31
61e6858105589e293c3174c9f920475d,David Schmidt 16,Australia,1,2017-10-14,2017-10-14
58aed4f7ff68a5e3c4697c7dce8c934c,Henrik Thompson 8,United States,1,2018-11-09,2018-11-09
d3dddc3e16dc6d24ab99c4fdb62fbce1,Ingrid Nguyen 6,Indonesia,1,2017-10-10,2017-10-10
3a774ca34b23002d8059871fafd9a74c,John Adams 19,Canada,1,2019-12-23,2019-12-23
aa9bedbd04b6e9148245b73ddc09a69c,Joshua Johnson 15,United Kingdom,1,2025-05-08,2025-05-08
9a591a31b88be67fc167fde2f710488a,Joshua Walker 8,Norway,1,2024-03-02,2024-03-02
c755704d0fc0d216ee9d301e5384646e,Joshua Wilson 5,United Kingdom,1,2017-12-17,2017-12-17
5fdc545dd6ef9b0eb9143b8793f4162b,Kathleen Perez 20,United Kingdom,1,2016-11-04,2016-11-04
a9abbdd03733923c964385e4c8cc4cad,Kenneth Miller 13,Spain,1,2022-11-07,2022-11-07
b3a33da884268bf537d87d076783f3ed,Melissa Adams 26,Australia,1,2018-05-02,2018-05-02
36fd860b7ac4c7bdee8ffe94c5c13923,Michelle Miller 25,United Kingdom,1,2010-07-19,2010-07-19
15420f231e06939a7299831dbff3d6f4,Omar Adams 12,Australia,1,2018-01-13,2018-01-13
3bd30bf4dcdf6083e9426c08b9555012,Ronald Okafor 18,Australia,1,2012-02-07,2012-02-07
ac0e4bac27f8b0114702fa564c0cded0,Sandra Moore 4,Qatar,1,2016-04-16,2016-04-16
caea73da4acd6bcc7bed09049d2b2754,Sofia Nguyen 6,United Kingdom,1,2026-02-21,2026-02-21
59230a9049ca844fce65bf463ca41102,Anthony White 14,United Kingdom,1,2013-08-14,2013-08-14
5a8a798c1e8dccf64f60983717c63227,Elena Moore 19,Netherlands,1,2013-10-06,2013-10-06
86992256c575c429b0276ebdda808890,George Ivanov 23,United States,1,2025-07-05,2025-07-05
62147251d68c5634a72bbf1348f94a25,Helen Rodriguez 26,Malaysia,1,2023-10-26,2023-10-26
717c1c6775199c647f19b4b7f0f6f862,John Rivera 18,United Kingdom,1,2022-07-07,2022-07-07
494b8648bc27ecbf88cc7fda3c67b075,Kimberly Miller 5,France,1,2011-05-01,2011-05-01
3a3596c328e44c0a9c6d1b5e5b64d094,Rebecca Roberts 29,Australia,1,2017-05-21,2017-05-21
2bf685acaad15d1ef26a4eba5cf2b673,Andrew Ramirez 19,United Kingdom,1,2023-01-25,2023-01-25
edddbd43c18a8f9c39a34d0cc9790377,Carol Anderson 13,United Kingdom,1,2011-06-29,2011-06-29
74cee8567e4d17b309ebf40bd71d06bb,David Andersson 29,Thailand,1,2013-07-31,2013-07-31
73acdaed18fbcf3091180195e59cc7af,David Hall 7,United Kingdom,1,2018-10-23,2018-10-23
4ca2615293a38279d7df246adbfcaf20,James Singh,Canada,1,2015-06-19,2015-06-19
c9f3716d7429359773c7838bedcb7cf4,Jennifer Lewis 13,United States,1,2019-02-25,2019-02-25
4e1eb18f2b79f2b8637fb060de5a8d6f,Kimberly Thomas 27,United Kingdom,1,2008-09-29,2008-09-29
0aae7834b8d5a477766a97a8f1cda419,Mei Williams 27,Australia,1,2017-06-30,2017-06-30
0983c354d7f0c9112916bab84b3619a3,Patricia Hall,United States,1,2014-05-28,2014-05-28
6deefb25eba29db25c31a43990bb45c7,Patricia Rodriguez 25,United States,1,2013-11-22,2013-11-22
82ac81866462e5ef538d1ba18dd2545f,Raj Clark 25,Australia,1,2012-11-16,2012-11-16
1a5d49d00789ad5a5947fb758da9d3d5,Sofia Kim 28,Taiwan,1,2016-09-06,2016-09-06
2224d86ae82dcb9f677a1b51d2ec4386,Wei Robinson 18,United States,1,2018-06-03,2018-06-03
4296790543b45012f1966beff7ae050d,Amanda Sanchez 17,Australia,1,2013-04-24,2013-04-24
6ed7b35769f68cf9f201bca2eaa9a3bc,Anna Tanaka 6,Australia,1,2018-06-13,2018-06-13
ba00bca43b0d0ddc80d04b16bafa4b83,Daniel Young 6,United States,1,2013-01-10,2013-01-10
5d1f6bc371c707924738652ea84d304c,Hassan Carter 31,Egypt,1,2019-07-11,2019-07-11
bb4b001a4da1966c415fc6217fac519e,James Anderson 21,Germany,1,2018-05-21,2018-05-21
c25accaf812f23e8dd7f802e9031e4d3,James White 7,United Kingdom,1,2010-08-28,2010-08-28
1bdf436a08f68452c00f836a7b76c81d,Karen Baker 17,United Kingdom,1,2016-11-08,2016-11-08
7963674015c2966a4cbf6cad2eb18185,Sofia Costa 25,United Kingdom,1,2010-07-04,2010-07-04
c38470ebea0e2acf669e1e83f0a45217,Wei Hill 20,United Kingdom,1,2008-07-04,2008-07-04
522de0369679568d0f1156a17135d662,Anthony Hall 24,Malaysia,9,2011-11-28,2022-05-19
314050c3c25c14e96aae5d8970b53f77,Christopher Andersson 16,United Kingdom,5,2009-08-31,2012-09-03
740a755dd61e453035bc47d52a6d11fa,Cynthia Clark 14,United Kingdom,2,2006-12-10,2006-12-10
fd40a48797468d015eb53d65fce838fa,Donna Kowalski 25,United Kingdom,1,2015-10-03,2015-10-03
23145e82717ea1140a71b6718a60ef96,Emily Scott 2,United Kingdom,19,2010-01-17,2018-12-03
071ec0b1e985e716cd104d994cce6ee1,George Rodriguez 30,Canada,4,2014-10-22,2014-10-22
281ab6970b3ecb522614ed689bf5b6eb,Hassan Ivanov 20,Australia,1,2015-03-23,2015-03-23
9a622221577cf8f4e74550058690c2f9,Jason Mitchell 19,Australia,1,2013-04-16,2013-04-16
3eb6b6a0920f8e48b46d10688c8c031a,Linda Moore 26,United States,5,2011-10-22,2016-06-09
1b218321a64da029adf96f0ffc9aca7e,Linda Walker 24,United Kingdom,1,2012-11-16,2012-11-16
c284c27c8c46cd200d5324a30189494b,Lisa Hall 14,United Kingdom,1,2015-12-25,2015-12-25
e95a642eb2e81cb621b09c0aa594a4c9,Lisa Hall 22,South Africa,1,2016-05-28,2016-05-28
9799501bd415e3ce6b6b2786bd50ee9a,Michelle Singh 31,United States,23,2015-06-18,2018-05-18
5d788f29cbfffd27da6879ca169f941a,Nancy Lee 29,Australia,1,2012-05-19,2012-05-19
00147ec99642bf6770057be20ae5adb6,Omar Mueller 9,Germany,2,2011-11-28,2011-11-28
a70410a42bda7ba44376ab5837685529,Priya Taylor 12,Australia,1,2012-03-28,2012-03-28
01c19aa7140b6f98413804df674a9438,Rebecca Sanchez 23,Germany,1,2014-10-05,2014-10-05
cc5327b55436489f592039295950acb7,Robert Robinson 7,Saudi Arabia,2,2011-09-17,2012-07-25
6b66a6b2a136c796a4aaaa4072639524,Ronald Andersson 31,Malaysia,1,2017-02-07,2017-02-07
9a8ac9a8fc64dcb90d0a47f85da6573e,Stephen Rivera 6,Canada,1,2015-02-21,2015-02-21
0316632603406249a0cac7a9d313845a,Amanda Allen 3,United Kingdom,1,2009-02-07,2009-02-07
85d7af021ce63286db66f96e8c7f9e20,Andrew Carter 5,Israel,17,2012-01-25,2015-07-05
bc65879fed732e5d6009d2c74ebda855,Anna Costa 2,United Kingdom,1,2010-07-04,2010-07-04
40adbde5aab3665a8cff3a04c54116cb,Anna Flores 23,Australia,1,2017-04-25,2017-04-25
4b6fc677768052e8f19dc0fe3f13c6b5,Charles Rodriguez 31,United Kingdom,1,2009-03-18,2009-03-18
9660725f58b5a26721f840222c5e7f70,Daniel Wilson,Czech Republic,1,2012-01-25,2012-01-25
5cf48727e1c5e79818be6a4ea7bd230c,Eric Ramirez 24,Australia,1,2012-11-22,2012-11-22
81e5a5e61e99e6adf363680cc11dd9ed,Hassan Harris 12,India,1,2014-08-21,2014-08-21
b2a84e58044d0dfc41ed549d42a3bd56,Henrik Rossi 23,Oman,2,2017-09-01,2017-09-01
3b9ce3a1da8594e507af9d75d78980ca,Ingrid Smith 11,Singapore,1,2013-11-15,2013-11-15
5a28d5d0affa377f3413689c85e2795f,Lars Smith 3,Qatar,2,2016-08-20,2017-05-12
1231a97dbd4088158cdd06afad13f09e,Melissa Martinez 28,Canada,4,2015-08-12,2025-04-26
a99fd361c7658527458de6a50aa4273c,Michelle White 5,Australia,1,2017-10-15,2017-10-15
8011f5bb8e6898df2545f37249556dcd,Sharon Brown 30,United Kingdom,1,2019-09-02,2019-09-02
a833a0f962fddac0f26ce7b00875be9e,Aisha Sanchez 26,Canada,3,2014-10-03,2014-10-05
31b7ffbae0e6a533d07ec9d036a5c19d,Andrew Allen 8,United Kingdom,1,2010-09-06,2010-09-06
8afd9d6fa3f3efd1b69977094ace50b2,Ashley Okafor,Australia,1,2013-04-04,2013-04-04
709cbd114d7a27f1a99fe4f87dbb5f86,David Carter 2,United Kingdom,1,2015-07-09,2015-07-09
d7d998e5ab053c937c4442d9883ffc84,Donna Mitchell 7,Australia,2,2013-04-16,2013-04-16
d55870fb24e625d726c73cdba1357025,Emily Williams,United Kingdom,1,2009-09-14,2009-09-14
add1dbcfdbd4115257ce52baaecd4bcb,Henrik Kowalski 2,Australia,1,2018-01-06,2018-01-06
64a258d9a2ca99d59023db2644209910,Henrik Rodriguez 31,United Kingdom,1,2009-05-29,2009-05-29
0374ab858206f7c8f660a0fdcc353761,Ingrid Petrov 24,Bulgaria,2,2014-03-11,2014-03-11
b372dfa596a153968cb8e759a4b65d7b,Jason Andersson 4,United Kingdom,1,2015-07-20,2015-07-20
057fdeec2b66365d7dc3d9830337ccfa,Jason Lee 20,Singapore,2,2013-02-18,2013-02-18
60062eec9acfd2c49b6780d73949828b,John Mueller 20,United Arab Emirates,1,2013-07-20,2013-07-20
8a1f2a5103e3b15c64371ce66279558d,Kenneth Wilson 2,Denmark,2,2010-12-20,2019-06-20
5729374edc4074e2b8a358508e386f12,Matthew Martin 12,Singapore,2,2011-11-28,2011-11-28
ae4405d69becd634898cdc6527c28271,Omar Wilson 15,United Kingdom,1,2010-01-12,2010-01-12
0b7898d262ee1afe88f284d98c322734,Sandra Kowalski 21,Germany,1,2025-01-29,2025-01-29
4525d32326dfccb0468c444ce2f6e7b1,Sarah Campbell 10,Indonesia,1,2019-02-03,2019-02-03
0ecca99290a080c40ff26217f00c362e,Stephen Mitchell 3,United Kingdom,3,2015-09-19,2015-09-20
f01c4837369780445a93c5a8cd49177c,Stephen Tanaka 11,United Kingdom,1,2015-11-21,2015-11-21
db24fa1d200d916beadb2fa219ad2455,Thomas Brown 11,Netherlands,3,2014-02-20,2015-06-20
e0cc19ab4cb316b4bb0e13ee9e6c7abe,Yuki Hill 26,Australia,1,2024-07-18,2024-07-18
adde9b915781baa2ed375359a09c8ee4,Yuki Robinson 23,United Kingdom,1,2019-02-11,2019-02-11
4d4b80899dd3b0f1a885bcf90d9ae22f,Brian Hernandez 11,United Kingdom,1,2014-04-14,2014-04-14
292772c61ec8c918dbcd5f22bd9074ac,Elena Campbell 6,Malaysia,1,2016-01-30,2016-01-30
46747bfe286ba98d9207bd4df6a0734f,Eric Haddad 23,Germany,1,2017-09-05,2017-09-05
89fe71b3019882ab4e9283b4d08b4adf,James Scott 20,United States,1,2015-06-18,2015-06-18
7dd37ec42c6c2c280ce0323d1a530a9a,Kimberly Brown 16,Singapore,2,2016-02-24,2016-02-25
201d01f9e1390419fe26a6ab92656a7d,Lars Allen 10,Australia,1,2015-01-30,2015-01-30
ff29f59218f4eb26f71606b46996363e,Lars Martinez 2,United States,1,2015-01-27,2015-01-27
040ddba30bde27b55a2bf529913df146,Linda Garcia 19,Belgium,1,2015-06-17,2015-06-17
e3f2fb61a674a6194745430bb7bde578,Nancy Perez 18,Australia,1,2013-11-15,2013-11-15
fc6a74fd0085843364832b5224ee6d8d,Yuki Hall,Sweden,1,2017-09-17,2017-09-17
917e0d90243fc7de7670948360c414d5,Yuki Thomas 21,United Kingdom,1,2010-07-24,2010-07-24
6e52854e3b3e14e4ecd2c4634452e763,Anthony Allen 14,United Kingdom,1,2010-07-04,2010-07-04
274e2557ad5909052f4685ae76e4d513,Brian Lewis 14,United Kingdom,1,2013-12-23,2013-12-23
23159f4b4a8ae5a84b49038e5c97cf8c,Christopher Martin 11,Germany,3,2019-01-02,2020-02-24
dc8065ce8f080986ee1a04a44da441db,Elena Baker 6,United Kingdom,1,2014-08-02,2014-08-02
1496aa2b8407dc8406f6bae4219e2437,Emily Hill 8,Germany,1,2015-11-24,2015-11-24
d4a5d3b6582afde6e54516607cfdd1df,Joshua Thomas 31,New Zealand,2,2025-05-19,2026-03-05
157d099dacd4dac1a069aaf968bd23af,Kenneth Carter 8,Australia,1,2013-10-06,2013-10-06
22e879592b1a0e566c308aeca064f518,Kenneth Wilson 19,United Kingdom,1,2014-11-19,2014-11-19
4a2b249c9a8a5e1da392f9faa3fcc8cd,Kevin Gonzalez 9,Netherlands,1,2019-10-04,2019-10-04
ce0d438dfd164dd6ea7c0074bc69c162,Linda Wilson 17,Denmark,1,2012-10-29,2012-10-29
8cfdcd04daffb4ec572bfb8d9c86dcce,Lisa Taylor 2,France,1,2015-08-12,2015-08-12
64c106f88a1eacab46b2053e6f5d24e0,Mark Gonzalez 7,United Kingdom,1,2014-01-29,2014-01-29
af77a5615365e52aa218827827ad2007,Priya Hall 25,United Arab Emirates,1,2015-07-24,2015-07-24
a8046d6b80e7f629e2735a9806471fb4,Robert Walker 6,Canada,1,2017-07-17,2017-07-17
8d66177ef18c52c8a12a251542925c1c,Sharon Singh 7,Portugal,1,2015-05-10,2015-05-10
200c1852c7117b1b7e52a06a94524096,Steven Gonzalez 25,Belgium,1,2013-09-15,2013-09-15
c331a8de664fcf637ca1c6de37edd9db,Yuki Kim 23,Thailand,2,2017-03-02,2017-03-02
277e678b0680e1520a130095975e56fc,Yuki Petrov 10,Australia,1,2024-08-29,2024-08-29
77775a91e2afb9aeca586f78baefa5b0,Anthony Rodriguez 8,Norway,1,2013-11-15,2013-11-15
bb8b91654882fde7894d024182c707f9,Brian Lewis 20,United Kingdom,1,2011-05-01,2011-05-01
abf112b0d33ec298f9966737fdb5f82d,Cynthia Taylor 11,France,9,2014-03-11,2021-07-28
f82b60d1b5a1365360550cc9fe5df310,Diego Hernandez 12,United Kingdom,1,2016-05-05,2016-05-05
3839073d81cab1fee281a407557b4a37,Jason Okafor 31,Thailand,3,2017-10-23,2025-02-18
4540ae59ad3067fc419fe28d2c2ad64f,Jason Scott 6,Canada,1,2012-06-18,2012-06-18
1d4d4d363ddd652421e36131237d10a8,Jennifer Lee 21,vast,1,2017-05-30,2017-05-30
bbe0de2303b85005bd2ff48a5f77dece,Karen Scott 18,Singapore,1,2016-06-09,2016-06-09
d58cb5448851f04ae82b234a475bebe9,Kevin Wilson,United Kingdom,1,2016-07-17,2016-07-17
079c3631d66c6f85a1f4f2135a233bde,Lisa Schmidt 20,Germany,1,2017-08-07,2017-08-07
468214e11e31e7a9ca12b13049db49c3,Melissa Singh 13,Spain,1,2012-01-23,2012-01-23
e11fe75be9951a71e0a4a5d505ee787e,Nancy Nguyen 14,Singapore,1,2016-11-06,2016-11-06
c6d249d05884d5ec368923b9ee733dc3,Sandra Schmidt 25,United Kingdom,9,2012-05-01,2023-06-20
9c876ee2afbb313dafa4565eff87d60c,Yuki Andersson 29,Italy,1,2023-03-12,2023-03-12
a68d301e8daed106a721fe4fe613e336,Yuki Johnson 5,Argentina,1,2021-03-15,2021-03-15
e08378592c285c9bf13a0b9897c524c6,Amanda Flores 13,United Kingdom,1,2010-11-20,2010-11-20
cfc72dafed4a1214314a5bee7bf716c8,Hassan Nguyen,Qatar,2,2016-12-15,2017-05-13
d0304f2b9a4be17997dffb11747498c5,John Scott 14,United Kingdom,2,2008-10-30,2008-10-30
673acac067e1ddfeead31cf005811fe5,Mary King 10,Switzerland,1,2017-12-18,2017-12-18
5cc02448580310c25f86fa05930655bb,Patricia Johnson 24,Australia,1,2017-06-07,2017-06-07
9132083c16f2339d46cff44e1823852a,Sarah Wright 10,Switzerland,1,2025-04-25,2025-04-25
ef6cdd6e32441e2bcfd4e1b4896e3e17,Yuki Allen 14,United Kingdom,1,2022-09-18,2022-09-18
cbd7ff91eb320c8afca6bf47407427f1,Andrew Garcia 24,United Kingdom,1,2010-08-09,2010-08-09
6447ef06efe8dfd8252dea07ba9e4846,Anna Torres 15,United Kingdom,2,2014-08-05,2014-08-05
26388e27a045922fb37fc3b390984d93,Emily Smith 3,Switzerland,1,2019-12-07,2019-12-07
a973a94bb3e3fab69d720d07effa96fa,George Gonzalez 16,United States,1,2011-09-17,2011-09-17
542e339c68a4a4b7b53221d364afcefe,Helen Nelson 24,United Kingdom,1,2009-12-09,2009-12-09
32c5825d11c2c14b0502e3e593428c2c,Henrik Rivera 18,Thailand,1,2021-01-19,2021-01-19
06570e248e697ef6d3734bbbefdc424e,James Brown 30,United Kingdom,1,2010-04-09,2010-04-09
9f396f9b6af3df264aff311a75a52769,James Martinez 20,United States,1,2012-05-21,2012-05-21
265c578b8cd285de7006160677bcc78c,Jennifer Harris 26,United Kingdom,1,2019-04-22,2019-04-22
d12e696d8f5376e186aea49e0b25c738,Jennifer Jackson,United Kingdom,1,2013-02-14,2013-02-14
5edc0914bf18c993138c93727ee3833e,Lisa Brown 18,United States,1,2011-05-03,2011-05-03
71e5ea23650d6258948b70baa275389f,Mary Allen 15,Belgium,1,2015-09-17,2015-09-17
bc21c09fb8331947bab194682197acd9,Sharon Wilson 8,United States,1,2015-12-12,2015-12-12
bf040810e40de0a8c92c8500d9aafce6,Charles Perez,United States,1,2015-09-14,2015-09-14
bd38e932a38a8fb7ccd39618940fb4e7,Cynthia Adams 12,United States,1,2015-05-09,2015-05-09
4a4f17502da8155ec300c580556d3c59,Donna Green 19,Austria,1,2013-05-29,2013-05-29
02970d57a7789a0ca365bd4d26233de6,James Allen 30,United States,1,2016-03-14,2016-03-14
739d7a2b948c7320f4a779dfbadd6822,Karen Chen 18,Sweden,1,2014-03-30,2014-03-30
85f88d9ca670ceaf1948e2bfb768d020,Karen Petrov 24,Canada,1,2013-01-01,2013-01-01
530f5d2b3fede4ecfd8a2eed9564d476,Lisa Sanchez 11,Germany,1,2018-04-03,2018-04-03
f9d55c07c559b694f413927e2db8412e,Michael Thomas 7,United States,1,2017-01-17,2017-01-17
2acdec0380d32262cfe440154d378a87,Michelle Kim 8,United Kingdom,1,2018-05-29,2018-05-29
a3435f5335fa3db7b83ad848352fea4a,Omar Rossi 18,United States,1,2018-01-07,2018-01-07
703b93f4f6c9b649ac69b7e1eba6800e,Sarah Taylor 23,United Kingdom,1,2018-03-30,2018-03-30
425a1c347816cc0178932bd1ee7cad4e,Susan Brown 27,United Kingdom,1,2023-06-15,2023-06-15
58aefdaf2486b6009b1afdeaaaa0806c,Susan Scott 10,Australia,1,2019-10-18,2019-10-18
4d4717ede815af8ffbb7250e2915ebac,Thomas Martinez 29,United Kingdom,1,2015-03-22,2015-03-22
d0b454b0123f4fc698190947056c934c,Aisha Brown 5,United States,2,2018-08-21,2018-08-21
099170478b9aefc8482dfa1e04a46e23,Brian Clark 6,Brazil,1,2012-01-25,2012-01-25
68ae87faa71448f897e9a9eddac71d57,Emily Lewis 27,Australia,1,2013-01-18,2013-01-18
29068afe808c5870f73a14167cbf08c7,Hassan Young 26,United Arab Emirates,1,2016-10-20,2016-10-20
05aa55ef1c8a3f4afcfae18a48583f05,Kevin Jackson 29,South Africa,1,2016-02-08,2016-02-08
ec3a5e2f48e96c8cba87b929a26b20f5,Lisa Adams 8,United Kingdom,1,2008-12-31,2008-12-31
7540dc2573e59cdaac18f864c65953a3,Michelle Moore 4,United Kingdom,1,2009-01-18,2009-01-18
a298faed48622d4b48c3ab0e607718c9,Paul Smith 11,United Arab Emirates,1,2019-05-10,2019-05-10
e04d7fdea4b7ca7e75e19d211c3e8ebb,Raj Wright 2,Australia,1,2013-11-15,2013-11-15
f9dada838af80a9cb83693fa2a29d0a2,Stephen Nelson 27,Netherlands,1,2017-09-23,2017-09-23
bfc0309193c39e1fe2c79c1077297b01,Thomas Robinson 31,Indonesia,1,2020-02-22,2020-02-22
f591fc2426ac55d9f9985f410a0aba48,Andrew Anderson 27,United Kingdom,2,2017-11-05,2017-11-05
5dd3c035207959a47c14a9fe3d8d4d95,Andrew King 20,Australia,1,2016-08-19,2016-08-19
8a8ee8ec6d0368fa9fcc7f2be6f56cb7,Andrew Rossi 18,United States,1,2023-06-23,2023-06-23
b9272f69c820425b49eae712f220a19b,Helen Wilson 23,Thailand,1,2021-01-12,2021-01-12
209cca51a3200f38ce9bf75373edf301,John Anderson 27,Canada,1,2015-05-09,2015-05-09
e1ea74887924ba54e7461150a671cfff,Nancy Garcia 5,Canada,1,2019-03-16,2019-03-16
0567c5adf69b7da697b62a3bae24fb36,Sarah Miller 17,United Kingdom,1,2017-03-19,2017-03-19
d65c0d404c7e79d6cb9201ebd1b89e96,Anthony Nguyen 26,Saudi Arabia,1,2019-03-14,2019-03-14
626263a5f5d4cc90251532dc2d069a16,Charles Campbell 16,United Kingdom,1,2010-08-13,2010-08-13
58eca4f05525246c4a0a3a67337e3726,David Jones 30,Norway,1,2015-02-04,2015-02-04
8b5fe5aaf03bf0890d3f7e8f9120fd6b,Helen Rodriguez 10,Canada,1,2018-02-11,2018-02-11
b3d8091417e6a313bd493e7697ead4ad,Kevin Kowalski 15,United States,1,2024-11-18,2024-11-18
96120932cb1b8b5a0a5b78b4353f1919,Lars Singh 13,United States,2,2013-04-24,2013-04-24
5a966d58bd57121ea7ea21a6e5b99279,Mei Tanaka 10,United States,1,2018-01-09,2018-01-09
db0df9c0137c74b39eef93bdd1999950,Mei Young 31,Australia,1,2014-08-06,2014-08-06
741dfd01fccc9b96b99742cb5394e55d,Patricia Patel 13,Thailand,1,2015-03-29,2015-03-29
d7e9d71c5902b87b7f0e16c40cdf9a11,Raj Singh 20,United Kingdom,1,2009-03-18,2009-03-18
5091b8da1b17c81eb28ce226d79eb50c,Raj White 7,Hungary,1,2019-08-18,2019-08-18
2993e74bd265a5262b9aa4bf943b8234,Sandra Campbell 28,Hong Kong,1,2011-05-01,2011-05-01
3b0081e706213788906013f27f608498,Anthony Wright 4,United Kingdom,1,2016-06-01,2016-06-01
3d37cb412b63c1190becff648ec98315,Fatima Lee 31,France,1,2011-05-12,2011-05-12
9fe9989cd7a415de0d0ba39e2213ef8e,Hassan Thomas 24,United States,2,2011-05-03,2011-05-03
f6ed206db2e08a82d51063e592f9e6fa,Helen Petrov 18,Australia,1,2013-10-06,2013-10-06
8a4e954fe2f68a298dcb6d667a6aee82,Helen Williams 4,United Kingdom,1,2018-04-10,2018-04-10
17bef5cba84cd38a5f0967ea6dd5793b,Jason Torres 23,United Kingdom,1,2023-04-12,2023-04-12
77c8d453d6c3a38afcddac4c3f7ca678,Karen Lopez 4,Canada,1,2017-06-25,2017-06-25
d91e7f8584cc768d2f3f00961aec798a,Kimberly Andersson 23,unknown,1,2007-12-27,2007-12-27
51dc8e6100e6868fc6f842e74660c598,Melissa Mitchell 6,United Kingdom,1,2014-01-17,2014-01-17
3925d9f44b54ce4dca6e29fab1bcb94b,Omar Torres 26,Israel,1,2017-09-28,2017-09-28
50af9f8c658eab180531fa5f534807fc,Ronald Williams 21,United Kingdom,1,2014-03-11,2014-03-11
c71e60a8947baad3d527de045df523d9,Stephen Ivanov 6,United Kingdom,1,2015-04-03,2015-04-03
81171785cb6c49e912ff897f88b4934d,Aisha Jackson 18,Spain,1,2016-08-06,2016-08-06
84d21067688cb176015f07f408a7055a,Anthony Nelson 27,New Zealand,1,2014-01-10,2014-01-10
e4da39add939f6d4d083288856f257b7,Donna Carter 2,Japan,1,2015-12-05,2015-12-05
8390279289bf282dfbe929b3f28fa98c,Elena Campbell 22,United Kingdom,1,2016-10-16,2016-10-16
0c54ae1ff6b9c47d927f764a1d9720a2,Hassan Lee 27,United Kingdom,1,2009-12-09,2009-12-09
5c77505d1ad0d213bf597f843c1fd933,Jennifer King 12,United Kingdom,1,2018-03-19,2018-03-19
b440288b54f4bd3dbd879aa3408d8262,John Garcia 12,Germany,1,2011-07-31,2011-07-31
5af02744ede5e783d83c6e059cb8727c,Matthew Sanchez 13,Germany,1,2023-05-13,2023-05-13
71aa3c86925420a37b3e25b0f64ae435,Omar Gonzalez 31,Saudi Arabia,1,2018-01-02,2018-01-02
a005d2ae1d6fc52f14b8e0e032dae1c2,Sharon Mueller 20,United Kingdom,1,2007-11-11,2007-11-11
09967d3601dc815e64c698cbfe14ca8b,Steven Flores 15,United Kingdom,1,2022-10-16,2022-10-16
6c2fc71a346dc4e7dc21a05e61e732f6,Thomas Young 10,Lebanon,1,2013-02-07,2013-02-07
8beda2d97f3c6a1ca5fbc063e4f04cda,Yuki Garcia 23,United Kingdom,1,2011-05-01,2011-05-01
1cbc8d8346621f9a00948a249a67a5f9,Yuki Mueller 7,United Kingdom,1,2015-02-21,2015-02-21
3996fee50b103ffeaf55b5ed3da2055e,Ashley Jackson,Indonesia,1,2022-09-11,2022-09-11
323432de442d44585ef3544bce90dcbb,Ashley Wilson 30,Japan,1,2016-09-12,2016-09-12
45cd125a68800fa24ecb64253a380733,Carol Flores 31,Chile,1,2016-02-04,2016-02-04
ae0a26dd03904ef6c520927123bcbe69,Elena Taylor 27,Israel,1,2017-08-28,2017-08-28
22b99dacfe99c52e71b4b68b6f555ef8,Hassan Miller 13,Myanmar,1,2011-07-06,2011-07-06
b2b70b4ec7e58484246884ab9d127081,Jennifer Martin 20,New Zealand,1,2015-09-10,2015-09-10
c0cdea2827de0b5eb55998f2cb2ececc,Kevin Robinson 11,Switzerland,1,2015-08-28,2015-08-28
ee01ea7b874643e3b9d6522c79efdb6b,Mary Schmidt 19,United Kingdom,1,2009-09-06,2009-09-06
bffbc6e283aca7319bf18bfb7a883499,Melissa Taylor 5,United States,1,2016-12-08,2016-12-08
fe6f42a988037795ebe6015499ab4f66,Omar Baker 20,United Kingdom,1,2012-12-23,2012-12-23
f3b13a81473f4c469ef20683ae54cbde,Patricia Rivera 23,Kenya,1,2018-01-18,2018-01-18
ad7c020b268298a6f27a82886b2a93b2,Paul Roberts 16,United Kingdom,1,2016-01-25,2016-01-25
218984c6aec686afea2bab13d6a8260e,Rebecca Harris 5,United Kingdom,1,2022-09-08,2022-09-08
b0a58f79302ba1c87107c0e2648b9ec8,Sharon Brown 18,Portugal,1,2026-01-29,2026-01-29
4b9169d4b55c619e18f1da0f320e9bdb,Susan Adams 16,Australia,1,2025-11-23,2025-11-23
4351268ee389fb9a35bbca540d335491,Amanda Hall 11,United Kingdom,1,2023-08-17,2023-08-17
5e9d99d015f56339aecae0839049ac6b,Ashley Garcia 25,Australia,1,2013-05-29,2013-05-29
1bf852707e5cf51e804358982e5d9117,Brian Chen 25,Australia,1,2023-05-16,2023-05-16
ab2939cf56d5b5df69b8ee5a02bb0f58,Cynthia King 7,United Kingdom,1,2009-05-31,2009-05-31
05c49f65853789376459023f38f9bca3,George Nguyen 29,United Kingdom,1,2014-10-04,2014-10-04
3f5e41d3dfc69f86283e5acde7f96dd3,Kimberly Costa 8,Germany,1,2022-12-30,2022-12-30
c5701d2018546e67f7eba7fc4a21e4a8,Rebecca Nelson 17,France,1,2022-03-11,2022-03-11
09372bd77fc61428231faa1e580a7b22,Stephen Hall 23,United Kingdom,1,2009-08-12,2009-08-12
3caf8c31634bfac057de297da8636c0f,Daniel Hall 8,South Africa,5,2012-11-22,2014-04-22
347b4b87e34ae26ecde07c7a15cc4e9a,Donna White 19,Ghana,1,2010-12-04,2010-12-04
d207418ffea393b730ea40d8816fa58a,Kimberly Young 7,Saudi Arabia,1,2017-05-04,2017-05-04
87c937aebf5c29d4ca1e60627a015866,Melissa Wright 20,United Kingdom,19,2015-01-02,2020-01-12
0146556cd0a00046d75ac1c642a03341,Raj Johnson 2,United Kingdom,1,2018-09-01,2018-09-01
a848c9db284cdd925f933bbcaa72bb39,Rebecca Campbell 30,Belgium,2,2022-04-05,2022-04-05
ff86389aacf098822f20f37dfa2876b9,Rebecca Thomas 25,United Kingdom,6,2015-07-06,2015-07-07
de64bb727368a0587a526d8ab69025d6,Ronald Thompson 22,United Kingdom,1,2010-08-28,2010-08-28
360d57ab7d6276033cb49db35ed4b0ec,Stephen Clark 23,United States,1,2017-12-24,2017-12-24
51d3674349e65d21d17867f7cbaf3030,Steven Ramirez 23,Canada,3,2012-09-10,2015-05-09
514ef711e9d4d39be7695f631e7425de,Cynthia Brown 30,Australia,1,2014-01-10,2014-01-10
233196624deac0ba70d29f3300c09498,Diego White 16,Vietnam,8,2024-05-05,2025-04-03
06ac1fba0ffcf06040e410035e886536,Helen Martinez 26,Poland,1,2019-01-11,2019-01-11
1a55987a68511a5ea9152b530bc31539,Ingrid Kowalski 27,Canada,3,2016-03-27,2016-03-27
115eb8e4b15dd4329f81802b280a73f4,Lisa King 11,Hong Kong,1,2026-04-18,2026-04-18
5203037b23fe6b8d880047ae7fa57807,Raj Martin 5,United Kingdom,1,2012-10-04,2012-10-04
177c26d67e027b96974470ced435f15d,Robert Roberts,Switzerland,1,2013-02-14,2013-02-14
c0530845ae530dfedf087acfd9814cf6,Ronald Williams 4,United Kingdom,3,2008-08-28,2009-08-31
f6fee0d224a987ae4e6794b30581379f,Susan Torres 10,United Kingdom,3,2012-08-05,2012-08-05
f76e275b4fffd7a90beffaab79763e97,Wei Chen 27,United States,1,2018-01-31,2018-01-31
93fe4256addac58c5fee10a157ac6a4d,Yuki Lewis 23,South Africa,1,2019-06-13,2019-06-13
8bdaae0fe8531b3d7aa782c87f4abe94,Aisha Mitchell,United Kingdom,1,2013-09-15,2013-09-15
f30390d0eb4804d45aad0cafba4be184,Anna Andersson 25,United Kingdom,3,2012-09-10,2016-01-31
14fe3ce28594cb2176b21a3927b56e3c,Ashley Singh 6,Australia,1,2015-06-28,2015-06-28
026e1cccebdb7ec3c37d47168353b6fa,Cynthia Carter 9,Italy,1,2016-06-24,2016-06-24
d4c5a97b5b8e69b20af588b0f6fee95a,Daniel Chen 27,Switzerland,1,2012-05-02,2012-05-02
b7508934ee9c70b02c51447840b39725,Daniel Chen 28,Thailand,3,2015-02-25,2023-04-03
3b9d9e96836b44093bced6fa08fa1780,David Allen 9,Germany,1,2013-11-22,2013-11-22
a55613eedf879be08951d3e8c4399829,Diego Robinson 12,Indonesia,1,2017-03-21,2017-03-21
18d914662f6ecaee435eac63448098e2,Hassan Carter 10,China,1,2018-01-06,2018-01-06
da769f23e385fcffe58c8148e0fb92a5,Henrik Green 8,United Kingdom,1,2015-12-19,2015-12-19
83b7c7255e9049398307efb640ab6f86,Kathleen Walker 20,Indonesia,2,2015-08-28,2015-08-29
0598161ab8dc7ba9346ae822c58337cf,Kimberly Gonzalez 20,United Kingdom,1,2014-08-12,2014-08-12
b33a9dac454a32011f3cdc7d6afd62ef,Lars Jones 16,Australia,1,2010-12-16,2010-12-16
4359d27c91b8100001ddb03f25a6f9b2,Mary Garcia 28,Japan,5,2013-11-15,2017-08-21
3e110c5e24e0b9ae871a1caf6dd21b1c,Mei Lewis,United Arab Emirates,1,2014-03-30,2014-03-30
0c006a13fe58f662f16c7d88ab1eb3eb,Melissa Haddad 2,Thailand,11,2016-03-27,2025-02-02
601b5ff6feae1890016a16a8d58b07ef,Melissa Thomas 20,Saudi Arabia,1,2015-05-29,2015-05-29
8447420d369be818a24a9887be9d4466,Michelle Haddad 3,Australia,3,2013-12-23,2016-01-02
1d8489e92607c7b56580d0d1374a2155,Priya Wright 24,Switzerland,1,2017-05-11,2017-05-11
4ba6d39b4d3e3fe32e413d158b842adc,Sarah Wright 8,Kenya,1,2017-02-11,2017-02-11
b036c65880a82b41bb0783774eb668a3,Sofia Baker 13,United Kingdom,1,2009-07-30,2009-07-30
4bbcbd5bf4056edcfb32cdb1565aee7f,Thomas Haddad 16,United Kingdom,4,2008-12-31,2012-11-07
871fe1a5c380df6df8d3b105eb08f1df,Wei Hall 29,Thailand,1,2013-07-07,2013-07-07
f0e8a5d88951775a90e7a4cd3b770988,Aisha Scott 5,Sweden,3,2015-12-24,2015-12-24
30adf6edb0a055abcb0d6cc07e626ebe,Anthony Baker 27,United States,1,2014-10-05,2014-10-05
00c599eda77198dfb8c1426eb9c1ac71,Daniel Anderson 5,United Kingdom,2,2011-10-22,2012-05-01
eae279b67aeda40d57530292fbc8eb0c,Emily Rivera 15,United Kingdom,1,2017-10-17,2017-10-17
865d81128618b8fe6082430d35babc0d,Helen Andersson 14,Spain,1,2016-01-05,2016-01-05
52bff561452b563ffd7d72b48c7ca507,Ingrid Roberts 5,New Zealand,1,2023-11-02,2023-11-02
278b2fe2f828e546379492283bfd277f,Ingrid Schmidt 23,Brazil,1,2019-08-24,2019-08-24
ac3e77478298e0583191084eb608643b,James Ramirez 15,Belgium,2,2012-11-15,2016-03-04
d3916837e10dee9fa14c23c226eefd58,Lisa Moore 31,United States,1,2018-04-02,2018-04-02
bf4dc66fc1d4e093a1e13feacf3f6b55,Omar Hill 7,South Africa,1,2013-07-07,2013-07-07
98dc21a13a41775973bfa1d3b2f6af5a,Patricia Mueller 17,Australia,2,2016-09-26,2016-09-26
f592b02d233ae7b2d9630434187ba922,Sandra Ivanov 7,United Kingdom,1,2012-12-23,2012-12-23
db9766bbd9084c41c419fb7e415613a2,Sofia Campbell 25,United Kingdom,1,2015-01-27,2015-01-27
6a345e45358fb0a397a17be7d7bab2df,Steven Brown 22,United Kingdom,1,2010-11-20,2010-11-20
c00a17db793ac2799418c580031c0664,Steven Martinez 23,United States,1,2013-09-15,2013-09-15
41288acb20b35ce724926f8a1f4b9079,Andrew King 2,New Zealand,1,2022-12-12,2022-12-12
47430dd4f154b4ce05614a802c24c798,Ashley Carter 15,Australia,1,2016-12-02,2016-12-02
f293d3415ba1a9dc4afe783f870d389e,Ashley White 14,Germany,4,2015-08-24,2016-04-05
65db75c1ce5eb5cfc3aa6cd8bbe6e7d7,Carlos Scott 24,United Kingdom,2,2008-01-24,2008-01-24
a6fcfabf688acabf6e2ab5742fd1c70c,David Mitchell 30,United Kingdom,1,2016-07-10,2016-07-10
fdb9b02452a78ed4a9bcf3174625a0d2,Emily Patel 21,United Kingdom,1,2016-01-08,2016-01-08
20db6332ddb7d4d1ccf623a05c61e345,George Patel 11,United States,1,2023-02-05,2023-02-05
ab4977f736367dbdfe4163d7707de381,Hassan Rossi 19,Denmark,1,2017-08-06,2017-08-06
6ad1d64db7075815f4bbb76546d8ee7f,Henrik Clark 14,United States,2,2015-07-11,2015-07-11
480b7d4316224c2d2180aeebc147039a,James Nelson 6,United States,1,2011-10-21,2011-10-21
4b4ee6d2dd6c85bf585a5748aea19b3a,Linda Jackson 25,United States,2,2015-06-09,2015-06-09
2a478951ebcf32f9b4fc3cfb1f84a908,Lisa Lewis 8,United Kingdom,4,2010-08-09,2015-10-25
f214ac68c9bb2f0794a5f2b98ea69192,Lisa Young 6,Indonesia,3,2014-05-28,2014-05-28
5e9ae3beb14e41d216a34779750b8580,Melissa Martinez 4,Australia,2,2015-06-11,2015-09-27
1724df2a26efc7e6ad568c1416700369,Patricia Andersson 4,Jordan,1,2013-08-05,2013-08-05
9211fdb1e31cd3fb225dd7e30b19a3a8,Paul Ramirez 11,United States,2,2013-01-01,2013-01-01
5aeed54d12cde3f74a6983ab260360b8,Raj Davis 19,United Kingdom,1,2009-02-28,2009-02-28
f197fb72acd7e9ba6d3dd660c139a418,Ronald Lee 3,United States,4,2012-04-24,2012-04-24
c1e6a8f170462abaa1b12467092257fe,Ronald Walker 15,United Kingdom,1,2009-12-20,2009-12-20
2ae2f21538fb6be25c593948a6c2e1b0,Sharon Martinez 15,New Zealand,1,2015-09-20,2015-09-20
4a90173556b20b2851509787763c4de8,Ashley Thompson 23,Brazil,1,2015-02-09,2015-02-09
f0903602a9151b5175fa7c8c26567ff6,Christopher Gonzalez 30,United States,1,2014-08-05,2014-08-05
c6a9738f4c26ef34309415b3211b343c,Daniel Brown 13,United Kingdom,1,2017-11-13,2017-11-13
6541580b5a836fde8de63c870fe2dc66,Daniel Rivera 5,United Kingdom,2,2015-11-15,2015-11-16
8ab7163a04b9ff4df08cb3b12632672e,Ingrid Garcia 30,United States,1,2016-11-19,2016-11-19
0445fce9397eb088429889720dd88ec8,James Chen 15,United States,1,2011-02-14,2011-02-14
7781cd7b2cda260de9716185a31c41c7,Kenneth Roberts 7,Indonesia,2,2015-03-22,2015-03-22
571f8068655763323bea56591c2ab869,Kevin Brown 19,United States,1,2015-02-22,2015-02-22
8a63acc8d4dc9c526b20fb69821bf556,Kevin Perez 25,Canada,1,2017-02-11,2017-02-11
f91368ad308823262b380480afc2611e,Lars Rodriguez 12,United States,3,2013-11-22,2013-11-22
e8d50ac61d9e4237ac10bbabfd781974,Lisa Martinez 26,Mexico,1,2023-05-28,2023-05-28
a7fb393cd17df1f4abf639318f4ef893,Mark Davis 7,South Africa,1,2014-08-05,2014-08-05
00b77e7d4e8e541f403c5858fc36bdf1,Sharon Ivanov 24,South Africa,2,2019-06-14,2022-05-08
c385cb04f48fe077c8c2b7f5ace61871,Brian Lee 29,Australia,1,2013-07-07,2013-07-07
1d8a7bda846fdbafed56835c82c74da9,Christopher Adams 17,United Kingdom,1,2019-01-11,2019-01-11
5d3704c78ec9b143993724c94d86d0d9,Diego Petrov 18,United States,1,2014-08-05,2014-08-05
8e93d9bfab6a97be9ac8bcad9d532d35,Emily Patel 24,Australia,2,2013-08-14,2013-08-14
ec7485ef2c82c225e3589e97ceb642e8,Eric Young 17,Germany,1,2015-01-27,2015-01-27
74f093ab4e2bc6597aa85465e77608a1,George Allen,United Kingdom,1,2014-08-04,2014-08-04
169b4f0c094135bc6d3c37d0fc26f729,Helen Costa 2,United Kingdom,1,2018-03-20,2018-03-20
0d24bdfa7fb35c3c4c0742e9621bb4e5,Helen Johnson 13,Finland,1,2019-09-24,2019-09-24
92881f171b37bb789ae6af11e3c34d07,Jennifer Martinez 10,Australia,2,2023-03-21,2023-03-21
e5ede962743508fe367e965e219ff816,Kevin Wilson 11,Canada,1,2018-05-01,2018-05-01
a2122f14bb8244f28b7493ecf002d9b0,Priya Martinez 6,Australia,1,2013-05-29,2013-05-29
a6ad32152397aef98bad1ba0f675f8ff,Susan Green 9,United Kingdom,1,2009-05-29,2009-05-29
51ebf1ca2b76a044cfda96ef7dd56bc3,Carol Mitchell 31,United States,1,2017-07-22,2017-07-22
f8801230f367f47aa2e049b64268ac6f,Charles Brown 6,United Kingdom,1,2016-03-23,2016-03-23
54337dbfe3251ec624644a554c4e886f,Emily Jones 8,Australia,1,2016-12-11,2016-12-11
635b52a67f9131079598d0cc3cf0f8e6,Jason Campbell 19,United States,1,2018-11-27,2018-11-27
cb9b7e538d903bfb7f39639b84a085ed,Linda Nelson 14,United States,1,2016-01-19,2016-01-19
4c9704564f06b1e654503b251bbac011,Matthew Rossi 22,United Kingdom,1,2009-11-10,2009-11-10
dfee1ce57cfe18673f4da06d8a5245d3,Priya Lee 26,United Kingdom,1,2010-06-30,2010-06-30
8329f0cdfbf616580f668b07880884a6,Sandra Jackson 26,Australia,1,2017-07-28,2017-07-28
37d52856b27d64678d437740f9d92cdb,Sofia Scott 2,Switzerland,1,2011-07-31,2011-07-31
de8d0220779b9f7778642f97487797f3,Stephen Schmidt 25,China,1,2019-01-02,2019-01-02
87a3a44ad89c7217ae94943b31cc41d2,Thomas Carter 8,South Africa,1,2015-03-29,2015-03-29
de35eeb29a9291de8aef6d0e63df00be,Brian Andersson 26,United Kingdom,2,2014-08-30,2014-08-30
4912c3741fe90ece823a8a3c488e2934,David Thomas 21,Germany,1,2017-03-03,2017-03-03
ad5fc7e0665fce207e42d7009c08ceb6,Ingrid Smith 13,United Kingdom,1,2009-11-10,2009-11-10
2a06501d278ffe64e297002a691ee3df,Michael Jackson 29,United Kingdom,1,2010-02-01,2010-02-01
0dcc23bfc4ab1a5f02be5a2202a24256,Priya Kim,United Kingdom,1,2010-07-07,2010-07-07
4033043f1ebcf1a74fc434c0aab85f39,Susan Lee 30,Denmark,1,2015-01-27,2015-01-27
371c2d6a71238cfb8c78fcebfa11aa72,Andrew Chen 11,Australia,1,2014-04-14,2014-04-14
6590fbb5b40a0dd73d35231208edde7b,Anthony Brown 16,New Zealand,1,2011-01-26,2011-01-26
d5cd0215b86ea23263d2bfec3b2fd840,Hassan Sanchez 9,United Kingdom,1,2015-04-02,2015-04-02
685fe6d41787e02f00d046a24d17ce1d,Henrik Petrov 4,United States,1,2023-02-09,2023-02-09
dcd7748bc0495f07c91ef61c443e11fe,James Flores 3,United Kingdom,1,2013-03-08,2013-03-08
c6675bd18850626fd61c5234e7806ff1,Jason Wright 4,United Kingdom,1,2013-02-14,2013-02-14
444cf244599a925c7b542d5f2daf6eac,Kenneth Jones,Denmark,1,2015-07-05,2015-07-05
b3bb5f0f52393ebfc8ced99f04dd4353,Michael Rodriguez 19,Austria,1,2016-11-14,2016-11-14
c725f91b0ba64b7f9d6ff98540a3dc80,Priya Costa 29,Hong Kong,1,2014-03-11,2014-03-11
54bfd0845407e744f8a15846af498ea9,Charles Petrov 10,Brunei,1,2014-07-14,2014-07-14
9f730344137c1573c9d5855dfc9ebbe8,Edward Hernandez 28,United Kingdom,1,2011-06-30,2011-06-30
60fe12f92710cd11e496a33212dfc163,Henrik Clark 2,Sweden,1,2019-07-12,2019-07-12
473b248fa22dd0c4190917281ac46a8d,Joshua Anderson 4,United Kingdom,1,2009-10-14,2009-10-14
75e5925778838da2a3d01dc62aea2f4b,Linda Lewis 25,Switzerland,2,2012-01-23,2014-04-14
615d6931aa4bf5cc8ec47a7aa809896e,Matthew Nguyen 18,United Kingdom,1,2023-10-01,2023-10-01
e382347690d2f75cc78e25a2c7c0b53d,Michael Patel 11,United Kingdom,1,2022-08-03,2022-08-03
fec77b159a952e30f4ddcdd2d796057d,Thomas Andersson 21,Qatar,1,2017-10-06,2017-10-06
4e643fccac4d8cd068266d69c08460bd,Anthony Kowalski 13,Australia,1,2014-10-04,2014-10-04
3d2146213a3e7f168cf4caf75ea48a05,Carol Rossi 23,Hong Kong,1,2016-03-21,2016-03-21
5c74fe923c9de707296a3173818a7031,Christopher Ivanov 19,Austria,1,2013-01-10,2013-01-10
882f6acac7f7f4606b3027171fc5f773,David Kowalski 24,Vietnam,1,2024-10-19,2024-10-19
9c8bd59c6a90b49fcef6e1a6c8300ffc,George Williams 28,Spain,1,2022-03-30,2022-03-30
a9b8e3445836025840576c2c7bd6f8a0,Jennifer Scott 29,Germany,1,2021-09-16,2021-09-16
8edcf1113efd5f4727fbec77996ce5bc,John Hill 5,United Kingdom,1,2014-01-29,2014-01-29
ead07abdb0a85828ecf0116365d11f1e,Nancy Campbell 14,United Kingdom,1,2010-09-08,2010-09-08
6faaa7c3b49c3efd58eaee3702cfeff4,Patricia Taylor 8,Australia,1,2013-02-14,2013-02-14
98859eedbb18de636f6dd0f9901e64d4,Sandra Jones 14,United Kingdom,2,2016-02-20,2016-02-21
64ac7c37ec33d40ce7ad3790bd533bfe,Sofia Sanchez 15,United Kingdom,1,2010-05-01,2010-05-01
11dc9b443d22d14b986390cba7e85783,Steven Kowalski 8,Canada,1,2018-03-07,2018-03-07
d5f1dafdab327e451c4b089855f609b9,Brian Ivanov,United Kingdom,1,2016-02-06,2016-02-06
80fe7474d257bd6c731288b44008da33,Donna Martinez 6,Italy,1,2015-07-26,2015-07-26
d6b84e04f9c541d54e165f2114f09c3f,Elena Robinson 7,Australia,1,2014-02-07,2014-02-07
4cdd7a7c3e19f8f67b4d6c2ad97d98d1,Ingrid Sanchez 25,Australia,1,2016-06-04,2016-06-04
2706299ac66ee60e6db1260a7c2bcc56,John Allen 9,United States,1,2014-01-17,2014-01-17
0ebe2e166f9c949c9cf09bf56539d95a,Laura Patel 16,United Kingdom,1,2016-07-23,2016-07-23
e32f9790cd7fb2136aca1782ad46e143,Linda Garcia 13,United Kingdom,1,2022-06-25,2022-06-25
b821921ea89a9b4c79695a39989fb10b,Mark Costa 21,South Africa,1,2023-09-18,2023-09-18
a160ae08e91b31e80c18f2486c73de23,Omar Hall 31,China,1,2015-05-10,2015-05-10
b2c2141c28b4fd3630ae4fc4a3de0305,Patricia Chen 5,Australia,1,2013-04-24,2013-04-24
a039c20b31cc058998264629f63e38f6,Priya Lewis 25,United Kingdom,2,2015-12-29,2015-12-29
c557a8992c2a7b6ebc52dc3323c0cec7,Sandra Scott 30,Russian Federation,1,2019-01-21,2019-01-21
822808b523b9fc42fe2a61e28c0321e9,Stephen Young 19,United Kingdom,1,2014-11-06,2014-11-06
b6676c802b2898c70c4e8049a399265c,Yuki Hernandez 20,United Kingdom,1,2009-06-08,2009-06-08
527ba21746e8576ec9834c5cc0e4df4d,Yuki Hernandez 3,United States,1,2014-05-01,2014-05-01
df7b6a0759c4f1f49b619a0a273ffc2a,Yuki Mitchell 11,Malawi,1,2019-12-03,2019-12-03
a04d261475b32be50b682009f76fa1c5,Aisha Taylor 12,Qatar,1,2022-03-30,2022-03-30
3f0b8b05ca7cb453c358fc7a6eea8e17,Charles Taylor 25,China,2,2015-07-14,2015-07-14
d801faa8721615aee5fc12da5348233e,Helen Allen 18,Australia,1,2015-08-16,2015-08-16
3a781b0456f28d7fb05e07f6f53a7394,Helen Lopez,United States,1,2014-05-12,2014-05-12
16f14fb0cedf9d97384b454f6a75891e,Kevin Green 17,Switzerland,1,2014-11-19,2014-11-19
7faf81280dbd35bdb38f9fc6682cc44f,Mary Nguyen 24,Spain,1,2023-04-20,2023-04-20
ddf067bb9a7e4456f505c9947455ada5,Sofia Carter 13,United States,1,2015-01-30,2015-01-30
3a74fd9ab564af2d6b037a180c031cc4,Thomas Smith 18,New Zealand,1,2012-01-23,2012-01-23
1c237398dafe602249746c20102e07ec,Edward Miller 13,Hong Kong,1,2018-02-22,2018-02-22
2bbb400498090ee5a1c5530d76fae153,Eric Martin 6,France,1,2016-09-28,2016-09-28
d3a95f014fadf201497452ea0675a929,James Singh 21,United Arab Emirates,1,2012-09-27,2012-09-27
1709a7cb8027c31872b7b41730c37d79,Kenneth Wilson 30,United Kingdom,1,2010-02-13,2010-02-13
92e449ff665c885e48cc0d16d2f65fab,Mary Garcia 24,Sweden,1,2011-11-28,2011-11-28
b627476016af468b77ad95f387520330,Omar Lewis 28,United Kingdom,1,2015-03-01,2015-03-01
cccd64ecf6060de5a9229560c5289f7c,Mark Walker 15,New Zealand,1,2016-03-27,2016-03-27
a9b2460ba146dafc667a227243948101,Matthew Campbell 27,United States,1,2015-06-17,2015-06-17
542ce624f198caa6a0b1fdc9c6f5ca12,Priya Taylor 8,Australia,1,2013-02-18,2013-02-18
457449aa8a06e5485445df9c9f140485,Raj Adams 27,Switzerland,1,2018-09-20,2018-09-20
60cdbbf20e92fb99286248c14dea877f,Rebecca Mueller,Australia,1,2016-11-09,2016-11-09
d43887607a80fd8ea9eea30a8ed39877,Sandra Clark 22,Japan,1,2013-07-20,2013-07-20
0a9262dbb43c295494a23202db0adb7b,Yuki Petrov 8,India,1,2019-02-25,2019-02-25
16a805a964a83ffb844e5a1fb1aecea9,Amanda Scott 6,United Kingdom,1,2017-04-17,2017-04-17
13ab4623d0ba2c18d9a2b6219cb1ee2d,Anna Schmidt 23,France,1,2019-07-08,2019-07-08
44cab1703dab254a4fc7fde0ef3787ea,Emily Haddad 26,Australia,1,2014-01-17,2014-01-17
3976f4eef9837711982999d83ed150a4,Ingrid Mueller 30,Germany,7,2015-10-08,2016-11-18
c454ae2d6d80c04ea1553fb85bf4fc7e,Jennifer Moore 8,Indonesia,1,2022-09-23,2022-09-23
ebd68872ccaa5be652e9d394d71f82c6,Jennifer White 19,Australia,1,2017-12-01,2017-12-01
ea0acd8ab60d486b7f7a1f8842841ac1,John Torres 28,United Kingdom,3,2017-10-26,2024-04-04
c0fe0a7be44a0e3c508d0c338474bebe,Kathleen Clark 8,United Kingdom,3,2015-08-14,2015-08-14
e2c34713a5520463d004c7811267c9b1,Matthew Harris 24,Australia,1,2013-02-28,2013-02-28
dc65866555ff68dd2bdadf979b8d980c,Priya Kim 21,Switzerland,1,2016-01-31,2016-01-31
bd29e33bfdf9a6a3d0adb1617fb980cf,Rebecca Carter 9,United Kingdom,5,2016-01-05,2016-01-09
7b05dbd24db3f90b17ad1637353d0e52,Sarah Rossi 25,Australia,1,2011-10-21,2011-10-21
82cc89c83bfe3322e838099789f43cc1,Sarah Walker 11,United Kingdom,6,2008-01-21,2018-01-28
8be972de36104c422b1b3c2141cf867e,Steven Okafor 18,Australia,9,2012-01-25,2016-03-13
365351cd03ee40a7980b129c3fb548cb,Andrew Kowalski 17,Vietnam,5,2024-08-19,2025-09-18
faddfcfb5e2bf77cf78ecfc4e2d8e988,Anna Walker 13,Australia,4,2010-12-22,2012-06-05
91a9b48835760b82e8093246ac81db33,George Flores 14,United Kingdom,3,2015-01-02,2016-04-15
d40ac2c9b8bb35d6567f7bd1749f1666,Lars Garcia 11,United Kingdom,1,2014-05-28,2014-05-28
05ef5785861a01bc4d3e74080a6262d6,Lisa Kowalski 24,Romania,1,2017-04-18,2017-04-18
85802dce9513cd7be641b3b83d11eac2,Matthew Martinez 16,Singapore,3,2014-03-03,2014-03-11
a3be5b6bbeef228227917a00d53d46af,Nancy Hill 7,Australia,1,2019-02-04,2019-02-04
db1c034341db41285bce772d7dcb510d,Patricia Johnson 9,China,3,2016-01-25,2016-01-31
b5698f2e857fca3fc603f296e3ea7d57,Patricia Lee 30,Canada,2,2012-05-01,2012-05-01
027da27e7439dbffe4e9bc30085840b4,Priya Moore 26,United Arab Emirates,1,2016-12-04,2016-12-04
8381c6a0cb5950fb65b881bfb0a09e90,Sharon Young 28,United States,7,2015-09-24,2016-12-28
82792bf3ff6b2c0574b531e80aa5cec6,Steven Adams 3,Australia,3,2012-08-31,2013-02-18
825675725f2bfba9782bc34fcd943488,Steven Patel 3,Netherlands,2,2015-01-02,2015-01-02
135eaf7e78b828c71248d6090b9ef227,Amanda Garcia 26,Sweden,1,2019-07-12,2019-07-12
908b2dce8aa0f852258bb1c1b3805f3e,Cynthia Carter 17,United Kingdom,1,2010-02-01,2010-02-01
6af89bdc8595fc836c126881adc0523b,Diego Smith 27,Qatar,1,2019-12-31,2019-12-31
cf7f40ca322a616c381b1bcb68c650ef,Fatima Carter 13,Australia,2,2013-07-31,2013-12-23
e5c9d3a1c08820a86bbf0a2ff58b2b7a,Hassan Patel,France,4,2013-07-31,2013-07-31
6fa2b60f7018ee7848e00d4a34ccfcdb,Mark Wilson 28,Ireland,1,2013-11-15,2013-11-15
39f87e135e87ac376f49ab0dd0402716,Mary Mitchell 28,Ireland,11,2015-02-05,2022-10-25
5d5d02dd92b4f516f2de3215803fae30,Melissa Carter 7,Indonesia,3,2017-09-16,2017-09-19
2457894e7a45e3eae14bc328c4f7b233,Melissa Singh,Argentina,1,2017-02-22,2017-02-22
62c00dd4a2251023ec29174bf70c4acd,Patricia Scott,United Kingdom,1,2008-08-28,2008-08-28
c29376361f8116a6652964fd46d4fe49,Priya Singh 7,United Kingdom,1,2011-10-22,2011-10-22
e5fd9797bcf31d8cf19161b1ee913467,Priya Williams,Hong Kong,1,2012-10-29,2012-10-29
f37552d11e81162c270db26727bbf88b,Rebecca Taylor 8,United Kingdom,6,2015-11-15,2019-12-07
6c53e594754a2ec523eb01cd3d9666ca,Ronald Martinez 29,Thailand,3,2022-09-05,2022-09-05
87dda8177de4d744336f6d1dd9de10ec,Ronald Williams 4,Japan,8,2011-05-01,2017-03-05
098ae867d8ba4eb212e9df5771f37649,Sarah Flores 24,Australia,6,2016-03-06,2016-03-30
7aab4c001a3c689852d1404e2a004283,Anthony Rossi 18,United Kingdom,1,2015-01-02,2015-01-02
74e3cfe234cd9595534063bf5e2d5b3d,Diego Roberts 30,India,1,2013-07-07,2013-07-07
0ee7dd413e073369d42d3f1a27b6f87e,Edward Young 27,United Kingdom,6,2012-05-21,2015-05-29
27898f96ecae373840b478c35a2f8851,Emily Mitchell 7,United States,1,2012-01-25,2012-01-25
59fc813e0c66694c50b6f4de380b446d,George Rodriguez 23,New Zealand,1,2015-04-02,2015-04-02
1966725af78407593884d5cb27ee52ec,Hassan Lee,Australia,1,2015-09-01,2015-09-01
f839a1131ed80ffb183f1db36f0ffd97,Jason Andersson 7,Finland,2,2013-05-29,2017-06-19
0320d4f93f9238c99339af2174a1142b,Jason Hernandez 20,Australia,1,2016-07-19,2016-07-19
e1d96d210e8e7c0286d20380292bf739,Jennifer Singh 6,Australia,1,2013-02-07,2013-02-07
f805a3a48a660030c84df628a0ed5826,John Roberts 21,United States,1,2019-07-09,2019-07-09
1d1efa4349aa178e4dcb816054ebd59a,Melissa Allen 6,Germany,2,2013-02-07,2013-02-07
a804bab0c540e680fb281dd95b23abda,Rebecca Green 25,United Kingdom,1,2007-02-13,2007-02-13
b0e85374f747a0454c312cc480f490df,Ronald Garcia 10,United Kingdom,2,2015-11-01,2015-11-02
3cb0140b0f4640432d0fedb1ab54aebb,Stephen Patel 13,Australia,2,2011-10-21,2011-10-21
b6d3e30773351c146594d8c674bb8fd3,Thomas Haddad 23,United Kingdom,2,2015-10-02,2015-10-03
12d0643d6f23597d2de8ec6fce7820b4,Thomas Nelson 15,Canada,1,2015-01-27,2015-01-27
e1b04386fbfcbdc991785b58ba5623cd,Amanda Baker 8,Canada,1,2011-10-21,2011-10-21
049f690b6ccf2fabcef080d3d85aca17,Amanda Miller 24,Germany,1,2015-08-07,2015-08-07
a31f3766c2f5aa0570bb44c71b1ce90d,Anna Jones 7,Qatar,1,2017-03-15,2017-03-15
7e10836f04729ae72d53e338e20617c6,Anthony Smith 27,United States,2,2014-01-29,2015-03-22
fdaa5506b9f09d25715900b887d514a1,Ashley Nelson 16,United Kingdom,4,2010-11-20,2010-11-20
a0e5e589ff15418658ada6fe51594c66,Ashley Schmidt 25,United Kingdom,1,2009-01-09,2009-01-09
55e0ef2acae46897cc883d3da2819bbc,Cynthia Jackson 20,United Kingdom,1,2010-08-04,2010-08-04
37c6d18f88b8e01ae7193d54d5f1aea8,Daniel Jones 15,Australia,1,2014-01-17,2014-01-17
1e583010da57c5c8c7ad0d39f512a546,Eric Mitchell 8,Australia,1,2014-08-06,2014-08-06
78e2d39a6fa23b03ee8fa08eb3bf25de,Henrik Garcia 29,Australia,1,2014-11-19,2014-11-19
1750827fb8b89d0543835d9256d47edb,Mary Anderson 13,Belgium,2,2013-03-08,2016-01-07
a70709c273619baa4ee259ea1860d817,Melissa Allen 19,Tunisia,1,2016-07-09,2016-07-09
8f761bfe1ca19a2601d50a7324fdecbe,Michelle Young 26,Russian Federation,1,2017-12-16,2017-12-16
b22c871e476e03e807a689f2cce13ffc,Nancy Thomas 10,Australia,1,2011-05-01,2011-05-01
04597f6cb443ee52d25bfe504062eac2,Omar Taylor 2,Australia,2,2016-07-17,2016-07-17
e4d96504eff36ae27cb7e003aa05f896,Omar White 22,United Kingdom,1,2008-10-30,2008-10-30
aa5ca1732858607b1ac35f0267d5f1ca,Omar Wright 2,Canada,1,2016-10-04,2016-10-04
e9306351e0c738e3cb5ca67506b99073,Patricia Wright 26,Saudi Arabia,1,2019-06-21,2019-06-21
e2e934a504f6189643b71521d3c0ef4f,Steven Ivanov 5,Singapore,1,2014-05-01,2014-05-01
deea0b17705676a5216bca74dbfacf57,Andrew Kowalski 17,Australia,6,2017-05-28,2018-07-27
183e4951846f921bcaa34954dbbffbf2,Emily Haddad 6,Netherlands,1,2015-12-13,2015-12-13
87eeef1b8af48f2c7822bdd8d6734031,Eric Miller 28,Switzerland,1,2016-09-26,2016-09-26
2343cb6a875fc0c2f5d0e6e37c932c09,Henrik Green 8,Netherlands,1,2016-02-11,2016-02-11
d86cd02cd4bf800c9b3f715a0fae186c,Henrik Petrov 4,Thailand,1,2018-10-05,2018-10-05
6545e40e6bffe1045400e6813f851848,Joshua Lopez 22,Australia,1,2014-10-04,2014-10-04
1d1bba0515b574eff92c41d0b012db9f,Kimberly Lee 20,United Kingdom,8,2011-11-28,2014-01-13
db6d4947c1739a0d941cefe103d386b5,Linda Schmidt 23,Belgium,1,2017-02-06,2017-02-06
10c7c812a7e85acc74bf5af3fd9cc1ff,Matthew Garcia,United Kingdom,1,2017-06-10,2017-06-10
58c96002f5983009dfa4827132184675,Omar Wright 6,Australia,1,2012-12-13,2012-12-13
6f7767854810305e5fcdc74aac0ff933,Rebecca Lewis 7,Sweden,3,2018-08-28,2018-08-29
da67a6abd28a7a9569f66c78879702ca,Rebecca Perez 23,United Kingdom,2,2008-11-17,2008-11-17
d91fc851098e6cf52bab46f8d167d42a,Ronald Moore 7,Australia,1,2014-05-01,2014-05-01
ced4f448041860b5189f167fce9b79ef,Sofia Green 29,Saudi Arabia,1,2016-11-13,2016-11-13
43f5b15df2a1125f6b6d2812a1781d41,Sofia Ivanov 20,New Zealand,1,2018-11-12,2018-11-12
563dadce7ceae4ddd5d0ab1bbfb0f779,Yuki Jones 25,Canada,1,2017-01-12,2017-01-12
28c47e2fbd1120721c5a2a5215ee6846,Christopher Haddad 19,Papua New Guinea,1,2015-10-25,2015-10-25
07c5747e89d15146799547bedeba9b02,Kenneth Mitchell 7,United Kingdom,1,2015-09-14,2015-09-14
8073aa19e85b3b709001b60152e57e1c,Laura Perez 24,Thailand,2,2016-04-19,2018-10-11
ce61daf9f00c13825ee46ae2d7197f1d,Mary Harris 20,United Kingdom,1,2016-11-21,2016-11-21
2c4bc33daa1c73c694ac55473578e23a,Michael Mitchell 18,United Kingdom,1,2015-05-29,2015-05-29
351997e0cb06686deafe715a0ce3a8ef,Paul Lopez 9,United Kingdom,1,2018-05-23,2018-05-23
45ab6ecc19757d21e7135999b674a162,Sarah Williams 31,China,1,2015-08-16,2015-08-16
6cc46771cde34fea7091fe2093ab101c,Stephen Costa 16,United Kingdom,1,2017-10-07,2017-10-07
139bcff134c756365b9afb42a0cec2d3,Fatima Wright 26,Australia,2,2013-05-29,2013-05-29
83b52445f7b92f4e55b42105ac16ddfb,Henrik Roberts 24,United Kingdom,1,2019-03-28,2019-03-28
fb6446bfab8709ec97ee9cd59776822b,Joshua Wilson 28,Belgium,1,2016-07-19,2016-07-19
0ffbbd6cfd6c7b5a1c6b940e81ece9e7,Kathleen Lewis 13,Germany,3,2014-11-19,2014-11-19
3ae0730763d18e348a8a3e465b5d6c56,Kathleen Thompson 22,Canada,1,2012-09-27,2012-09-27
2163914c1249b191b0f17ebfdff8585f,Patricia Petrov 23,United States,1,2013-04-28,2013-04-28
b376746764eeddf7824efecbf67d25dd,Sandra Allen 27,United States,1,2013-10-06,2013-10-06
c2cd1c10b2b435d6d04e9f578a75fdcf,Sarah Patel 28,Chile,1,2015-11-25,2015-11-25
5014d02e8ccb9a78543e5f5d5081b49a,Yuki Williams 5,Brunei,1,2019-01-09,2019-01-09
c6e7d727aadd3a1ac8725080e290b038,Anthony Jackson 19,Iran,1,2018-08-31,2018-08-31
1440b84d795d704325def8d6c886145d,Diego Mitchell 24,United States,1,2011-10-21,2011-10-21
ba6682b581d79022a69b19a0fb56afee,Elena Campbell 15,United Arab Emirates,1,2017-05-30,2017-05-30
c2c519b4d2014517e3631f8b8bbecb08,Fatima Petrov 19,France,1,2014-05-12,2014-05-12
8979532b7297eb32c1b1c35226714173,Henrik Andersson 18,United States,1,2021-08-30,2021-08-30
2123407ffc49b25d25fdf28fa407b8ca,Kevin Hill 10,United Kingdom,1,2014-02-20,2014-02-20
9cb83f6700546c7f0efdf783a961e344,Lars Rivera 19,United States,1,2022-07-15,2022-07-15
e74013595cb2511e94a08a50be3f87e7,Mark Campbell 24,United Kingdom,1,2016-08-29,2016-08-29
bce1ce7a385d8ff3efb2be0c3bd7c5e3,Mei Jones 27,United Kingdom,2,2009-08-31,2010-08-13
9b1324a30f17b5cf1bb0c7814396d617,Michael Rivera 26,Philippines,1,2019-04-14,2019-04-14
dc37607419841afbc357b7c978e2e26a,Robert Lopez 3,United States,1,2013-05-29,2013-05-29
19f2c8620e8639f191b8edd42bfafb17,Steven Thomas 5,United States,1,2019-12-29,2019-12-29
4a0c056351c2f4429c61ce829d032b75,Amanda Williams 5,United Kingdom,1,2022-09-12,2022-09-12
8fb7074ef42473e5355ffe272df059c3,Hassan Williams 9,New Zealand,1,2023-05-11,2023-05-11
5ad4ca37c9d18af4d05bf17c729d5fb3,Helen Anderson 4,United Kingdom,2,2012-12-23,2012-12-23
8ed3385d3ac08465fb5f4cccbbb6b018,Jason Ramirez 11,Bahamas,1,2013-01-11,2013-01-11
2661bb0dca3766fdcb23d50ca353509f,Jennifer Schmidt 13,United States,3,2015-11-06,2015-11-15
a94bd995e25d4f6473a92e47a3c95595,Kenneth Martin 24,United Kingdom,1,2008-01-24,2008-01-24
8dcfbe52e1a5fbfd417bcdb3025605e8,Michael Gonzalez 9,Russian Federation,1,2018-11-16,2018-11-16
2543c348ab4a6c87f8c5512ff26c9fa7,Raj Mitchell 13,United Kingdom,1,2009-02-07,2009-02-07
431c684c028cdc7fb4343cf3cbf19f12,Thomas Rossi 31,United Kingdom,1,2009-08-30,2009-08-30
d6404c6e748221e17c9280fbe4d99b24,Ashley Roberts 10,United Kingdom,1,2013-07-31,2013-07-31
fc3b8a260e0f5edc3f5bb89de31589aa,Carlos Okafor 15,Canada,1,2015-03-22,2015-03-22
d0b7cff743ae4e2f344e076a8b1b444a,Cynthia Brown 7,United Kingdom,1,2006-10-14,2006-10-14
c4b1713e2cb3b3d3ef3ca0057b7df051,Diego Mueller 5,New Zealand,1,2023-07-08,2023-07-08
1720a5c4610baf0c7cdca70d099460d3,George Hill 3,India,1,2014-11-06,2014-11-06
6a56ebfe694c585eab05be7e97084d99,Henrik Okafor 18,United States,1,2013-01-24,2013-01-24
effa64c713512c59f18c056ba71ef0a1,Jason Flores 23,United States,1,2019-04-15,2019-04-15
e3e25fc1fa76fba165e39796ec28761f,Lars Flores 27,Australia,1,2011-07-31,2011-07-31
1a6ec8fad7022b3d36b2deca88c71366,Lisa Walker 15,Guam,1,2016-06-04,2016-06-04
07853f72f919c0b9803432ad05b39bd6,Paul Rossi 23,Brazil,1,2022-05-22,2022-05-22
39e2aab4c5b5543113aed7d050cb61ce,Ronald Tanaka 12,Australia,1,2016-10-23,2016-10-23
d62f18cab4afb098ac7bbe40654f1dcf,Sarah Andersson 25,United States,1,2019-06-05,2019-06-05
64ddb87f3759a78ca4db73ecddf7f90b,Stephen Lewis 31,Germany,1,2023-10-29,2023-10-29
831002342e3765f842a057b3fdc7ad91,Steven Mueller 26,Japan,1,2019-08-31,2019-08-31
cb67f06894c2124e6b25c55879d46422,Wei White 8,United Kingdom,1,2017-06-18,2017-06-18
b18bf54d6e147902632c460ac178cdae,Christopher Ramirez 11,United Kingdom,1,2010-06-22,2010-06-22
c1559839d37a3b8f22db8dd1c8e3d0c3,Daniel Wilson 19,United States,1,2012-09-10,2012-09-10
8fff3805a7127aaea3afa79ad30bf2d9,Donna Thompson 23,United Kingdom,1,2009-08-29,2009-08-29
475c95054ec3a1c263621d66f7bcd7e4,Elena Gonzalez 10,Mexico,1,2018-02-23,2018-02-23
61e0aed7ac0a2222c019d482d2345c3a,Emily Davis 11,Sweden,1,2013-03-08,2013-03-08
1818669973a87987e2af638cf7cbf1ed,Eric Robinson 19,France,1,2018-02-05,2018-02-05
1090c4d4872b93417a4eeca3212ee38e,Ingrid Andersson 15,Australia,1,2011-11-28,2011-11-28
8aeabeabc7db60046edbfae149b4b1f5,Jason Hill 7,United Arab Emirates,1,2016-07-03,2016-07-03
76d8ff9c3b36fc93dfc98d4d011c1d6a,Kathleen Clark 27,Canada,1,2019-01-11,2019-01-11
3bd97407cc9c46f9afb5c6eb23c0b717,Mary Smith 14,United States,1,2015-01-27,2015-01-27
421c11dd70e3a9f1a78684ae662454c5,Michelle Hall 25,United Kingdom,1,2010-01-12,2010-01-12
833ee3598cc85f265d1c649064b9aa0c,Patricia Jackson 23,United States,1,2015-09-14,2015-09-14
e500306b7e1402483e56f18a37a6e3c0,Priya Nelson 19,United Kingdom,1,2023-10-05,2023-10-05
b591980f86ab2dc18e3254308e439ea3,Robert Baker 21,Ireland,1,2016-07-09,2016-07-09
18751650d20bcf6c8a2988ad0ae40233,Anna Haddad 13,United Arab Emirates,1,2012-08-05,2012-08-05
d1d5b6fc13db3f44715538c4be3d35dd,Daniel Rivera 25,United States,1,2016-03-12,2016-03-12
c11952e4b785d9f83a572febf900cc96,Ingrid Young 12,Norway,1,2014-05-12,2014-05-12
ca9efe0351ab912af905ce6a8547bb10,Jennifer Sanchez 30,South Africa,1,2013-01-24,2013-01-24
0894709ca1af3e4bac02744300a14d8b,Joshua Campbell 7,Switzerland,1,2015-05-09,2015-05-09
c0fd87424f098eb5c6cde9c2b030b5d3,Kimberly Garcia 12,Taiwan,1,2015-05-10,2015-05-10
9b50836e09290f1fe73483eab8258f04,Kimberly Gonzalez 13,United Kingdom,1,2015-05-30,2015-05-30
819d233f2be6382d3476ee8370738660,Kimberly Smith 19,United Kingdom,1,2012-10-04,2012-10-04
df0f26692249832191bd6b4ccad79e0a,Michelle White 16,Australia,1,2014-11-19,2014-11-19
83d1f7598d4540244cd09617d819bc4e,Rebecca Smith 27,United Kingdom,1,2017-10-18,2017-10-18
5dede8c2518a8f280baf2adfbbc503c0,Ronald Jackson 28,Australia,2,2011-05-01,2011-05-01
39367e36bfe16ff82d41fcdf560a6f9d,Amanda Ramirez 11,United Kingdom,1,2009-12-08,2009-12-08
9ed804e93ee854059ef9b281201fec98,Anthony Clark 5,Luxembourg,1,2017-02-06,2017-02-06
5416740843dedada4a56de7de1fa7419,Christopher Baker 18,United Kingdom,1,2013-04-16,2013-04-16
ad34dafa6fb929b7f909ba29ad87b270,Helen Miller 12,Portugal,1,2015-12-13,2015-12-13
7d6b26a92cc5381f112aa76ca1cfed07,Kimberly Schmidt 15,United Kingdom,1,2019-01-08,2019-01-08
4e75086e4539a316132f3e37757354b4,Mark Smith 13,United Kingdom,1,2018-02-21,2018-02-21
268d0c22c777fd87bea30f35c5721462,Rebecca Allen 13,Finland,1,2015-03-22,2015-03-22
662084600929a3cacef6e7802c0079d8,Sandra Wilson 18,United Kingdom,1,2019-10-13,2019-10-13
94348058f989e6c0dcedcabbef6a49b1,Yuki Tanaka 24,Australia,1,2016-01-23,2016-01-23
c1b2f7ea90d48f614cf9455c45466ae0,Amanda Mitchell 5,Cyprus,1,2017-09-17,2017-09-17
a71eb33fe05f0d65c089735c9073e4ef,Henrik Lopez 18,Ireland,1,2025-03-18,2025-03-18
1dab10d2473d747c47a90c76519dd48b,John Torres 12,Oman,1,2016-05-02,2016-05-02
88b556ce9989588edba77f1d81e02aab,Melissa Mitchell 23,Hong Kong,1,2016-07-27,2016-07-27
9109de8e4fe276b4b34fde38cbf41661,Michael Hill 7,United States,1,2015-03-22,2015-03-22
1a0ad8a8db8605e8956ff21f9a0e90b6,Patricia Andersson 15,United Kingdom,1,2010-08-28,2010-08-28
21b30c42155b9867423e45cdfe6101cf,Patricia Ramirez 24,Australia,1,2011-06-07,2011-06-07
c72412b8c8817ae079e2e210d3df9563,Yuki Nguyen 24,United Kingdom,1,2021-08-22,2021-08-22
d6c32c58de694a455bdad1739f78a632,Aisha Nguyen 28,United Kingdom,1,2007-10-10,2007-10-10
a0a791959659cc5f99966d48dc99bcef,Christopher Anderson 17,United Kingdom,1,2009-08-12,2009-08-12
50120ee2b0e3e5f3cf1b3588de6355f3,Donna Martinez 25,United Kingdom,1,2013-10-06,2013-10-06
179f46e47b81c10838868ec085180b29,Fatima Davis 16,Australia,1,2016-06-08,2016-06-08
e062d55e0f6a436685f9462ce6527614,Fatima Martinez 15,United Kingdom,1,2009-07-15,2009-07-15
44a21660fd9ae0e191cf749704293b4f,Helen Williams 15,United Kingdom,1,2009-07-16,2009-07-16
427ee765bda50a73268b8c6b3b86e2a9,Ingrid Ramirez 23,United Kingdom,1,2017-01-23,2017-01-23
705d7706a0c017aef6a336e4b2214542,John Brown 31,Australia,1,2016-05-15,2016-05-15
8582741a9b6061913d4b75889ac23098,Kimberly Green 6,Canada,1,2015-01-02,2015-01-02
200a9748a14d92d0f7aa54126bb81580,Patricia Wright 9,United States,1,2015-07-14,2015-07-14
361a2d78abdc03409165a89e0af52c2a,Raj Brown 24,United States,1,2017-09-23,2017-09-23
ffd8030eb38537f2d31786f679ccd8c1,Ronald Lee 23,Canada,1,2012-06-05,2012-06-05
eb9b2a230ca9d6150ac0a0dfff6ff817,Ronald Martin 26,United Kingdom,1,2013-04-16,2013-04-16
5b904f6f2b472e06fa6780e48245e067,Sarah Haddad,Canada,1,2012-12-13,2012-12-13
989d0a51afb196aa6431a795f923ce9c,Wei Brown 13,Malawi,1,2013-09-15,2013-09-15
da3b549fa85c0acfa5f842d57f3aba85,Aisha Williams 26,Australia,1,2017-03-26,2017-03-26
9c1c8a0fb0733c75a4cda5c14ffc1241,Amanda Okafor 3,Australia,1,2016-12-27,2016-12-27
627113cebf76933651ce6f9717ac2752,Anna Campbell 19,United Kingdom,2,2012-09-04,2012-09-04
01e5272f2f31ff169eb27f4888097a5e,Anna Martin 26,Ireland,2,2022-11-19,2022-11-19
0717a083fddfde0b23ce4e33753d84ca,Carlos Okafor 2,United States,2,2015-01-30,2015-01-30
cdcd3c0ce2a847ff5154bff285d9e382,Carol Schmidt 14,United States,1,2013-05-29,2013-05-29
7d61d4590112c0cfbe329d921ca691b1,David Petrov 23,Australia,1,2014-10-28,2014-10-28
48c047a91240fd95bf904f9bf58a0115,James Anderson 14,Canada,1,2018-08-21,2018-08-21
0774bb64f9b9ecb6cb5fead68469cb8d,James Campbell,Germany,3,2019-11-24,2019-11-25
57aab316edd8adf25c88313fa79fc8d3,James Tanaka 9,Canada,1,2016-03-10,2016-03-10
cff8eefb237e0035d94085dca6a7207c,Kenneth Mueller 15,Spain,7,2018-10-26,2019-02-24
38458267a3f89b0d210743ae5abb6b1c,Laura Lewis 6,Sweden,1,2021-02-20,2021-02-20
5597999cbeb74e174b6b5af76b317202,Lisa Kowalski 19,United States,33,2019-01-11,2026-06-09
09639b9d9cd9864f74d0a2a68378e7f8,Mark Petrov 9,United Kingdom,1,2014-11-19,2014-11-19
258e822d6dc093c2401e35b5ccebe340,Patricia Flores 4,Netherlands,1,2018-02-12,2018-02-12
b715913c1100dbcacf3ffddf1d62435a,Sandra Patel 18,Australia,1,2011-11-04,2011-11-04
35ec38750678ebc881c87197974f7d1c,Steven Baker 15,United Kingdom,1,2010-08-09,2010-08-09
50574f7e256b54f232a8cc430a45c962,Anthony Sanchez 17,United States,1,2021-12-08,2021-12-08
e41d68738eca03d3bb7007610039099d,Ashley Schmidt 17,United States,4,2018-11-18,2019-10-20
d8f8935c658119e03ffd356bd1a44a7d,Cynthia Carter 7,United Kingdom,11,2011-01-27,2016-12-27
a9b29a651f06335427433ffad1a2eb0d,Daniel Chen 28,United Kingdom,1,2008-06-28,2008-06-28
5587546dc8b95e417c3890249fb16591,Eric Thomas 7,Australia,1,2022-11-06,2022-11-06
d0e9219a943dd05d04849885c9ec8739,Henrik Perez 22,Australia,1,2013-07-07,2013-07-07
e5632eaa97682c04325604313c7539b9,John Jackson 20,Brazil,9,2012-12-23,2013-12-23
d6ab9e2df1dc73ad214e2bcb9225e6fe,John Thomas,United Kingdom,1,2017-08-23,2017-08-23
091e01484d129dee48a9e196bdc2146e,Karen Mueller 14,South Africa,1,2011-05-01,2011-05-01
cf6a842bce82a5f3039d588327aef27f,Kenneth Wilson 6,Australia,7,2011-09-14,2012-01-25
254b101537478111b31f69c3e103b253,Laura Ivanov 11,Brazil,1,2018-02-12,2018-02-12
ce6ae352039c0888d55f9b78a7289e06,Nancy Davis 5,United States,1,2012-01-23,2012-01-23
ecdcd840ddea5bdd63fe8fea65fbc3f6,Nancy Flores 10,Romania,2,2023-09-11,2023-09-11
074c1fdc8ee25aec51474cd314baf3ea,Rebecca Sanchez 15,New Zealand,1,2014-05-12,2014-05-12
8860a417b031087f336b74450c1db44c,Ronald Kowalski,Germany,3,2023-01-01,2023-05-13
a4387d431aef2379a13c0d33f6191fd7,Sandra Kim 4,Australia,1,2018-04-17,2018-04-17
124fecaae00d3cd31d554e9b171b0b39,Susan Chen,United Kingdom,2,2017-01-31,2017-01-31
89c65bdd1aa5af068fed39d6dd13db1d,Aisha Lewis 3,Australia,1,2019-02-04,2019-02-04
81336c93ec70a153b405c838272c4614,Ashley Thomas 22,United Kingdom,1,2013-09-15,2013-09-15
f4917ab348a70a4b23cb0e017d2e8ff6,Ashley Young 8,Belgium,6,2019-09-09,2024-03-14
ab3bda78e9af67b945f25e7dada36121,Charles Kim 22,Guatemala,2,2015-10-12,2015-10-12
c83ea0ee2641722f99c1354dd99dd3c6,Elena Lee 13,Germany,1,2013-07-07,2013-07-07
ac22d5c2bfb80dcbe7f161ab515ef4e4,Elena Perez 11,United States,1,2011-06-30,2011-06-30
e4684be465622aa954a1d4b24c94dbf7,Ingrid Martinez,Australia,12,2013-04-16,2017-09-22
9c80fc3b18e9e84f8395ea1afc4ee3b7,Kevin Okafor 22,United Kingdom,2,2015-03-22,2015-03-22
8207e28a41f72cb4ee15d1e976921e09,Kimberly Ramirez 13,Canada,2,2012-05-21,2012-05-21
ed7f086bdd91e34058e1a919f44ed616,Lisa Carter 9,Australia,1,2015-09-28,2015-09-28
6f60bacb134fb8020aab1e70f8940541,Mary Costa 16,United States,5,2013-03-20,2013-03-20
b8a4eb1f436c455c88fa15bf2a47796a,Mary Green 13,United Kingdom,1,2017-03-05,2017-03-05
fca2d64a09697613d2897ffec2597978,Mei Costa 8,United Kingdom,1,2010-05-01,2010-05-01
ee00c115e70a3fc2547cb7850c6c9907,Omar Williams 27,United Kingdom,3,2009-02-07,2012-05-08
714ba5fb59f6f105da19565618d16aed,Paul Chen 28,United States,3,2015-07-15,2020-11-06
6125f56729b3eb7283eecd98364f12c4,Priya Harris 24,Kenya,1,2012-08-05,2012-08-05
d413d0878257501c2255ea9cd31a5cc1,Robert Scott 9,Germany,1,2012-01-23,2012-01-23
566ad1de5204311979aba31b5204606b,Robert Thompson 25,United Kingdom,1,2010-08-28,2010-08-28
f2265fbb5292138a0bcbd4ef4592b4b6,Sarah Andersson 6,Singapore,2,2017-12-19,2017-12-19
5f79365dd669e873f02cbbcd7dfbc31d,Stephen Thompson 9,United Kingdom,2,2024-01-14,2024-03-04
f426c66d31ad9416996330048a0bb6f0,Susan Miller 13,United States,1,2013-07-07,2013-07-07
0460ed9e9ceb0783c60032d74f7ee491,Andrew Roberts 13,Canada,1,2011-10-17,2011-10-17
55788b18ec16192fc89a5259d9ae1ff2,Anna Chen 9,United States,2,2015-11-24,2015-11-24
ff4e26e4a3d4c524cb03d56a9d6409a8,Anthony Perez 18,United Kingdom,1,2012-09-17,2012-09-17
f327cd2864a7aa9ae1b86d969a10df0f,Ashley Robinson 27,United States,1,2017-12-23,2017-12-23
e4461440529a90e1ee34934d195875e2,Brian Petrov 7,Germany,1,2011-02-14,2011-02-14
2e4bb69c8c8a2a7bdbdcbe1a563a7b7e,David Robinson 12,United Kingdom,1,2017-07-22,2017-07-22
8d3d7ff6ffc4f4961a884e2bad109f08,Edward Lewis 12,United Kingdom,2,2014-07-19,2014-07-19
23ebb7ee7a059bf0266272038d4d274d,Fatima Wright 19,Russian Federation,1,2017-10-23,2017-10-23
d2419e58572208196cf08b93c1a6875a,George Smith 17,United Kingdom,1,2010-01-23,2010-01-23
5610062fd3e4fa982ccbcc29260c7333,Helen Costa 2,Singapore,5,2017-11-22,2018-01-28
ba9af676f35726f33f844cdf53e6224a,Mary Garcia 28,United States,1,2016-03-25,2016-03-25
e2ab25cd8577bda44798eb2fbdb7b18a,Mary Perez 3,United Kingdom,1,2016-03-15,2016-03-15
710232422f1f5c8c2a838faa14c15011,Matthew Rossi 9,Ireland,1,2014-06-04,2014-06-04
6c1f35df4afd3496eba245588f836238,Matthew Singh 23,United Kingdom,1,2010-06-14,2010-06-14
a193d0822b669975e083c62289805973,Melissa Martinez 22,United Kingdom,1,2007-11-03,2007-11-03
2aa71dbd37eb408cf9e0c63ed8d08887,Rebecca Tanaka 21,South Africa,1,2022-11-02,2022-11-02
e3542142fc13fc9bfac11056e00206b6,Andrew Nelson,United Arab Emirates,1,2014-08-05,2014-08-05
66d9afb1a9fa182cb009b26707dab521,Charles Rodriguez 6,United States,1,2018-09-30,2018-09-30
80c8b18f55bd8084c1eaca375dca6b5f,Daniel Flores 23,United States,1,2017-10-28,2017-10-28
5c299e1da0e3fd8c607038fbc27b851a,Fatima Tanaka 11,Israel,1,2011-05-01,2011-05-01
6c74dc85c5e321556c4139d032c298c7,John Martinez 28,Germany,2,2016-07-28,2018-02-16
8f86842f35d6261b9d052e65595843a1,Kenneth Anderson 6,United Kingdom,1,2009-07-13,2009-07-13
72cf129ae6499a7a80c2960accc68f06,Kenneth Kowalski 22,United Kingdom,1,2007-11-03,2007-11-03
c83fe09ebde6658ab97b48ec160e91f5,Nancy Hernandez 15,United States,1,2014-04-14,2014-04-14
11791885bbd8eb067e0e7b3f96f6dfaa,Priya Kowalski 7,Canada,1,2016-04-23,2016-04-23
1c33d2f663b65df49a7d3fd09e5edbfc,Ronald Robinson 30,Canada,1,2015-09-18,2015-09-18
8386d771dead0ddaeaa834bc0aa9e965,Amanda Brown 22,Australia,3,2015-06-17,2015-07-05
aeb8185a02d362b6102f2d601cd92c7e,Andrew Andersson 7,Australia,1,2012-09-17,2012-09-17
4cb54933e8895b647aa9d3a1308a3d8a,Brian Jackson 27,Netherlands,2,2015-08-01,2015-10-19
cd88da69fdec78432d26da00bf9dc9ba,Diego Mitchell 26,United Kingdom,1,2013-09-15,2013-09-15
343ac7e4d88159318e6fc09f79cc8a4f,Fatima Adams 10,Estonia,1,2015-07-18,2015-07-18
4cdd624ed12d8bce3ab4ece457126830,Hassan Jackson 4,Canada,1,2018-01-08,2018-01-08
100cdba2a76be609f6eeed5b86953cd2,Ingrid Baker 8,India,1,2015-05-29,2015-05-29
db2e391de9b14f0e25f128ed99dd9750,James Chen 9,Switzerland,1,2017-06-19,2017-06-19
330f842d08f3e889902d5e7dcdec5a1f,Lars Ivanov 27,United States,2,2015-01-04,2015-08-11
4e2615034b5ae2309be12be7c5ac34ff,Linda Garcia 13,Thailand,2,2022-06-25,2022-06-25
2f2d30e71482a40c6d9d4c2b60caba58,Michael Tanaka 17,United Arab Emirates,1,2011-05-03,2011-05-03
98ad8629feb8aec3c99ecfa4fd63c514,Paul Carter 5,United Kingdom,1,2010-07-14,2010-07-14
93d0f61b3d8efc7f3985a341c5d87861,Amanda Sanchez 10,Canada,3,2011-09-17,2013-04-24
8a6447e30e9c0cd721208366bc3d4c4e,Brian Andersson 27,United States,1,2016-03-05,2016-03-05
addc4645a47040a921444d438a097935,Carlos Thompson 13,Australia,1,2013-11-22,2013-11-22
097d05964740491b4d94c7c0e3debecc,Cynthia Rossi 27,Japan,1,2016-05-23,2016-05-23
a6b9fad88334de01b24f4bcab820067f,David Baker 3,Canada,1,2023-08-13,2023-08-13
f4538c1d89e0f97f009d0d8356aef0f7,Emily Andersson 22,United States,1,2016-07-09,2016-07-09
4c0fc0b131d39dc887328369b98a4432,Eric Haddad 11,Kuwait,1,2012-06-05,2012-06-05
872d949fd53956b2cf0b5f46cc1990bc,Hassan Rivera 3,Argentina,3,2016-06-19,2023-05-28
eb6577d5a7fefc612e5a67eae9e0cf9c,Ingrid Walker 4,Australia,1,2014-03-03,2014-03-03
210e504b49373fef398b248810efffa4,James Rivera,Mexico,1,2017-05-14,2017-05-14
4413ec69bdd5954fbfc34e29573a54bc,Lars Lee 15,United States,1,2016-09-30,2016-09-30
6badaa07abe223133144fac758dbcf56,Lisa Lopez 23,United Kingdom,4,2008-08-19,2008-08-19
732442282dcf39156664acc0c0b451f4,Mark Wilson 8,Australia,1,2015-10-12,2015-10-12
a9596aa825bd778acea6475454ac9f2a,Matthew Wright 17,Bangladesh,1,2015-09-03,2015-09-03
b7cdc3c8a3d2fa8b19440ddc7c745354,Mei Williams 19,Belgium,1,2019-11-27,2019-11-27
8439aa1033fc1746bf411c18bce9c7fe,Omar Okafor 2,Indonesia,1,2024-04-14,2024-04-14
8ee5c2c779f0e3230b1107739350f175,Steven Carter 22,United Kingdom,2,2009-12-04,2009-12-04
1aacfa78516bee02e0a47877d35dfe9a,Ashley Okafor,United Kingdom,2,2009-02-07,2009-12-04
577de547df68535adfc36ccdb876db4c,Carlos Costa 8,Thailand,1,2015-11-12,2015-11-12
9e428baf89713a58146c5eaa55512889,Cynthia Singh 29,United Kingdom,1,2008-10-30,2008-10-30
d790b441690e21ffdd179cc05fe82110,Cynthia Thomas 25,United Arab Emirates,2,2015-09-04,2016-09-28
126a360345971c42b795c5b0a807d1fc,Daniel Green 13,United Kingdom,1,2011-11-28,2011-11-28
5a8d8c9368d82bf23e34aece35cb6fc1,Edward Mueller 11,United States,1,2013-11-15,2013-11-15
af2da01dd1a87661e7088920e83fc092,Emily Lopez 17,United States,1,2012-10-29,2012-10-29
a8c2a8f40a37973fd6cda77100116b99,Fatima Lee 22,United Kingdom,1,2013-07-07,2013-07-07
0af732d7288eeb6e07ec6dee6ed469b7,Helen Perez 13,United Kingdom,1,2014-10-05,2014-10-05
0cda3a4c3c8286003c0bf924a8ed9154,Joshua Harris 16,United States,1,2013-07-07,2013-07-07
1a1504dba1307c6631f98929b782e3f1,Lars Jackson 9,Netherlands,1,2023-06-06,2023-06-06
488f716bcf71a4e39ca7f1f5d8db62bf,Lisa King 3,Australia,1,2015-10-05,2015-10-05
8bbdc03c125ec581bdfbd385a954151b,Raj Lee 14,United Kingdom,1,2015-09-30,2015-09-30
e93c34e0d1c7ee5477ebef8540a81aee,Yuki Smith 8,Oman,1,2011-05-01,2011-05-01
38c4ee7c0ee18c4b6d16f59d12d7cc50,Amanda Roberts 17,United Kingdom,1,2018-11-21,2018-11-21
023310fa536ecdb23bfd37a98ae09a08,Cynthia Robinson 3,South Africa,2,2015-11-20,2015-11-21
f0cdd6030ca8dc611b6e7fe2c25d2df3,Elena Rivera 12,United Kingdom,1,2010-08-06,2010-08-06
ba5b8e9fe80704d7a6bd8c0f05df681e,Emily Ivanov 19,Poland,1,2017-01-08,2017-01-08
03cb20136a5932d5e6cf9dd70e3facf5,Eric Hall 14,United Kingdom,1,2015-06-23,2015-06-23
e742b8e1c3470d783690b735b3dce0ba,John Taylor,Australia,1,2013-07-31,2013-07-31
8f7ad3ce923a2f4382575d489f73accd,Kimberly Taylor 20,Italy,1,2015-09-09,2015-09-09
0636c6ae56f62f8eca587cf7681630e2,Linda Scott 11,Australia,1,2016-06-04,2016-06-04
dec0816f18d882bb08add66dc675f28e,Mei Kim 25,United States,2,2017-02-22,2017-02-22
140ff7c149444ccce261c7bebcea11be,Michelle Anderson 13,Saudi Arabia,1,2013-05-29,2013-05-29
c7e73670b67ca15103ba4e76dc457fd6,Patricia Baker 23,Germany,1,2012-09-03,2012-09-03
db2b2a89452372e427176e167ee552bf,Paul Rivera 13,United States,1,2014-10-04,2014-10-04
436d0a73a83c39326342b93609dc815d,Raj Nguyen,Qatar,1,2016-12-15,2016-12-15
2bbecf5b12a15fd8ea305ed02ee0e4cc,Stephen Robinson 19,United Kingdom,1,2007-03-27,2007-03-27
3690f20e1e239223cf5d9674f7c61c04,Susan Anderson 7,Australia,1,2016-11-14,2016-11-14
0cf4fc004c075461e07241b47de18ef6,Fatima Campbell,Russian Federation,1,2017-04-15,2017-04-15
a43bf622e142b29797e2ed5f4ac3e97e,George Lewis 26,United Kingdom,4,2013-02-24,2013-09-15
1f8174ff349d877af5a94da71ae1a434,Jennifer Jackson 20,Saudi Arabia,1,2024-01-14,2024-01-14
1e7a046332d72a8d2a88d8c9616da864,Laura King 7,Australia,1,2016-03-12,2016-03-12
d7e21fdf0cf640aafeb5a7b223b77218,Michael Sanchez 31,Canada,2,2019-08-28,2019-08-28
eeaac47f9903e431af77c3d5f2088bb8,Paul Andersson 21,United States,1,2016-05-22,2016-05-22
aeab0824f77bc9dfcfca299b565ca559,Sandra Baker 29,United States,1,2016-11-14,2016-11-14
ff5e28868f38d486ba92b01803c97b19,Sandra Walker 13,Spain,2,2022-10-25,2022-11-07
52785a5e5a6fa99beb9a4e45fe576533,Stephen Jackson 7,Canada,1,2016-02-19,2016-02-19
e073786483cdf1c4d5860d9b57d8faad,Thomas Taylor 11,Australia,4,2016-09-05,2017-08-05
10cb951f99575e4ce7de13b862fe5208,Andrew Lewis 21,Hong Kong,1,2013-11-22,2013-11-22
9ab5ef030d069d5fa8801fe9fc7157f1,Brian Gonzalez 10,Australia,2,2014-10-28,2014-11-06
beb5d77773a4436cf1600505086fbc75,Brian Petrov 5,United Kingdom,1,2019-05-13,2019-05-13
52f75fcdc9a3fa7e799c002c4a1d88d2,Daniel Baker 16,Australia,1,2019-05-11,2019-05-11
ca4a26f6824943010d0afb7054982203,Henrik Gonzalez 9,Canada,1,2020-01-26,2020-01-26
7a5f76983fa104db25cd2a9dc37fc729,James Lee 10,Canada,1,2017-08-13,2017-08-13
46b40d36ff16b05b3352cebcb16d4793,Karen Robinson 29,Switzerland,2,2018-09-15,2018-12-23
f49f7a742fdbad83bee4b6146c831f32,Lars Flores 16,Japan,1,2014-01-10,2014-01-10
005b99d6cf0de69dc9d92c0abe48d1cb,Laura Smith 24,Australia,1,2011-09-13,2011-09-13
489f55fd1cb41b3b6140b2e630c9022c,Mark Davis 25,United States,1,2014-02-07,2014-02-07
cc726b2dbb4e1e3c34adcdbfe8ef575b,Paul Kowalski 26,United Kingdom,1,2010-06-14,2010-06-14
ab8d28071b20f5651d5e3e1135a537a8,Sofia Singh 4,Australia,4,2013-01-03,2013-07-31
932f471ab18aba2e31a8daffcb0d576f,Stephen Schmidt 18,Mexico,1,2019-04-05,2019-04-05
07286570873d9f294bac57736f846090,Anthony Miller 9,Australia,1,2023-11-11,2023-11-11
dc5db911ad9cfc2c735da4728eed7f5a,Cynthia Lee 25,Australia,1,2019-04-14,2019-04-14
428d2ccd139192f25433c22ee44a005c,George Hernandez 20,United States,1,2017-11-21,2017-11-21
45d76e17969cd3687f4433551a1ca9fe,George Nelson 21,Germany,1,2020-01-12,2020-01-12
d74611cf19c83c99ca053e02a0e2042a,Laura Flores 11,United States,2,2024-02-18,2024-02-18
a0d2ff51c43599d117ee2afa0cc227a4,Lisa Williams,United Kingdom,1,2009-10-10,2009-10-10
9ca21f0af468c65fc9c91acad4765927,Melissa Smith 19,Austria,1,2015-05-09,2015-05-09
cc3b06f232ed0249336569f21820eb81,Rebecca Wilson 6,United Kingdom,1,2016-04-16,2016-04-16
bed022d1bc257ef840c6c65e47b6a60b,Anthony King 6,Belgium,1,2017-08-07,2017-08-07
a4b98be4a74614f2e18c98ee3db5bb53,Ashley Patel 21,United Arab Emirates,2,2012-08-31,2012-08-31
aed62e303b72e4dabc85db2856cd3eca,Christopher Green 18,Belgium,1,2020-01-01,2020-01-01
d782c619e247b23db3317b60b32a5782,Emily Patel 5,Hong Kong,1,2025-12-17,2025-12-17
84b2c20b48a78e2821003f1e3cd2243f,Ingrid Rodriguez 5,United Kingdom,1,2017-05-26,2017-05-26
305f3a3430c14ffb0b0ecf3fb7f2e3ca,John Sanchez 8,Australia,1,2013-05-29,2013-05-29
c331abd25c1289da67758c38d7bbe4fb,Kevin Martin 22,United Kingdom,2,2017-02-15,2017-02-15
7e2fadddb9edd495cc9267fb9eee303f,Michelle Rivera 3,United States,1,2016-06-11,2016-06-11
daf8b71a9b38c3e1398fc4bec2b701ce,Ronald Rivera 16,United Arab Emirates,1,2016-08-26,2016-08-26
0fe5ff7ff17da0be0f79334cf4addb9b,Ronald Sanchez,United Kingdom,1,2012-10-04,2012-10-04
5fb216c2698d013cab41aa7132d273f0,Sarah Thomas 21,United Kingdom,1,2012-08-05,2012-08-05
0b3cc42c86409ef0e153b523e9b6c3a5,Sharon Nguyen 4,Hong Kong,1,2016-12-22,2016-12-22
52cd2f93060f75b4f47a98e8e942c653,Sofia Roberts 13,France,2,2015-03-22,2015-03-22
1a2944ef4e1bb042ce64ace5f1abd2ee,Amanda Carter,Italy,1,2017-03-05,2017-03-05
27f20a41f08dccfe908cf905efe597c6,Amanda Singh 12,Puerto Rico,2,2017-03-01,2017-03-01
0b3d0b9cf1f39da874bfa62c3df63fcf,Christopher Allen 19,Thailand,1,2017-06-05,2017-06-05
cfc979bb843dbb05bb86c52862702a5e,Fatima Anderson 4,Hong Kong,2,2016-12-31,2017-01-01
9ad2e18a084bcb239ba9d418097bd327,Joshua Sanchez 5,Hong Kong,1,2017-08-02,2017-08-02
94ce03ad83e9abbe928c3ea7ff18abd7,Karen Patel 14,United Kingdom,3,2009-12-09,2022-12-12
20c416f59dfb181faf4ff632a5b22237,Kathleen Thomas 21,United Kingdom,1,2012-05-01,2012-05-01
87c04d439987bb8591582293ee11f003,Kenneth Mitchell 7,United States,1,2015-09-14,2015-09-14
86964dfe8f754e13304231c5302b35c7,Omar Robinson 13,United Kingdom,1,2010-01-07,2010-01-07
dbb819325462ed541008bb7bb2b3c128,Ronald Patel 18,Malaysia,1,2020-01-23,2020-01-23
9393fcaae4d51ef06539405abb214ddb,James Rivera 31,Croatia,1,2019-02-07,2019-02-07
002157bcceea0a9b24a17f39b7a42b32,Jennifer Costa 13,United States,1,2018-11-09,2018-11-09
0b10c86a39dca277dafe8df941a4b6e3,Kevin Walker 24,United States,1,2012-01-23,2012-01-23
3c8e402de35ea7c287084ff21d54a255,Lars Jones 4,United Kingdom,1,2015-08-12,2015-08-12
6f91c2755d3becc6aa6cc236e154579d,Laura Harris 29,Saudi Arabia,1,2017-09-19,2017-09-19
c3ae312df4a5e1aab065dfc0f48eb63d,Mary Hall,Australia,1,2015-08-04,2015-08-04
672d3c94bb00479f442f40b2d0143b36,Michael Sanchez 21,United States,1,2014-10-03,2014-10-03
c0b56ad8abe837bf41c52bccbefad798,Patricia Okafor 6,Germany,1,2019-08-15,2019-08-15
633a9e04bccf5ef2c8051db6f96edded,Paul Flores 24,United Kingdom,1,2022-08-21,2022-08-21
1c7e41cc7dba7666a0cafc9e7a28a744,Susan Roberts 22,Australia,1,2013-04-04,2013-04-04
e6659b47a42dfb2e097c223c6bbf4bae,Aisha Nelson 24,United States,1,2016-07-16,2016-07-16
d00d5235f4996991ed2ab6219e9f9267,Ashley Nelson 18,Australia,1,2014-06-04,2014-06-04
1cdbcdb2c84eea84fda5a7ff52ea4a82,Carlos Martinez 22,United Kingdom,1,2014-08-12,2014-08-12
188bda361b3146d5fc0e6abe763f5d90,Carol Davis 28,India,1,2017-07-04,2017-07-04
7b2742348c57dbb931d9b71c787f0699,Christopher Davis 5,United States,1,2014-08-30,2014-08-30
408ae8973624c4a7fe14ec92a6024b5f,Donna Costa 7,Australia,1,2016-05-26,2016-05-26
9a8162709d0edfffdc3e7d32ef9dbe8f,Hassan Miller 18,Australia,1,2016-07-03,2016-07-03
a376553937b119128d528ca2b01643bb,Karen Jones 14,Canada,1,2011-05-03,2011-05-03
d8abfc9e435772824313a9d5e8b424a3,Lisa Scott 12,United Kingdom,1,2007-11-03,2007-11-03
1733e462b1a1dbbebed9f647734dc0cb,Matthew Torres 23,China,1,2011-10-22,2011-10-22
28a78f08a41ebf78ee2197b27e4120b2,Mei Tanaka 5,Australia,1,2017-03-17,2017-03-17
394c95c6421fbd65cf95b4d70f9c57cc,Michael Costa 11,Australia,1,2015-10-23,2015-10-23
bec80ceec8a39ab33af41c0f57e2cc06,Nancy Schmidt 17,Canada,1,2017-11-10,2017-11-10
9d6e4603a5a3c88ec11043b1572d820c,Priya Campbell 25,United Arab Emirates,1,2015-10-23,2015-10-23
b81685208ea4f599e0dbeccbd7c9f17d,Priya Williams 23,United Kingdom,1,2010-07-03,2010-07-03
96b901a6c7b21d5a9a98e7f87e6553e4,Cynthia Lee 7,Poland,6,2017-09-03,2018-03-16
52532f709e2a7299ad2ea74e88d7867e,Daniel Andersson 6,United States,1,2023-11-28,2023-11-28
b3671386c11274f3558fcb73b963fb33,Diego Sanchez 5,Hong Kong,1,2014-07-17,2014-07-17
f02c65baa0b112619ddb60c61a6e1321,Helen Okafor 17,United States,1,2014-03-30,2014-03-30
6498a0c4e0bb82ee787c4ce836c423e4,James Singh 21,Italy,1,2019-08-19,2019-08-19
ea435f11ec4af1db2d4bec8adcb28510,Jason Carter 8,United Kingdom,5,2015-08-14,2016-02-03
fac6b09bdb6fbde38ec2c55bb5fe3503,John Green 2,Portugal,1,2022-01-08,2022-01-08
d0a817af30887951e3677dd1fcc514f2,Karen Chen 27,United Kingdom,2,2008-04-14,2009-01-20
91267b8a43388baf9af4251247135c91,Kevin Gonzalez 9,Australia,3,2019-02-24,2019-10-23
7b6d853dd5961ca7df6e02f2ae7bcb05,Kimberly Moore 15,United Kingdom,1,2014-10-03,2014-10-03
4ea95fe0b7de9debe44fe14411c3d48c,Lars Moore 31,United Kingdom,3,2009-01-20,2009-01-20
f98172d2472c153f3c9f3ae52a9f3002,Matthew Moore 30,United Kingdom,1,2008-09-02,2008-09-02
60955211648b2e45bdb4986d2bbb0924,Mei Hill 8,Netherlands,1,2015-10-12,2015-10-12
0c13feb23f2ee71b1e3d7ac950f7bf95,Michelle Martin 2,United Kingdom,1,2022-01-27,2022-01-27
f55d9d6a8fc11ac708a42f77461b411e,Nancy Wright 17,United States,1,2015-08-16,2015-08-16
bd2ba7f06bbd04cf48dae90715dc53f2,Rebecca Chen 15,Canada,2,2019-09-22,2023-10-22
cec7a7713dfc31d1a9a09cfd187fdc20,Sandra Martinez 18,United Kingdom,1,2008-10-30,2008-10-30
0f5cb5ae49fc807d15b1d584b8352927,Sandra Singh 28,United Kingdom,1,2010-04-03,2010-04-03
6850e3b16dca61204f1e47c1a47716c9,Sarah Green 18,United Kingdom,1,2012-02-07,2012-02-07
5dfe70ba596e22ff54f11c7496e9a2f0,Steven Costa 11,Australia,11,2025-01-21,2026-04-20
bea60dbb51ed2c30629388a65c9556ff,Wei Gonzalez 29,Australia,3,2016-05-13,2016-05-15
b390b34bb8f88d80e0091d4812068928,Daniel King 19,United Kingdom,1,2015-07-22,2015-07-22
7b7a82f1bae698ad7735982104560ba1,Elena King 12,Malaysia,2,2015-12-15,2015-12-15
e6335c483a2f05e3472ff06c6dd9aa4e,Emily Hall 7,United States,1,2013-11-15,2013-11-15
3e85bc2a3285bc124d4eddfcf84636ab,Helen Jones 27,United States,2,2012-01-23,2012-01-23
4ea00f46d6a3e8a69462eb685e7109cd,Henrik Young 23,United Kingdom,1,2011-05-01,2011-05-01
b363d201ead670f426c09aaac4aec8a9,Ingrid Thompson 8,Belgium,2,2023-02-03,2023-02-03
ee79f6dfc7644b69ffcf6137dff75e8d,James Garcia 8,Australia,1,2015-09-26,2015-09-26
2e9ca849d6dbefb4c6da503f4209b3a5,James Jones 29,Germany,1,2012-06-05,2012-06-05
e71761ef95f3b7683d2e0d260ea586f6,Jason Mitchell 8,United Kingdom,4,2012-05-08,2017-02-11
388935a170ce6eba60903b0af7d84364,John Baker 17,United States,1,2013-11-22,2013-11-22
06f3d3c0a8cd155ec90a8271631f1c7c,Lars Baker 17,Canada,1,2017-08-18,2017-08-18
da1bb536489dd62f24562ed14b945230,Mary Brown 3,United Kingdom,2,2008-10-30,2008-10-30
01f31ef421589c75e9af8c5d7a1a9b23,Matthew White 14,United Kingdom,6,2013-12-23,2016-06-06
140c1c683248031369ad976d007a7599,Patricia Haddad 19,Kenya,2,2012-11-15,2013-02-28
b76dbb67f95e908281c5182c9811c270,Amanda Williams 22,Australia,1,2013-11-15,2013-11-15
5b02c6de36aa34a13adceabee566aa88,Charles Schmidt 22,United Kingdom,1,2016-02-12,2016-02-12
ff7c3ea8bf22de748f9e9f99f016f47b,Cynthia Garcia 7,Brazil,1,2018-01-13,2018-01-13
4a99b57c97b612643480a21874b6392b,David Okafor 19,Australia,1,2023-09-13,2023-09-13
2b8ba98462a3000297460d686ccabf63,Donna Robinson 29,United States,2,2012-05-02,2012-05-02
b416bf0452fb74bdf05b27774c48052e,Emily Patel 21,India,6,2016-01-02,2016-01-10
b2763b727e03c3e14ef48ef508370615,Eric Thomas 6,South Korea,3,2015-10-21,2015-10-21
c8d8cda45e8cc30b9dfc518c58f7c121,George Schmidt 8,United Kingdom,1,2014-08-06,2014-08-06
54c5f1c830d4a7b674447f52ac1549d7,Jason Nguyen 24,United Arab Emirates,1,2017-05-24,2017-05-24
7e2174b37e89b853eb98c5bcf326e95c,Jennifer Clark 11,United Kingdom,1,2017-03-11,2017-03-11
17c58f41926d2353238553773d100973,Kimberly Scott 25,United States,9,2016-07-17,2023-07-04
e4c18a9f1bd38ea9090e9a1be7b54122,Laura Mitchell 17,Spain,1,2021-10-27,2021-10-27
dd621f2ea2800ab68a6e30aaa05f54aa,Mary Garcia 9,United Kingdom,1,2010-07-14,2010-07-14
3d5bd3d9898e39bc7435f34a71f5bc16,Mei Ivanov 22,United Kingdom,1,2020-02-10,2020-02-10
be2694472161caa479179cc8b1b03ef4,Nancy Moore 26,United States,1,2014-11-19,2014-11-19
83348644f8564a38ab1a0b9525458d9b,Priya Miller 12,United Kingdom,1,2009-01-20,2009-01-20
5f843f66cf27174cb3a77f3df4c3ba38,Ronald Singh 4,United Kingdom,1,2009-07-30,2009-07-30
0255e583f91fe7e54f5a26097970ad7c,Sandra Green 28,United States,1,2023-08-18,2023-08-18
fb0204b93c9b8ed526550853e446131a,Sharon Hill 10,South Africa,1,2020-01-09,2020-01-09
e27233787634f6314014c506a1d83710,Christopher Hernandez 31,United States,1,2015-06-21,2015-06-21
37160c1f90d5a7fcab24ad28d6822325,Diego Young 31,United Kingdom,1,2016-08-29,2016-08-29
0630e25d1da6f8824fe4b442a4bf3f54,Elena Walker 30,Australia,1,2019-03-12,2019-03-12
3ec78e6a35b21e0daade97b24c8340cd,Hassan Robinson 14,United Kingdom,1,2008-12-31,2008-12-31
0499ca67e4f02fcc231bfe03770b859c,Kenneth Clark 26,Australia,1,2012-01-24,2012-01-24
a826db613bb54d280aea231e4e49c0c6,Kenneth Roberts 22,Australia,3,2015-01-27,2015-01-27
07ee07582753dd4dc4bacb62dfa3e57d,Raj Chen 13,Canada,1,2017-08-23,2017-08-23
83d6fa95ab605bf5d22aa0616a413a63,Steven Gonzalez 4,Sweden,1,2016-08-13,2016-08-13
cd3f191bb01de4f7df3f584301d734fa,Susan Kowalski 2,India,1,2015-06-17,2015-06-17
81c52f1fe83d00ad1d763d580448f471,Anthony King 25,Norway,3,2017-06-29,2017-08-05
8d780ad545797be44c127e2494e52c55,Daniel Moore 21,Spain,1,2016-08-06,2016-08-06
cf3da2b830c5a0496bd403cb06c5fc39,Daniel Roberts 13,Switzerland,1,2015-03-22,2015-03-22
443b641dbbc167ae333367dde192d7c7,Eric Campbell 20,United Kingdom,8,2014-05-28,2017-02-22
1d83a4161761b5a71fd1aacf8dca5a11,Fatima Young 5,Austria,2,2014-11-19,2014-12-31
95721d2d5ff556781383b6561f2780cf,Jason Moore 16,United Kingdom,1,2015-12-20,2015-12-20
17901fa2773119421bf6ff07e04628f9,Joshua Ramirez 26,India,1,2015-01-02,2015-01-02
057ff86438d28a489bccc53f113123e2,Matthew Harris 29,Australia,2,2016-10-21,2019-04-18
3dc8ca62dea2b6f395c330584954da5e,Matthew Mueller 20,Vietnam,2,2022-07-01,2023-05-14
405d783920025e080ce76993e8b77d4f,Paul Carter 12,Thailand,4,2017-10-08,2017-10-08
44689f95272ec6204c72714d3ad31aa8,Priya Jackson 28,Canada,1,2011-11-28,2011-11-28
7f4b8d93dad5359167986ec44be0cf93,Ronald Okafor 18,United Kingdom,1,2015-02-21,2015-02-21
f415c940b618c3284a74d0eb62c5df17,Sarah Costa 28,Kazakhstan,2,2011-09-13,2012-01-23
6b87d484d251f7aa7784b78d9bfdcf0a,Yuki Wilson 10,Netherlands,1,2017-07-12,2017-07-12
4c7f69955246be5f2e13872adb3cd990,Anthony Scott 7,Germany,3,2012-02-08,2012-02-08
675f54584ddb29bcdd1b0056cff4ebc5,Brian Gonzalez 3,United States,1,2015-01-27,2015-01-27
f39b82542e24319befde699a481d1836,Helen King,Germany,1,2018-12-02,2018-12-02
36959e58d566dd41ffba2d08c76f01ac,Henrik Rossi 24,Switzerland,1,2016-01-31,2016-01-31
6b1635d72f118b9f87fba6124176bd8a,James Flores 22,United States,1,2014-03-30,2014-03-30
bfe27ba9fd02d69cddfbe75e0e678c7d,Jason Jackson,United Kingdom,1,2009-12-31,2009-12-31
90a3022a59aee0245a5b2a0822fd1798,Karen Mueller 6,United States,1,2019-06-21,2019-06-21
dc93ceb0d7d52b702b5fb065273ccba5,Mark Hill 9,United Kingdom,1,2018-08-27,2018-08-27
a9e0472713feb7125843b1ac885ee7f9,Michelle Adams 8,Netherlands,1,2022-11-03,2022-11-03
b27aabf19e8a4e6743c8878230b35cf1,Ronald Hall 2,Australia,1,2015-09-14,2015-09-14
784e137f3f60c0b1a8f4b6d878318d7d,Ronald Sanchez 7,Canada,1,2014-10-04,2014-10-04
18a18cef95281ae7b803ef10ed19f1ea,Yuki Nguyen 24,Portugal,1,2024-04-15,2024-04-15
ba546bb675da1088aded5c84a69b99a2,Aisha Adams 31,Thailand,1,2019-02-08,2019-02-08
f711397ef8f75d37aed2a6192fea55d4,Aisha Davis,Greece,1,2014-10-05,2014-10-05
11a8826eebf314678aec837c8ff2a343,Amanda Rossi 13,Australia,1,2018-03-31,2018-03-31
135ce2f88d0a9896b5745c71e93ec457,Anthony Lewis 23,United Kingdom,1,2013-07-07,2013-07-07
b56e5335bbafb123da96f72c99c40032,Ashley Miller 19,United Kingdom,1,2014-05-28,2014-05-28
50bc06ea79f181aa6587f6359642c648,Christopher Gonzalez 30,United Kingdom,1,2015-09-18,2015-09-18
8d3b00a646a119e1f9ac722bb22d7195,Emily Thompson 18,United States,1,2018-03-10,2018-03-10
5465d9e4a8a8b3927d0bed107d39ea9f,Emily Wilson 30,Australia,1,2013-02-04,2013-02-04
ca38bce6ec8325f7c20bf865d98d56a3,Henrik Sanchez 24,Singapore,1,2015-07-06,2015-07-06
353c819fc6dc395778ff64fe4aacfcdb,Kevin Wright 7,United States,2,2018-03-30,2018-03-30
a71aff68f3227f42f63313f637538df7,Mary Robinson 3,China,2,2011-09-17,2011-09-17
515dde84696be7fc2b079e5194ec0241,Omar Mueller 24,Kuwait,1,2019-09-09,2019-09-09
53c039bf64dc2e8a902f5befb06616ef,Thomas Martin 13,Australia,2,2014-08-21,2016-07-16
ce0160d6d69289ae23c9885b1ffbb710,Anthony Williams 27,United Kingdom,1,2011-05-03,2011-05-03
54114ca883d722a0841f3be762dd6dcf,Charles Allen 20,Germany,1,2023-08-25,2023-08-25
a54e5189ec3c038c77e58369b2a73b79,David Thomas 24,United Kingdom,1,2018-06-18,2018-06-18
d17dd330d687af9c044cd657cd9e678c,Diego Robinson 22,New Zealand,1,2013-09-15,2013-09-15
74173edde36741cc0588cd75ab4f0e66,Elena Rossi 29,Canada,2,2012-02-08,2012-03-28
33d3a3acf55ef5c696dd3bec194f55b8,Fatima Ramirez 12,Thailand,1,2011-09-13,2011-09-13
991e7001f5886919edad911000951e9d,Fatima Schmidt 24,Australia,1,2013-04-05,2013-04-05
54f3537bd22f92e8a753f44b74862852,Henrik Adams 16,Turkey,1,2013-12-30,2013-12-30
cea3d40a1a298dbcc55bb49846d7a437,John Scott 23,Thailand,1,2014-10-04,2014-10-04
942b16b4b7b361fc102f6b063c8f4118,Kimberly Campbell 16,Chile,1,2019-06-05,2019-06-05
59f28ef6dc7f100fb6680f44912ee667,Michael Garcia 30,United Arab Emirates,1,2016-12-05,2016-12-05
df944277be7578254c6f367f054bd214,Rebecca Smith 22,United Kingdom,1,2019-12-17,2019-12-17
a711f142a2b6ceb8aae3d1df5514a5b5,Robert Campbell 21,Hong Kong,2,2016-10-22,2016-10-22
c8b8fac78634ddd69ac977e8784547bb,Robert Mueller 30,Canada,1,2016-01-23,2016-01-23
c63a2c7f1032fc11077267078f793572,Christopher Thompson 13,Australia,1,2014-01-13,2014-01-13
1d296d401b96d1271332fadfe1fe5710,Elena Patel 17,United Kingdom,2,2012-09-27,2014-10-04
df9b6a6ab25331d4a64f7b9d04ecd50c,Rebecca King 15,Australia,1,2015-07-05,2015-07-05
8bf4ba028364c62958d8ada3c1409dd6,Rebecca Mueller 31,United Kingdom,2,2014-02-20,2015-05-09
706e1f871ecbf57f707e4892d0661765,Sarah Costa 28,United Kingdom,4,2009-01-13,2010-08-28
f11ab2680b7b2fbc85e9f3e0499470f0,Yuki Rodriguez 27,Finland,1,2019-10-16,2019-10-16
013d9acea3d5b6a2a3ee2c13c2cc8c9a,Aisha Green 25,United States,1,2013-05-29,2013-05-29
2bca3209b2729305bdff99ebe7ee4f68,Hassan Rodriguez 25,Denmark,1,2013-07-07,2013-07-07
8a48a5d1ca707fec2813215f60a723e4,Kenneth Moore 26,Canada,2,2019-12-31,2019-12-31
90377783322eda4e27807a74db5c4c07,Matthew Moore 19,United States,1,2013-12-23,2013-12-23
9c735feb1a5e45a3647153de0ed3bd97,Michelle Martinez 24,Canada,1,2014-04-16,2014-04-16
48858c4a9de4a68e03f15389354b27fd,Nancy Singh 10,United Kingdom,1,2008-09-29,2008-09-29
d5573e31a7a68229a505973ed50ddd2e,Sandra Flores 16,United Kingdom,1,2015-01-27,2015-01-27
371bda874e0337350ac8f5f29a19b82b,Sarah Singh 29,United Kingdom,1,2007-03-24,2007-03-24
19b4fb7ba7be8b3b6b55e7646660c634,Anthony Chen 22,United Kingdom,1,2010-08-28,2010-08-28
ef75f7218006ff50068c671ae9aa41f2,Brian Hernandez 13,United Kingdom,1,2015-05-10,2015-05-10
c10c67bd80bb4ce3cfb28408004bc138,Elena Schmidt 21,Hong Kong,2,2014-10-28,2015-05-10
cdec9d937f4bb34d371ba3bfefb73b0d,Eric Petrov 14,Philippines,1,2016-07-17,2016-07-17
d2b4ba66cc150ef3fcf37be0b95670d4,Hassan Kowalski 16,Singapore,1,2015-10-23,2015-10-23
0ab1952d3b9161ef10a14329a2e316ba,Joshua Roberts 13,Australia,1,2012-01-30,2012-01-30
12649ee995b78215f9d80d525b6df056,Laura Hill 21,United Kingdom,2,2014-10-04,2014-10-04
da65c58ddc8de66bbf107dc06b487515,Mark Johnson 4,Australia,1,2011-06-29,2011-06-29
4b87435b44cba25e2a7c10914747458e,Ronald Garcia 19,United States,1,2012-10-04,2012-10-04
5c1bdf890b02f32e8d0028eeac667c81,Steven Jackson 28,United Kingdom,1,2016-12-27,2016-12-27
915913f0be8381c208e1af3f784573fe,Wei Patel 3,New Zealand,1,2011-05-03,2011-05-03
78a22118e89c52e75c80001453b2153b,Cynthia Haddad 5,Luxembourg,1,2014-03-11,2014-03-11
505fb7d3a1acefdf8d8d24be31be6c2c,Diego Carter 6,United Kingdom,1,2025-03-24,2025-03-24
51bf952acff297633d34fb7dfb078ac5,Ingrid Rossi 26,New Zealand,1,2016-05-09,2016-05-09
dd05129f271207d8000212e9ed44a31e,Joshua Nelson 21,Malaysia,2,2024-09-16,2024-09-16
b3cb50e9b5c087ee812b1742daf746dd,Mark Allen 11,United Kingdom,1,2015-07-07,2015-07-07
148acfcad1353079a3f248bc0d6b3092,Sarah Wilson 23,Thailand,1,2014-10-28,2014-10-28
6dac5c1309d82d5ee2732e914de8e4e3,Sofia Costa 25,Australia,1,2015-01-02,2015-01-02
9499b933925aac422420cab0fae59531,Wei Anderson 25,Australia,1,2013-07-31,2013-07-31
6ee0ebc953dc4981a8ffc5a19e27ca61,Brian Lopez 23,United Kingdom,1,2019-05-14,2019-05-14
176347d65f1028be4373be3318b7cd69,Charles Mueller 24,Laos,1,2015-01-02,2015-01-02
3725083a7cb43e64f03276b27212ddce,Daniel Flores 24,Germany,1,2017-05-14,2017-05-14
fc5829be15f1cd84be79f66ea52b9f31,Eric Ramirez 16,United States,1,2011-01-04,2011-01-04
6b96327fca16fe6b312add5a980fcab1,Henrik Wilson 25,United States,1,2016-08-01,2016-08-01
dfba7aa801be1013d6394a21b591679c,James Martin 19,Germany,1,2018-12-23,2018-12-23
18520e8f72be0c67c6e8d196da97235d,Jason Hall 27,United States,1,2025-11-07,2025-11-07
8d88d8d90e7cea8ef6ca849b088e3426,Lars Jones 24,France,2,2025-01-11,2025-02-23
22a45803f2333bd110e249db7297ea40,Lisa Brown,Vietnam,1,2011-11-28,2011-11-28
4587427f7294d4299b6758237e51a273,Patricia Costa 18,United Kingdom,1,2011-11-28,2011-11-28
b03ab39281dd6bb891294ee6f47df318,Paul Anderson 10,Australia,1,2017-11-13,2017-11-13
a2f94b979ceae12f44dbf95614039806,Priya Young 24,Italy,1,2016-01-31,2016-01-31
d5853350fe99b8da3787b4858f180fb9,Sharon Harris 24,United Kingdom,1,2019-05-05,2019-05-05
a59beb736357d667df36c639a23b7b05,Anna Baker 31,Netherlands,1,2017-05-14,2017-05-14
3dcfa69e3c190e237bfbf4896cee25df,Carlos Mueller 6,Australia,1,2016-01-13,2016-01-13
378c1816ea7cf695ba1ba558553b86d6,Daniel Thomas 25,United Kingdom,1,2009-11-10,2009-11-10
93cdb811403ec6ec7630ca9d10178dbe,George Patel 5,Canada,1,2019-08-06,2019-08-06
1a9dabc9eff16f68b139e071baedb066,Karen Patel 29,Denmark,1,2015-11-09,2015-11-09
91dd349724a96bd23ec064971811fc49,Melissa Clark 28,Australia,1,2019-10-06,2019-10-06
09488a53b97b24e2a6edd35a9bf2d802,Michelle Haddad 27,Australia,1,2013-07-07,2013-07-07
9c810097bd17236510c841f9308234ee,Patricia Anderson 4,United States,1,2016-07-27,2016-07-27
fcbcc4ab2b532757cebeca6dd1c6b0fb,Patricia Schmidt 14,Australia,1,2014-02-20,2014-02-20
517f9bdb1adb8cb3e7c3cf2173d3cf91,Christopher Ivanov 4,Singapore,1,2015-09-08,2015-09-08
1f91134d4afa53b767f4a9e36de72bfb,Elena Young 7,Qatar,1,2017-03-06,2017-03-06
ee362e8196c8ee57c715a5355ba36c5d,Fatima Green 13,Australia,1,2017-01-23,2017-01-23
91a2515646efffbe694f9a96b9496f42,Jennifer Hernandez 21,Thailand,1,2011-01-03,2011-01-03
485498cc6a5434cebf9e5db4bfbfc568,Kathleen Roberts 26,Germany,1,2012-01-23,2012-01-23
28c10b335edfa13302c30726547e7e23,Sarah Jones 5,United States,1,2012-01-30,2012-01-30
ee8798dff3dc86848a4b6d009c4178a3,Sharon Patel 25,United States,1,2018-10-15,2018-10-15
7a6235820ef9d419e85f51a8f5fd8cdc,Aisha Martin 13,United Kingdom,1,2014-03-11,2014-03-11
1f674b6da1706921eac051602e963ea7,Daniel Andersson 7,Sweden,1,2015-03-01,2015-03-01
9fee035380eb9ecd4beaf7f27893db07,Elena Roberts 21,United Kingdom,1,2015-08-06,2015-08-06
6514824b09f9ee3c562bd3d3cc180432,George Rivera 26,Australia,1,2018-06-05,2018-06-05
3d93375ce8f7b4cd429898e7161da38b,Joshua Hernandez 26,Australia,1,2015-09-27,2015-09-27
08627b60a98bfbe9c0b45b6f4dbf7beb,Laura Mueller 30,Malaysia,1,2015-03-01,2015-03-01
91ed98c4b8241598f251aea8fd102f76,Sandra Carter 26,Australia,1,2014-02-07,2014-02-07
71763f453ac6812f623f0ef9f10581d4,Amanda Garcia 7,Indonesia,1,2017-09-06,2017-09-06
e6011e51648031e06ecf5b4235afcb11,Amanda Jackson 30,United Kingdom,1,2020-04-28,2020-04-28
0944abca4870ddb3d33bd264e12e4674,Amanda Robinson 26,United States,5,2022-02-19,2023-05-13
f3064f2206bb1fb0206e1904622c2dca,Anthony Lee 19,United Kingdom,1,2019-06-03,2019-06-03
42d1edb31bbbc72baa0c5428ce4256ef,Carlos Green 25,United Kingdom,9,2013-12-23,2022-07-07
1e4ef026d99f791ef53b054f3d3f7fc6,Carol Thompson 12,United Kingdom,1,2009-12-05,2009-12-05
c77cde2a0dccbd6171c4c8c496dcfe44,Diego Allen 21,Myanmar,1,2017-12-07,2017-12-07
762e9f7746fcdcab5e8c01d7aa9b4b21,Edward Haddad 28,Australia,1,2012-08-05,2012-08-05
bc53c3447168ed0a3ce0364fcc0b12d7,Eric Tanaka 6,United Kingdom,2,2015-09-02,2015-09-03
1a5155724efc80dab8de84ebe71690e0,Hassan Nguyen 23,Thailand,1,2024-05-25,2024-05-25
123cdf6f5aa07e841513bd4b28803937,James Hall 16,Singapore,1,2019-09-06,2019-09-06
410f5a867802f7b74e5d4da058c630ad,John Andersson 6,United Kingdom,3,2013-04-16,2015-05-09
19ec67f87f3aa4dcc263f3c0c77e4b95,Karen Chen 20,United Kingdom,2,2018-03-09,2018-03-10
8c12a8f31957e382df746406c9a9c9a8,Karen Sanchez 18,Singapore,3,2016-06-29,2017-06-13
943e2e9bed607f3f4edab75ae730ce26,Kevin Robinson 14,United Kingdom,1,2009-08-11,2009-08-11
541fbd33d93cca106f1cb6bd22dda1b2,Laura Okafor 3,United Kingdom,1,2011-05-03,2011-05-03
019d1dddb0794263fc1855d107d8da03,Lisa Rossi 24,Spain,10,2012-03-28,2014-05-01
aa56550d56c8043ef674a969f6252a05,Matthew Walker 18,Switzerland,1,2018-09-13,2018-09-13
14774f89a2a61724dbd3394f13323926,Melissa Rodriguez 27,United Kingdom,1,2023-09-28,2023-09-28
d83b6ce76b9aaf6ef235ec586798874f,Michael Anderson 28,Germany,1,2017-08-25,2017-08-25
e64dfcd90849488404971b5535488dff,Nancy Harris 16,Australia,1,2019-05-19,2019-05-19
6f76a23bb8b3550b1c65f46b827b7526,Robert Carter 13,United Kingdom,1,2010-02-09,2010-02-09
9506af1d61c6cfc9904dd39fd62fadf9,Sharon King 7,Italy,1,2016-04-26,2016-04-26
697ffb38b5491afa94323c05909bed60,Sharon Young 19,United Kingdom,1,2013-11-15,2013-11-15
9d0de5bbbfbf92ab89ecc20017e36b88,Aisha Jackson 13,Australia,5,2012-04-24,2012-04-24
c71c184450a103af48610dcd11765bb0,Amanda Kowalski 19,Belgium,1,2014-11-19,2014-11-19
f1dae92ee68fc55b986ba6353ce877ab,Cynthia Flores 25,United Kingdom,1,2011-02-14,2011-02-14
f4a3fb427f2a952216f9c753adb680ee,David Petrov 12,Canada,2,2013-01-03,2013-11-15
49a6ac65ef9e4931d1ff2be6ab8f93e9,Edward Haddad 12,Switzerland,1,2019-08-31,2019-08-31
5df73075e17317a45265b987818f9f12,Edward Kowalski 26,Greece,1,2018-07-19,2018-07-19
69cfa7444804d83205437be862062fa3,Fatima Gonzalez 13,Singapore,1,2011-09-13,2011-09-13
abc4e2ed865e7295b3d59234233cc8f9,George Brown 29,Saudi Arabia,2,2017-03-11,2017-03-11
3058639932d27bfb02f20f4b8cfabb1f,Joshua Gonzalez 31,Brunei,1,2013-01-11,2013-01-11
c21f514937b7e50f8be8667e08d6bc9f,Lisa Allen 22,United States,1,2022-08-25,2022-08-25
d36bd9136135ea566730b1f1b9abb021,Mark Wilson 4,Canada,1,2023-05-17,2023-05-17
66f86c372638b02e116bf1708a77211d,Nancy Hernandez 3,United Kingdom,1,2014-01-10,2014-01-10
b273326cedfc7117c9e39b06eeb8c797,Nancy Patel 6,United States,4,2013-09-15,2014-02-07
3fe3cbad77648542277323c8bae59153,Susan Andersson 18,United States,1,2017-12-14,2017-12-14
b09f065059c98d928bd7a0dd6ca391f2,Anthony King 25,Thailand,4,2017-08-27,2017-10-13
9ab92f42adabe96d2e1bce4c51f132bc,Charles Carter 22,United Kingdom,4,2007-11-03,2007-11-03
576e450abd7d901dca4bee04b215a758,Daniel Brown 22,United Kingdom,3,2015-08-12,2015-08-31
fda6d7ffd5a2345537dad93ecdc6b01b,Emily Walker 25,Ireland,1,2018-03-23,2018-03-23
b6192a1e94a7c0325aa95911259173c9,Fatima Andersson 2,Australia,1,2011-09-17,2011-09-17
df1346f6e1e1e91350501e00fb37a670,Hassan Walker 27,Germany,1,2017-01-02,2017-01-02
520d16ad7dc0d931ca41543d0d6ff72d,Helen Adams 28,Egypt,1,2015-06-12,2015-06-12
c6a52d1281487ffd1b638ae5cd3d8d4c,Henrik Haddad 20,Australia,2,2014-10-04,2014-10-04
39c1d75c6bfa8c0eb6c43fdd6c4b9fa3,Jennifer Wright 7,Canada,1,2011-05-01,2011-05-01
28dfcea46ce6ca9dee6e3d3fc8a4e2bd,Joshua White 7,Belgium,1,2019-03-28,2019-03-28
30c793549b43f2d68fc0559e744b219a,Kathleen Davis 29,Philippines,1,2018-02-21,2018-02-21
8911fd716fdf857494b45db814892246,Kevin Williams 28,Australia,2,2015-12-04,2015-12-14
1e75cff44ad931cd701f54e9de3ccdbd,Kevin Wright 30,Australia,1,2014-03-11,2014-03-11
83fb04236122fefd34f41783e15208d9,Linda Garcia 23,United States,1,2018-09-21,2018-09-21
0ef3727de9621801f3d6bfdd1b32c718,Linda Wilson 24,United States,1,2013-02-14,2013-02-14
8fa8e80f891f4be461d0edd3286e8ee2,Nancy Flores 5,Australia,2,2013-03-20,2013-04-04
483ccf651ea69dc4cef94d373bc115c3,Paul Martin 16,Bulgaria,3,2016-04-20,2016-07-21
9021526ff0e6e3cdd01e424242e1caa5,Raj Hall 22,United Kingdom,6,2010-01-12,2016-11-14
77af33f649240228562d5eb79ea4d815,Robert Kim 13,United Kingdom,1,2008-12-31,2008-12-31
f819ad3e1fbef32bdb33031e5667ec3a,Ronald Johnson 24,United Kingdom,2,2014-04-22,2014-04-22
4ff491458aec914771c875703d8ad2b8,Steven Sanchez 24,United Kingdom,11,2015-09-18,2022-02-21
5117bf92e30dc000f5f08b6702ee8145,Wei Martin 24,Canada,2,2015-07-08,2015-09-24
ef2520e0207297f46f170c332be83716,Andrew Brown 23,United Kingdom,2,2015-10-16,2015-10-16
4f8b7fffe6c08a9c9cbdb143477de68b,Ashley Brown 4,Australia,1,2023-05-25,2023-05-25
70bec6fdf6e8160de611eb3d3c34f299,Ashley Walker 14,United Kingdom,1,2009-07-15,2009-07-15
84e59d66ca313238bd41e8f194dc7c8a,Christopher White 16,United States,2,2017-07-21,2017-07-21
1ab7dc26c319712f2663154a50b6470c,Lisa Allen 7,Netherlands,1,2015-08-06,2015-08-06
628954a616ae8cf70febfac2e6d26515,Lisa Clark 21,Australia,1,2013-07-07,2013-07-07
ceeceb4fc133e0a8a3caf29eba2afdd7,Robert Torres 5,Belgium,4,2019-07-17,2019-11-11
063b7d7ec98e81b0c4790ffc7ee5ac7f,Sandra Campbell 13,Ireland,3,2015-10-29,2015-10-29
bd591834c210a283404e1ea0e77a2b77,Steven Campbell 27,United States,1,2015-05-29,2015-05-29
ccb10379cdda3ad73406872c6da4aace,Steven Lewis 25,Australia,1,2016-01-31,2016-01-31
599b3cb8f37d1d51fafe43368e0adbae,Amanda Haddad 30,Thailand,1,2014-03-30,2014-03-30
50aa9b6d0f7d91d43ce546b835580ad6,Carol Thompson 25,United Kingdom,2,2008-08-19,2008-08-19
6352db59ac187562657b35e5a2aef7ee,Donna Mueller 31,Australia,3,2013-02-14,2013-07-31
88a83bb461b1ca7533b7fe6c2680f7c7,Edward Tanaka 8,United Kingdom,1,2012-11-22,2012-11-22
d391b91a24114b3e670b351999fab526,Laura Mitchell 19,Thailand,1,2017-08-06,2017-08-06
a81fc599995e2a7c01d624bffc6284c4,Linda Hernandez 21,United States,1,2023-03-19,2023-03-19
b1ff5b86fbd73e7378b7b06fcf30fadd,Raj Hall 30,Denmark,1,2016-01-03,2016-01-03
745a4ff903816a5efd58f3c613b4349b,Raj Martin 18,United States,2,2013-07-31,2013-09-15
e573ed7b1d04b24bcb4371756a0b3dbc,Thomas Schmidt 5,United Kingdom,2,2009-08-12,2009-08-12
cb78fff6176283ca404e497d5cd3502c,Carol Brown 6,New Zealand,1,2015-08-02,2015-08-02
744c9980ad6d63529de2a6ad79cdac55,Charles Costa 3,United Kingdom,10,2016-06-06,2018-11-08
f52f1107f7b0281e1ae1f255ac6c3043,Helen Tanaka 27,United States,1,2017-10-18,2017-10-18
3a8031fe48d54430353e65436c320e8f,Jennifer Nelson 18,Thailand,1,2014-10-03,2014-10-03
80de739796b3884d742b5cfe9a8139ed,Joshua Campbell 24,United States,1,2014-02-20,2014-02-20
4d0fb3c0687780b23accb7391cf52363,Kathleen Campbell 18,United States,1,2014-10-04,2014-10-04
c9e95786a1cc65b1f89905bb05c3910a,Kevin Harris 26,United Kingdom,1,2013-11-15,2013-11-15
bf0755ecd070c05c9d439cd44d3b663f,Linda Allen 28,United States,2,2018-12-03,2018-12-03
5084c0e38917a5fa17d05e1136d3f9e5,Linda Patel 23,United Kingdom,1,2016-10-10,2016-10-10
fe587bdff0b1ed7a2d679e23a8909204,Matthew Carter 21,United Kingdom,2,2015-11-02,2015-11-02
08c785f333d3a4423d2c22bff735b316,Mei Carter 22,Canada,2,2013-07-07,2013-07-07
7e4e449e403e1c1a006b7a32e052cba2,Melissa Smith 3,Bahrain,1,2018-06-05,2018-06-05
ede2879e7ded215af3533edf96a131b2,Melissa Wright 14,Australia,1,2017-12-17,2017-12-17
f9e86cf194377c9893a39ffd583cc50e,Michael Adams 14,Spain,2,2020-11-03,2020-11-03
7c8f7136a6ff198ce0b1021e40173f63,Raj Rodriguez 5,Netherlands,3,2012-02-28,2012-02-28
5e84926b617794a6e8ec13f3857bdfbd,Robert Green 20,Australia,1,2022-06-21,2022-06-21
133cc21d8be193452a0399a8c7bc3e49,Sharon Kowalski,United Arab Emirates,1,2016-11-06,2016-11-06
b24e186c30dd5a1b842ecaa72b70a7d6,Stephen Scott 25,Malaysia,2,2016-07-27,2016-07-28
7e3fe980cc19b6bff75828932c69b1d9,Christopher Thompson 19,Canada,1,2015-03-22,2015-03-22
f7153ccf6e199488c1e039b160d70c83,David Carter 23,Thailand,2,2018-12-30,2018-12-30
9f98c5fe65dc6864afc41c9f9b34ad8a,Emily Young 8,Serbia,3,2024-07-28,2024-10-27
52574411f51bafa855f7b1ad9b82cb60,Linda Sanchez 31,United Kingdom,1,2015-01-02,2015-01-02
11cc8cd7c1b0b49542dbd0150a099c2f,Michelle Roberts 28,Canada,1,2016-10-15,2016-10-15
7aa8d9fb45b8ad2d4b43d3ca91ae9192,Raj Rodriguez 27,Belgium,1,2015-11-06,2015-11-06
a77b1cb8d32689fae0031e7ae911a645,Sandra Martinez 24,Hong Kong,1,2012-05-02,2012-05-02
d5d0c8c2ccd952380c142fc718972c48,Sandra Robinson 25,United Kingdom,1,2015-01-02,2015-01-02
16ab596811c12ecfe729f79431bccd98,Sandra Sanchez 22,Norway,1,2014-04-14,2014-04-14
150d7917cc9f4854c6bccd5101267700,Sharon Lewis 24,Malaysia,1,2015-07-27,2015-07-27
8a1a31cc25867a162fdebeb49416081d,Sofia Rivera 23,Greece,1,2018-04-08,2018-04-08
c0c1f7f20a6757112de26cdf10bb0888,Steven Carter 8,United Kingdom,1,2012-06-05,2012-06-05
299e4068145e11035621e31f85e85862,Yuki Flores 26,United Kingdom,2,2023-04-24,2023-04-24
0e3a69cfd736f2285089ee905e5a0677,David Campbell 23,Australia,1,2015-10-12,2015-10-12
2fda5c03f1f8ffb231fe826a63731df4,Hassan Wright 12,Canada,1,2014-01-03,2014-01-03
24013308c8931b21bfe07d48d2da0b37,Jason Hernandez 31,United States,1,2011-01-26,2011-01-26
fd8c8a504a8ad371709bff59e2b5801d,Matthew Wright 26,United States,3,2013-07-07,2018-12-10
2ecf1e69655cbe2651ab9b6d529c5bbe,Rebecca Gonzalez 24,United Kingdom,1,2009-09-30,2009-09-30
9f68b2e0b3482ba1286768004ce74402,Stephen Smith 19,Brazil,1,2013-12-21,2013-12-21
63f7928bae7dcda32064172d7fd3ee87,Aisha Lee 24,India,1,2011-09-13,2011-09-13
cf543bea60f720b17c61ccc794290ec7,Andrew Rossi 11,Germany,1,2016-12-27,2016-12-27
4cecb0a11d80377885e4b24482819289,Anna Flores 8,United Kingdom,1,2018-08-11,2018-08-11
2e7420ee22c67e138be5b887a1fbb53e,Anna Miller 25,Germany,1,2012-09-10,2012-09-10
ae0201ccf7c845f6894c22fed727bfc7,Edward Scott 5,Australia,1,2022-07-23,2022-07-23
6088d1b68954ea3146c8d93dbc76f8bb,Helen Patel 19,Australia,1,2014-03-11,2014-03-11
aadb9f0c35af0b998977ad85c2e6ca97,Jennifer Ramirez 14,Australia,1,2011-10-21,2011-10-21
65e5109ec8439dec63eb1eea9bf3f67f,Kenneth Tanaka 18,Ireland,1,2016-10-17,2016-10-17
ffa29173f55e42303908a5dc534bf508,Mark Miller 13,United States,1,2014-03-30,2014-03-30
824ac9241209b4b40cf39f216bbecadf,Mary Johnson 24,New Zealand,1,2014-10-04,2014-10-04
37a47988b483876e8bd457f128fa6e89,Melissa Allen 2,United Kingdom,2,2016-01-22,2016-01-23
f8c6b3e74ea24ce2a7439256f18b20bb,Omar Martin 6,Australia,1,2011-10-21,2011-10-21
d7169ad8b84e9057b9c061578e6f4f49,Aisha Ramirez 4,United Kingdom,1,2015-07-17,2015-07-17
8d87fd2a78e04fbfb65b558c6e2689f2,Anthony Costa 7,Czech Republic,1,2019-08-09,2019-08-09
6208b8d574f22a036df6297458b7fffc,Christopher Miller 10,Brazil,1,2011-11-28,2011-11-28
e21f13d193dc37a58a4e0556f3f04711,David Robinson 5,United Kingdom,1,2022-06-27,2022-06-27
e2064eb5e0b8d0d599cb750e0b277079,Edward Ivanov 18,Canada,1,2011-05-03,2011-05-03
9cce02969a39fda4f8fc883e32714c1d,George Harris 26,Australia,1,2013-12-23,2013-12-23
3a003244af0acf6ba79cfff148706fef,Helen Allen 8,New Zealand,1,2012-09-10,2012-09-10
af8f9c5cc700fc5d1470d5a4674ffcc0,Henrik Clark 11,United States,1,2013-08-27,2013-08-27
7d89b0849e72239a543bbb97c88fc6f1,Joshua Kim 6,United Kingdom,1,2008-10-30,2008-10-30
3eee85af619d34e3bf9cf7ab27f1554a,Kevin Chen 31,Netherlands,1,2015-08-30,2015-08-30
7ef81cfb4236121880972f023c66eccc,Kimberly Adams 30,Ireland,2,2012-09-17,2012-09-17
16e6c950f14fb04930da4e066b940d23,Lars Mitchell 27,Indonesia,1,2018-04-04,2018-04-04
1eac30dedb56e650eace43bed7870f13,Lars Thompson 29,United States,1,2011-02-14,2011-02-14
92ff466b87b72698b1d5283a079fb8cc,Mei Patel 3,Italy,1,2011-06-07,2011-06-07
2208652dc65c5c7f2cb9faab6b6edb35,Paul Hill 3,Saudi Arabia,1,2014-01-06,2014-01-06
6ed59ac44f7d81b04a3f07d143421a5e,Rebecca Okafor 12,Thailand,2,2017-07-01,2017-07-01
37afacbbcb007b32447e444d73492746,Robert Haddad 2,Hong Kong,1,2015-11-04,2015-11-04
c8c163c5aac5f5dffea7571ad33e3be4,Ronald Wilson 13,United States,1,2015-05-10,2015-05-10
364e07e60825a36e4c0d5cd5e98412a6,Steven Lopez 2,Indonesia,1,2017-11-12,2017-11-12
07d6804f6bd23b2d13baffc39fe06e99,Wei Miller 11,India,1,2020-04-25,2020-04-25
cdb899069a6d2cf4ba6d1e942a3d4969,Cynthia Torres 21,United Kingdom,1,2016-09-21,2016-09-21
7ef4d210660595383ca36150dfed21d5,Ronald Lewis 7,Netherlands,1,2015-08-30,2015-08-30
dff6052766318208ed92421957d0ff10,Sofia Johnson 19,United Kingdom,2,2017-04-21,2017-04-21
c8014dae813938884edceadff53ae7e6,Steven Hall 25,Saudi Arabia,2,2019-06-10,2019-09-06
c479bc3a93a754e410a42e6e8568f21f,Andrew Walker 31,United Kingdom,1,2007-04-15,2007-04-15
4899a07034ba36964628e48ebf041cf4,Diego Garcia 25,United Kingdom,1,2017-06-24,2017-06-24
10cdb90e652317e7ff38a323ca75fdc5,Joshua Ramirez 12,Australia,1,2014-05-12,2014-05-12
8424e329ca1bee93dc9aeea20b15df3b,Kathleen Ivanov 30,United Kingdom,1,2010-06-14,2010-06-14
fe390c991a898874dd19c8427afc4765,Matthew Davis 4,Hong Kong,1,2015-12-02,2015-12-02
722beec8445e8d8e22fea10b126df339,Patricia Petrov 25,Australia,1,2015-12-26,2015-12-26
c65b0500e89fe8b69357af25d6a4594d,Sofia Brown 2,Thailand,1,2017-11-07,2017-11-07
cacde31d58649eec2dd11b6f5ccdcda7,Sofia Williams 4,United States,4,2011-05-03,2012-09-17
0ab8e67388cd310f3cf3c98624cab410,Susan Rodriguez 18,China,1,2016-08-08,2016-08-08
9231fd216ac574b9cd6d46159414960d,Ashley Davis 2,Germany,1,2022-11-30,2022-11-30
de1e4dec17adfa5f7cdc3d3445b7175c,Carol Thompson 28,United Kingdom,1,2009-07-13,2009-07-13
9610916840e7e80d26a49e677bc46e05,Edward Costa 28,United Kingdom,1,2015-09-12,2015-09-12
600264972f0a91bee7a326722de011b0,Eric Torres 29,Canada,1,2018-05-13,2018-05-13
064b143fea9dc09d41d34922db71ab4e,Jennifer Jackson 24,United Kingdom,1,2009-09-18,2009-09-18
643254413e2adf49268c335618c3b881,Lars Williams 15,Philippines,1,2022-01-18,2022-01-18
5d4c302cce8686bf411fc1cf0e2ed2ed,Lisa Allen 25,United States,1,2015-02-25,2015-02-25
a09d970716d01dacafa2a5760759e5fb,Lisa Scott 18,Singapore,1,2016-11-29,2016-11-29
c5bae1adf3778f43a3f7634dd642f0ee,Nancy Adams 4,Australia,1,2015-10-05,2015-10-05
73ae75438b8c9971dbf6a81aafcce5ed,Sandra Nelson,Philippines,1,2015-01-27,2015-01-27
dc8bfe7842e8554ac3152c17716f8ced,Yuki Brown 13,Sweden,4,2011-01-03,2020-01-09
251700fd7af80c69cc5cc767126f97f1,Amanda Okafor 11,Canada,1,2013-12-23,2013-12-23
8a1664735ca68a1fad550af7896050ad,Anthony Rossi 27,Malaysia,1,2016-08-30,2016-08-30
3fb07c660df561f7bfe2bb0cd14ab307,Carlos Lewis 6,United States,1,2008-01-21,2008-01-21
05d2bb58e7910f496c34c8a5418d6434,Joshua Walker 27,United Kingdom,1,2008-08-19,2008-08-19
a1e1a3943be940fc02a92df088a4e8c0,Kevin King 20,Spain,1,2016-05-28,2016-05-28
b38c980ca4e458504286ad159bc60eb2,Lars Hall 23,United Kingdom,1,2016-07-16,2016-07-16
65a6988b5f897ddb3555f391eb27cbff,Lars Hill 20,Singapore,1,2016-08-01,2016-08-01
c9691b5948b6205fa0407012dc0ac6c6,Lars Rossi 11,United Kingdom,1,2019-01-04,2019-01-04
59fd028b18a84eba568befc42eca292d,Linda Moore 13,United Kingdom,1,2008-05-30,2008-05-30
ac403a3441dafd3d7ec118178a50c757,Matthew Ivanov 24,United Kingdom,1,2013-11-15,2013-11-15
f111e78f3e9881ded2e7bfeebc4fd7df,Patricia Sanchez 22,Hong Kong,1,2017-09-28,2017-09-28
a56d58f6d19bf7d125ded24db5234ae2,Rebecca Wright 5,Canada,1,2014-03-30,2014-03-30
d86c896b92ba6b119b6ce384dad12317,Robert Haddad 25,Hong Kong,1,2012-02-28,2012-02-28
46d80e8a7e9cb0fb2db4658cef616df9,Sharon Mueller 7,Indonesia,1,2016-02-07,2016-02-07
daebcd55007aa2b42ce1a2682fb7855a,Steven Petrov 5,United States,1,2015-02-25,2015-02-25
7e182cf51530f1cca890cd2c9bdedd3f,Thomas Nguyen 26,Canada,1,2022-10-02,2022-10-02
0ee58878b5ee085e152c1bbc0e7587b4,Thomas Roberts 8,Canada,1,2014-10-04,2014-10-04
8de2c0b11d1814a1e83b9f7e0cf5e8de,Wei Sanchez 15,United Kingdom,1,2016-12-06,2016-12-06
aba662e4f714bb08db47ed5bc714dc11,Andrew Flores 20,France,1,2020-04-17,2020-04-17
28895e038219cb7ae77005717de74235,Andrew Nelson 24,United Kingdom,1,2018-04-27,2018-04-27
0b8860546cee435972b641893fecdcc1,Ashley Nguyen,South Africa,1,2015-11-20,2015-11-20
2f549f238cea22e108562c69c98d8500,Charles Gonzalez 24,United Kingdom,1,2013-12-23,2013-12-23
c716333fb604b5fd88557663dd0ee47d,Christopher Robinson 31,Israel,1,2020-01-26,2020-01-26
839e8e19dba8a315bca64368be95f008,Cynthia Kim 9,United States,1,2014-08-06,2014-08-06
5f6f2dc3eb31648d67178948ed670007,Daniel Thomas 20,United Kingdom,1,2014-07-24,2014-07-24
f1cde7a79e161f972547000bce548e0a,David Thompson 3,United Kingdom,1,2016-11-21,2016-11-21
3605f142b21dd32911eff0908251bd40,George Green,Australia,1,2013-07-31,2013-07-31
8d51353c9e4dc98937499890df15d964,Helen Rodriguez 4,United Kingdom,1,2011-09-17,2011-09-17
1b187865133cd48da865321a67d93855,Nancy Campbell 6,United Kingdom,1,2014-08-11,2014-08-11
052b6be667330736037f3ebf7b237c56,Rebecca Haddad 20,Germany,1,2015-11-25,2015-11-25
5129f306439012e62f506767a3db367c,Sarah Singh 4,United Kingdom,1,2015-01-27,2015-01-27
64a67859d37aafcc67da232c985a0640,Carol Johnson,United Kingdom,1,2018-10-22,2018-10-22
7a39af9e416079a368571df2bbf45555,Elena Rodriguez 7,United Kingdom,1,2010-01-23,2010-01-23
82d75ea1eb3b2f14acef16efed0bfb3f,Eric Allen,Hong Kong,1,2014-10-03,2014-10-03
0e42bd3b565f1c3fa05fc9629761f207,Hassan Perez 2,Canada,1,2016-04-23,2016-04-23
927c24549c58af096bc7f1631acdc485,Ingrid Miller 29,Russian Federation,1,2019-02-07,2019-02-07
80557d79edd152cd371357ad80bf1191,Kevin Garcia 10,Germany,1,2015-03-22,2015-03-22
8693a47dbbdc9964b32a62245bf417dc,Kimberly Jackson 13,Russian Federation,1,2020-01-19,2020-01-19
d3695b7f0bc1c204f1cd0a938922ad2a,Mary Brown 15,United States,1,2014-11-19,2014-11-19
ab0d9b7f40951d9ae64618939c51f1a2,Melissa Davis 28,Belgium,1,2013-12-21,2013-12-21
012ec27b86e88c8bbc470bfe6e96ef82,Paul Kowalski 24,Finland,1,2017-05-30,2017-05-30
f3a53cfe09bb5b6610fd77f8fff95b0c,Rebecca Nelson 20,United Kingdom,1,2016-06-14,2016-06-14
d40d90a856b97ef150bb12e81e204dc3,Robert Lewis 11,United Kingdom,1,2011-10-22,2011-10-22
5a74742cf2a4a16f733781c2892f8eee,Sandra Harris 20,Australia,1,2015-12-23,2015-12-23
2055bff1024a3784f76507d4ea3470cf,Sharon Sanchez 21,Saudi Arabia,1,2016-02-14,2016-02-14
d8adf48f08120567ade9f906bd6898d8,Stephen Sanchez 13,United Kingdom,1,2009-11-10,2009-11-10
c0d073f3f960914962b8eb4879d3e806,Aisha Costa 25,United Kingdom,40,2017-12-16,2025-12-18
3f3bdadcf10070e4948824a9c6fd114c,Andrew Chen 7,United Kingdom,1,2014-10-22,2014-10-22
bbb5978bf0f8eed329e42948852ae5a0,Carlos Miller 2,Sweden,1,2015-06-21,2015-06-21
491f240f6e01c63108ea44327daf39c4,Charles Perez,China,11,2016-04-13,2017-06-03
fa4b51d96ecc6a236db4c6a3551e8260,Christopher Kowalski 21,Thailand,1,2012-04-04,2012-04-04
a9a33fd00a408142a2a648ca486076d2,Donna Baker 29,United Kingdom,1,2008-02-25,2008-02-25
52aebec91cc6e86b99aa091d72a7af83,Emily Martin 24,Canada,1,2014-05-01,2014-05-01
6f9f0ee9aa2c34f05f03d9d0eaad4636,Hassan Baker 17,United Kingdom,2,2006-12-14,2006-12-14
0f363eb13390a882234c58974c6ffd62,Hassan King 6,France,1,2016-08-28,2016-08-28
e351f1f5adac90824ba61cbc19d9aac8,Helen Mitchell 11,Australia,1,2015-01-27,2015-01-27
98f4d721c589c4f86f7c0b09558c982b,Helen Torres 30,Australia,3,2014-08-02,2014-08-05
c276af838e512412ebd04e9e9c871412,Henrik Harris 7,United States,2,2020-11-03,2020-11-03
f096887e419c18eaf518930f554d9939,James Andersson 15,Germany,10,2023-05-21,2023-12-19
50c03b7a9dc520fad5858ce5b2fad934,James Schmidt 24,Brazil,2,2013-07-07,2019-03-23
64f5774503dddfcdf8b1d36917c1fb9e,Jennifer Tanaka 15,Australia,2,2012-06-18,2012-06-18
9c4e98e2472c2feb327df6a0f1e95da5,Karen Garcia 12,United Kingdom,3,2007-09-16,2007-09-16
30738af9b8bebf32cdae41b54a51fecc,Kevin Haddad 22,Thailand,7,2015-07-01,2018-04-20
9d479e17ad9904f21997a104d2a6de04,Kevin Scott 27,United States,1,2016-08-29,2016-08-29
8a0d023b0806d513526f3bf12c2f0c05,Kimberly Hernandez 24,Australia,1,2018-11-25,2018-11-25
af5368908977233854aa2be8d4d5aa85,Kimberly Torres 10,United Kingdom,3,2015-06-04,2019-03-11
b8f9659cec64b513e80547dc7a16ae0a,Mark Haddad,Saudi Arabia,1,2017-09-18,2017-09-18
b8e1e15638949aa837530beb35f7ac4f,Mei Adams 14,United Kingdom,2,2016-03-12,2018-05-31
b4baeb90ca4a6e2002a8c9028d8ee7fc,Paul Jackson 8,Australia,1,2015-05-10,2015-05-10
965c1513ca08ee6bf9e53051a887424d,Sharon Martinez 13,Singapore,2,2016-08-01,2016-08-03
0316d9d93c86550c1d84e6cbd80e8258,Susan Hernandez 29,Switzerland,4,2018-12-23,2018-12-23
84731a243673ae7e776071d7e3249c25,Wei Baker 8,United Kingdom,1,2023-02-13,2023-02-13
e774078d6e0a260bbdada531fbf8a003,David Williams 10,Philippines,1,2011-05-01,2011-05-01
06e5dc66fb1e187360abb126eeaf2ec6,Eric Wright 22,France,1,2017-01-26,2017-01-26
2333b3714817c52b28a0e3e26dad6c8f,Helen Rossi 2,United Kingdom,2,2013-07-07,2013-07-07
24a3db06792c29625fc3e8d6283a9ce4,Kenneth Torres 18,Singapore,1,2016-11-05,2016-11-05
b46f6d6606767be8ecbacbb542912bb8,Kimberly Hill 10,Australia,1,2013-09-15,2013-09-15
f92ac01308f4a5e26bcd8e5a0abd95f4,Linda Kowalski 21,United Kingdom,1,2008-12-30,2008-12-30
f9d3b6bc2dc1126ef72f9803ea59aa8c,Mei Andersson 31,Ireland,3,2017-08-04,2019-05-22
2613705c486cd33bc69a1ab16687e777,Nancy King 29,United States,1,2015-01-04,2015-01-04
d7af2f904d7ab96b251b4f418e0dd6e8,Priya Andersson 2,France,8,2015-12-13,2019-10-23
5663d796c97c591dd60821d82121eadb,Rebecca Lee 28,Bulgaria,2,2017-06-19,2017-06-19
43ca63003ef90b251ac24c31d420cbca,Rebecca Mitchell 27,Australia,1,2017-04-07,2017-04-07
eba2f859e16f863dd0e5012ca88f2e3f,Sandra Haddad 16,United Kingdom,1,2008-02-20,2008-02-20
1299c830f9a18496d0ff54e17829e30a,Sarah Haddad 21,United States,2,2022-06-30,2022-06-30
a901e7f4c4c709991651b07b89e82a4c,Sofia Lewis 10,United States,1,2014-08-02,2014-08-02
d5dfce58066e4e123e22f62fa3cf47d2,Susan Allen 2,Denmark,13,2011-01-10,2023-11-23
6a1ce4b460154ee98606ca8db26c59ec,Andrew Haddad 6,Norway,1,2015-07-05,2015-07-05
57bd3ef40635d553dc79423473334baa,Andrew Rivera 29,United States,1,2017-05-21,2017-05-21
4aef10ecdcd676b9c69cb8fc4c63d196,Anna Roberts 27,Chile,1,2012-08-05,2012-08-05
6bfb418ca6185af79a5e4fde6de76342,Carol Brown 27,Australia,1,2013-11-15,2013-11-15
2279a00acc5e213f8794219151951d66,Elena Petrov 20,United States,1,2018-11-10,2018-11-10
d2b219488fa6f4318aabd1496bb12e06,Emily Patel 6,United Kingdom,3,2011-05-22,2013-01-18
6d148ccc2343c4a2592cb06e830d06d9,Eric Kowalski 14,United Kingdom,2,2009-09-20,2010-06-14
fe15a718faa0beb560c3ee415d6b17b8,Fatima Haddad 9,United Kingdom,1,2008-01-16,2008-01-16
7a9b50a4d93c3179b708fa72541b2d76,Fatima Kowalski 5,United States,2,2011-05-03,2011-05-03
e8e6717e0049a6ac56202323c90256ee,Hassan Miller 13,United Kingdom,3,2009-11-10,2010-07-14
1020b2cf1adca2b8778e2024234ee072,Jason Johnson 3,United Kingdom,4,2017-01-28,2018-01-17
f960c3065f2dae7f05862581bb34ea24,Kimberly Chen 7,United Kingdom,5,2011-05-01,2013-07-31
eaba6f87f64e117ea6144b0fc46240b4,Laura White 20,United States,3,2015-09-04,2015-09-14
a077cd2195abdade9ef49e56f90a04e7,Mary Brown 5,Australia,1,2013-10-06,2013-10-06
48e0dacbf2b85c3cefadcffc671f3f4f,Matthew Moore 16,Australia,1,2012-10-04,2012-10-04
52f881ee971316e7b064667ae3cabc03,Mei Wright 22,United Kingdom,2,2009-05-04,2009-05-05
24ae9936792c732b690ddba1fe71c2de,Paul Costa 14,Hong Kong,3,2016-01-22,2016-04-27
7d801f520625d59e0a647e42957dad1d,Robert Brown 12,Germany,1,2014-04-14,2014-04-14
669d152a6bca08a5fc31b44b1f08c32b,Yuki Moore 29,Germany,1,2013-04-04,2013-04-04
8553bfa1ad9854ab4b0fb789ad59a681,Amanda Petrov 27,United Kingdom,1,2014-02-20,2014-02-20
cf3b884f13236ffecd5861b93654f3ec,Andrew Perez 22,Germany,1,2016-03-19,2016-03-19
87b78654e789181302103f202fa8fd4e,Anthony Ivanov 13,Germany,1,2015-03-22,2015-03-22
092f29609d809eece01dc891fe450f48,Anthony Mitchell 28,United Kingdom,1,2008-02-20,2008-02-20
f6622a13426af85eeecf44ca63fe459b,Emily Brown,United Kingdom,1,2014-03-11,2014-03-11
a7adbea2b64bb94316cffa5d5c654f9b,John Tanaka 14,Australia,1,2012-10-29,2012-10-29
be66d715e2624599a85a253ef5618282,Joshua Kowalski,United Kingdom,2,2009-06-04,2009-12-04
875085753b31ad89b860479bffd168ba,Kenneth Robinson 19,United States,2,2014-11-19,2014-11-19
24d6c857cd97b38fb94eb98bff713653,Kimberly Chen 22,Norway,1,2013-08-14,2013-08-14
0d4f5e7ad353af9d5fc6dd09ca3179d9,Mei Robinson 21,Hong Kong,1,2016-05-15,2016-05-15
39d56af39c92be4663d805bf7ebff3e3,Michael Smith 30,Australia,1,2013-04-24,2013-04-24
2aef2c00d58ba2f9c5b9d7410b00547f,Michelle Allen 6,Australia,1,2012-12-23,2012-12-23
8eff3a51740cb9483b263497d91f8f7b,Michelle Baker 24,United Kingdom,1,2010-07-21,2010-07-21
d2bf722b8258ab3df6743d22b465a82d,Susan Okafor 26,South Korea,4,2023-04-24,2023-04-24
38df8fab3d89f7a9a8db2e26cdcfb7d1,Aisha King 6,Switzerland,1,2012-09-17,2012-09-17
ab3b8f42bfe9e5bcf58f3f9fb04cd704,Ashley Patel 21,United Kingdom,1,2010-11-21,2010-11-21
fd09d760027256fc72f7ecb8f2906d51,Donna Brown 23,United Kingdom,1,2011-05-01,2011-05-01
07c1b43f616d6365e8d135593edbc6bb,Edward Lopez 26,United Kingdom,2,2012-08-05,2012-08-05
bf9a01f3deabb8c9f7e74be3c5a4bedc,Elena Nguyen,United Kingdom,1,2015-05-10,2015-05-10
6a7ea2f27194b768ca83465f7a719540,Eric Torres 10,United States,1,2019-11-21,2019-11-21
e83031ba294daeb44ef14de7b06b8e5c,Jason Anderson 27,United States,2,2015-11-09,2015-11-09
0678b48a8b3aceaccc92035e4025f5a5,Karen Roberts 23,United Kingdom,1,2014-02-07,2014-02-07
70c8a3f1622b3eb1c07f36ae100f971b,Laura Miller 27,United Kingdom,1,2018-05-10,2018-05-10
f31e14429f100292dc18231a265ad352,Linda Harris 26,United Arab Emirates,1,2016-10-20,2016-10-20
96f0a0b690a9b421062acee06d068767,Michelle Ivanov 2,United States,2,2016-01-27,2016-01-27
8289de51ef2d0e42a2925c43622f7f47,Paul Patel,New Zealand,1,2016-01-11,2016-01-11
89a4e0108f13e86a2e35420ad5af8ab5,Sharon Martin 28,United States,1,2015-01-02,2015-01-02
50511c2aa07542f730f0d4503ca5249f,Anna White 13,United Kingdom,1,2010-05-01,2010-05-01
ab669e097703e311a9b5a60d9c6230ae,Brian Sanchez 17,Israel,1,2018-08-14,2018-08-14
e67248ec7beac1556c0db898c567d6a3,Christopher Anderson 19,United States,1,2013-08-05,2013-08-05
c7d7de8482c1f8ea9b8d093071de3ce7,Daniel Lee 5,United Kingdom,1,2013-02-25,2013-02-25
055b2c76f09db5caafbe9f26c434aa58,David Carter 5,Brazil,1,2015-12-20,2015-12-20
37d5ed142cd6d3f168e2471500fcc6e1,Eric Wright 19,United Kingdom,1,2017-01-26,2017-01-26
eb364a4e23c397c0e2e3e1e1cac4f905,Helen White 9,United States,1,2015-09-08,2015-09-08
bb0a2e0379395b8fd67ffc9b544be5d6,Ingrid Rossi 21,United Kingdom,2,2010-01-19,2010-01-19
57152ef656bae375171800709828a304,Mark Garcia 13,United States,1,2011-10-26,2011-10-26
de2d012fd8689b9b53abbb2a68b3d5f6,Ronald Green 24,Brazil,1,2015-07-28,2015-07-28
3bb1cd9603094ade32767f876b2b1d08,Sandra Carter 2,India,1,2024-06-09,2024-06-09
c9056f73e63cfcd20e42cd34829d8a84,Anna Chen 19,South Africa,1,2014-10-05,2014-10-05
5b0ff4cab8ad906c5d0b1a5bf20c4f0a,Ingrid Perez,United States,2,2014-03-30,2014-04-14
b775142c1c1b413c6aed5f8c6b542f95,James Allen 19,Hong Kong,1,2016-05-04,2016-05-04
3b85c2ad7ec9eec33f9c3e88c240988f,Kevin Hill 2,Hong Kong,1,2016-02-05,2016-02-05
8eb9a7587473db42bed30aab342c612b,Kimberly Miller 12,United Kingdom,1,2015-02-05,2015-02-05
263b576b3d2f41e9ea5b7f37718b2f9c,Linda Hill 25,Philippines,2,2025-04-18,2025-04-20
1f4323220f6edab0b906ebef08e1575a,Mei Thompson 18,Italy,1,2012-08-05,2012-08-05
936a6af3d1de61542bc2c3dffa5ebf6a,Michael Davis 9,Belgium,1,2019-01-31,2019-01-31
d40d4119378fabed90573c43e2e893bb,Priya Jackson 28,Luxembourg,3,2011-11-28,2015-10-09
3221539c1268942bbe9f6f5f090e0dda,Rebecca Hall 12,United Kingdom,2,2016-09-05,2016-10-18
84ca32f7e9176d78f2661d61c02da03a,Rebecca Singh 21,Brazil,1,2015-09-26,2015-09-26
d4a1ea92265d5919514a6433a1fd60cb,Susan Ivanov 25,United Kingdom,1,2010-06-14,2010-06-14
d241675382a359b0d5c7c0ffacfd9b83,Wei Johnson 14,United States,1,2012-03-28,2012-03-28
432bbe0d146e471c6cd8ad37cefe75ca,Wei Martin 11,Vietnam,1,2014-11-19,2014-11-19
d621f6aff5b5e13f12b7dae2ec809470,Brian Okafor 6,United States,1,2011-09-17,2011-09-17
06c4947f2debf11eb22b8e3be33650ee,Carol Walker 28,United Kingdom,1,2018-02-12,2018-02-12
6521d1d7a79a0311abdf09a2d80b81c4,Charles Martinez 24,United Kingdom,1,2010-06-30,2010-06-30
bdb4b1e0fc2def393cf0044c6c865856,Helen Lewis 29,United Kingdom,1,2022-09-13,2022-09-13
c9caf74bd4cf1013d1c86804fb86a42a,Jason Martinez 28,France,1,2017-06-15,2017-06-15
957840e286afc0d83add107073b52bf3,Kathleen Ivanov 16,Thailand,1,2019-11-02,2019-11-02
57db40914f164b9a8b489bcb5bbb03b4,Laura Williams 26,South Korea,1,2013-07-07,2013-07-07
fe28f3cce178d467247763d0bb705365,Mary Scott 26,Hong Kong,1,2017-09-02,2017-09-02
a0c6edd4ba5686352415ae4aebc057ac,Matthew Garcia 16,South Africa,2,2012-08-05,2015-11-29
c9ea419a2e07fa10a89136c31e39abf0,Raj Ivanov 22,United Kingdom,2,2014-02-20,2014-02-20
c33d915fb2260751f2b148bdec3fa1d0,Sandra Davis 29,Hong Kong,1,2012-12-23,2012-12-23
ab0889a3da47594716b6e057cb32edb7,Yuki Carter 10,Cyprus,1,2015-10-12,2015-10-12
ac0f66d2beb1725c232396a19017ca92,Diego Andersson 29,Singapore,1,2022-11-16,2022-11-16
f20964b6b2f5f10d82d4a1fb13073f0f,Eric Allen 24,United Kingdom,1,2009-11-10,2009-11-10
21f890c3cf36a6593580c4885be88158,Fatima Anderson 27,Australia,1,2019-04-25,2019-04-25
35957b541943a8ab82043a0988e09500,George Rodriguez 15,Malaysia,2,2012-12-25,2012-12-25
6ce954f573038b1c0bf79f2dfcc8723c,Linda Martinez 26,Indonesia,1,2011-05-23,2011-05-23
bf1545fa51f9e5a14b74014dcdf862fd,Linda Perez 19,Sweden,1,2022-10-20,2022-10-20
1891bac23e23751cbbcefd020f6c48e8,Melissa Wilson 11,Canada,1,2017-02-22,2017-02-22
48bee3061976b1ac3de5642dec970b80,Michelle Costa 6,United Kingdom,1,2016-09-08,2016-09-08
56e1bf181c5490b27a4221a88e8ff877,Steven Rossi 20,United Kingdom,1,2015-01-02,2015-01-02
c73ff2dca320011d0baeee40ed44d65a,Susan Allen 2,Rwanda,1,2025-12-06,2025-12-06
83bdf10a90982e524ce1409bb388d54d,Carlos Carter 16,Canada,1,2015-08-18,2015-08-18
cac9ddd73b827967be4b96ddc697c785,Christopher Williams 11,United Kingdom,1,2026-02-05,2026-02-05
d831f15b682d68fbe7325ec77e29598d,David Patel 23,United Kingdom,1,2007-01-05,2007-01-05
788743381bb30b8b2eb33b4ecb5be70b,Donna Martin 30,Switzerland,2,2016-07-27,2016-07-27
50b90e45055a03827eb1cfa4fe53597b,Henrik Haddad 11,Canada,1,2016-11-29,2016-11-29
bb11b2ba2648ad97590c69f6f4eb46fd,James Wilson 30,United Kingdom,1,2010-07-07,2010-07-07
16a7ee1c891f9c44c38dc3e7b45271af,John Kim 12,United Kingdom,1,2016-04-03,2016-04-03
3f89dbd7eca637052a66c456346c4b49,Joshua Garcia 2,United Kingdom,1,2010-01-14,2010-01-14
2b4060378eabca7a626fdf8db5979b10,Kenneth Kim 23,Germany,1,2017-02-14,2017-02-14
72a46e540bc144cb17b95ba1ce68696e,Kimberly Hill 8,United Arab Emirates,1,2016-05-13,2016-05-13
becaf242978ce03fe26a437512fec9bb,Kimberly Nguyen 14,United Kingdom,1,2022-12-13,2022-12-13
7743b20bbeead2de52985182b8fba1b8,Lisa Nguyen 23,Sri Lanka,1,2017-10-19,2017-10-19
d58b15efb453e50044e444d9ae2aa2a5,Michelle Kowalski 21,Ireland,1,2011-05-03,2011-05-03
4e307a64b535b3bab2ea7f43425567bf,Raj Brown 22,Norway,1,2015-11-13,2015-11-13
3facbeeada868ace7644c6d4a802f2c1,Ronald Tanaka 8,United Kingdom,1,2008-09-02,2008-09-02
4d82994b563d255ae2b02a4374530a3f,Brian Johnson 8,New Zealand,1,2011-09-13,2011-09-13
ac0c12cb326d99e803727df93479c03f,Charles Perez,Canada,1,2020-03-29,2020-03-29
4b5f4263ebe5657b7b4b4d374508e770,Christopher Okafor 3,India,1,2017-09-30,2017-09-30
245cb5e423966a4ff2e5269a56a154b7,John Haddad 8,Macedonia,1,2016-04-09,2016-04-09
9a68a967a62225590f9ca5ea1dad9743,Kenneth Ramirez 28,United Kingdom,1,2012-06-18,2012-06-18
e0b515216bc40fc0d66320180b8273dd,Lisa Hill 27,United Kingdom,1,2023-04-13,2023-04-13
6d9fedd3c49592c4b5fbbde2862525ad,Mark Brown 7,Switzerland,1,2023-11-21,2023-11-21
6554a8300e1bf2c8901481dee246abb2,Mary Campbell 24,United Kingdom,1,2015-01-02,2015-01-02
013ef1f9f0466041958b44608776ffd7,Raj Miller 26,United Kingdom,1,2016-01-17,2016-01-17
570c0243f8fdb30478e31d9b7f11a75c,Steven White 24,Switzerland,1,2015-02-21,2015-02-21
913717608a9987afd67ffa7763ac2a90,Susan Clark 9,Australia,1,2018-01-01,2018-01-01
36a166ab56e02a9d5b4c85e500f1bb17,Anthony Mueller 17,Australia,1,2012-08-05,2012-08-05
9ec92bfcd584550f11a79348407058e8,Brian Flores 24,United Kingdom,1,2023-09-01,2023-09-01
be94e8a63d2d4ec1d70b4c757f60aece,Cynthia Haddad 5,Indonesia,1,2011-11-28,2011-11-28
0d9757722bdf31e08cd4a6aa18283ffa,David Thompson 30,United Arab Emirates,1,2012-10-04,2012-10-04
f028617a14756551b89b75b44d03ab88,Henrik Mitchell 28,United Kingdom,1,2019-03-13,2019-03-13
0ba2895782c11c1a9f97fd9e27177bfe,Kenneth Smith 27,United States,2,2015-09-04,2015-09-04
083a8d87a0106b023f3e1f15545c9c80,Linda Ivanov 13,United Kingdom,1,2015-11-03,2015-11-03
48897196b0a72edc0f39d88ec5a0872f,Sarah Thomas 14,United Kingdom,2,2009-05-29,2012-05-21
20f85bd69e2a9d48077c763e2bc8a0f3,Sofia Perez 5,United States,1,2019-11-17,2019-11-17
b46bfbdba8541f69b38916928364ad55,Yuki Chen 10,France,1,2011-11-28,2011-11-28
308991b0ee5bb9b08eb961e4d88a6af6,Amanda Scott 18,Canada,1,2015-05-10,2015-05-10
1b75a43ffdf15c523209ed7901ab6fcc,Daniel Rodriguez 19,United States,2,2018-01-23,2018-07-26
26896f3d1f994ec537f445c80ba66fbf,David Nguyen 20,Australia,1,2019-10-04,2019-10-04
9616544935274dadf86122ac39a6edfd,Diego Taylor 27,United Kingdom,1,2015-06-11,2015-06-11
91a092f194f49509e9daa3bd97dd8cfc,Donna Wright 31,United States,1,2012-09-10,2012-09-10
d518108faff251ae876a113fa053877e,Elena Hall 7,United Kingdom,1,2008-07-04,2008-07-04
ec15b93ce2d843ab685378ca62f65343,Lars Adams 14,Australia,1,2019-09-11,2019-09-11
f203c6bd27fa7649b09a462149bf759b,Matthew Williams 13,United States,1,2013-03-08,2013-03-08
b5b21d9d4260156a8f6b3d4717ff7d65,Melissa Patel 11,Romania,2,2023-08-31,2023-09-02
0c8a8c072bc28a52e5aa684c78661e6c,Sandra Davis 15,United Kingdom,1,2010-02-01,2010-02-01
cb9872078f87ec2c3c788943a7d30d84,Sofia Perez,Australia,1,2014-10-04,2014-10-04
6dc58fd31458c7b234968e72064a9995,Anthony Hernandez 13,United Kingdom,1,2011-10-21,2011-10-21
7026e656bee2d3eed156c36b9eedd2fd,Ashley Walker 13,Australia,1,2017-10-22,2017-10-22
976c15e6def221e686ae6aa4f3a1c659,Jason Perez 7,United Kingdom,1,2015-08-24,2015-08-24
672c1cb42caa3f60f7b8bf28b3d3977b,Karen Thomas 19,Denmark,1,2020-09-15,2020-09-15
d08722174ec2cbc4a870f90689d42921,Kevin Singh 23,United Kingdom,1,2014-08-05,2014-08-05
57e51c6a113b79352b3035944437ec83,Mark Moore 31,Australia,1,2018-12-26,2018-12-26
f06f62ebdcda08ca63de9d5833c4393b,Ashley King 24,Russian Federation,1,2013-08-14,2013-08-14
4790c5483e65a307e3116a5379bbe94e,Charles Lee 25,United Kingdom,1,2009-06-04,2009-06-04
bc3eb856f1b23e97217eb203e64eddec,Jason Okafor 20,United Kingdom,1,2016-08-07,2016-08-07
87c22b9199a4705e0c0ca783deef0577,Lars Hall 5,Canada,1,2021-12-04,2021-12-04
b9f28f1124cca0cfd3a7bae2fc2f1054,Linda Rossi 25,Australia,1,2018-09-06,2018-09-06
1874d9b4d3029d7c2877a31a2d47b43d,Mary Flores 23,Australia,1,2016-03-14,2016-03-14
7877fa39e9fee080b48bb40edab6662d,Omar Green 17,United Kingdom,1,2017-10-01,2017-10-01
8214bbd1c968b291fdc0beb0ceaf3200,Christopher Davis 23,United States,1,2015-02-21,2015-02-21
bda68b0f7f3924b2126715dc21743085,David Moore 8,United Kingdom,1,2014-06-04,2014-06-04
d8b26e11487d50682570ed04e90e2b23,Elena Andersson 5,Japan,1,2012-10-29,2012-10-29
bd676ba4e3ecbfeed82832ece50a020a,Fatima Hernandez 26,United Kingdom,1,2015-05-10,2015-05-10
4a54d32fcdfc483fff580227e6cea3f4,Fatima Martin 25,United States,1,2017-04-09,2017-04-09
40079d11d1de17a5a28b66a3a3503956,Kevin Taylor 11,Canada,1,2012-02-07,2012-02-07
ccf408ab8982ce263761de2286592a9d,Laura Lewis 21,United Kingdom,1,2017-03-19,2017-03-19
1c2c205bffae069d9178cf7868e41071,Raj Campbell 6,Norway,1,2013-11-15,2013-11-15
5cb2cd6c3a7db69f585d1b5499652de8,Rebecca King 13,Philippines,1,2018-07-27,2018-07-27
825238d9872f9832181250f0158c8e2a,Steven Campbell 11,Botswana,1,2015-10-06,2015-10-06
b20f00c32b9075bca43d0b562ae1e56e,Anthony Moore 4,United States,2,2017-06-13,2017-06-13
2922361f19c8782e6e9c73a06598c252,Brian Walker 14,United Kingdom,5,2017-11-14,2017-11-14
3038f44caee4e3af949d919264e69b9a,Charles Clark 30,Greece,6,2017-06-21,2017-09-28
b460b41481861157eb91ddd1759a40ca,Charles Moore 25,United Kingdom,1,2014-04-22,2014-04-22
65c77d69aac3c151af1072edb220c67a,Donna Jones 8,United Kingdom,1,2010-07-31,2010-07-31
d983ac69526077dfd6754bcc22c65efc,Henrik Baker 27,United States,3,2016-01-06,2016-01-06
05ff6f5d8966dbbcc92cb470e90c5284,Henrik Thompson 19,Canada,2,2011-09-17,2011-09-17
f86b055c95c2db058e2978fe7f4af8a5,Ingrid Davis 11,United Kingdom,2,2009-08-14,2014-08-02
7aa0ea0a4434ea1644d24c0735011fd4,John Adams 20,New Zealand,1,2015-03-22,2015-03-22
f20aa4825f28097bda6f8e0cddf450ab,Kathleen Scott 31,Australia,3,2016-05-22,2016-10-30
4a0862fa399de30e47b748ba9e6cc444,Kimberly Martinez 18,United Kingdom,2,2011-09-17,2012-12-23
4f7721787fd7bb640130e193349b6da4,Lars Nelson 10,United States,1,2012-10-29,2012-10-29
9226005593a3495e9ee5a28327a6ae62,Laura Perez 7,United States,1,2017-12-16,2017-12-16
80c25006b2d3323281578e59b89724ca,Linda King 7,United Kingdom,1,2014-03-11,2014-03-11
2fe331d57d8569d26b86997a9180a4d7,Lisa Patel 29,Finland,2,2016-04-27,2016-06-01
712236010a7b19e4b97d9520005d278e,Melissa Thomas 30,United Kingdom,1,2015-10-13,2015-10-13
6a5b0709481a492f20cbde2a29996bf4,Paul Robinson 19,Germany,3,2017-01-23,2017-03-18
728129343f8e3f5d452f8805d95667f3,Stephen Smith 13,New Zealand,1,2013-10-07,2013-10-07
27d8883a23827000ac0818307df511db,Andrew Hill 26,United Kingdom,2,2008-08-19,2008-08-19
73f3e4ad4df9646c857dfd39fe6d4eb9,Anthony Taylor 27,United Kingdom,1,2019-08-25,2019-08-25
e29a4e71bc393b978a4ca7a7659cf51d,David Petrov 26,Netherlands,1,2018-03-29,2018-03-29
cb30c4875983586928f605f0578be0c3,Diego Perez 20,Canada,1,2016-12-15,2016-12-15
800d38f6f1649e712f75bc504cde93b4,Donna White 17,United Kingdom,2,2016-11-05,2016-11-06
30e8d5fea7666a8a09dc125fce7151d2,John Hall 26,Switzerland,1,2018-04-20,2018-04-20
0be9c93b2271979acd5e121052871f2c,Joshua Torres 23,United Arab Emirates,1,2011-10-21,2011-10-21
57bd81898b54a4961854b85c3dde7566,Priya Andersson 16,Thailand,4,2016-11-23,2019-08-19
4b0429edbe18eab7de2387f0582a1890,Priya Mueller 24,United States,1,2013-01-11,2013-01-11
1872c26d27775759e19da3b993d8ffa5,Sofia Gonzalez 11,United Kingdom,1,2009-11-09,2009-11-09
cf03e045e984fd845b8dd2e37646732b,Stephen Patel 10,Oman,1,2014-10-22,2014-10-22
f91ebbdf54dbaad896750dd50b4a4e15,Thomas Singh 3,New Zealand,1,2011-02-14,2011-02-14
b3c95de0d307bb60dc35aed9a0ebefe7,Carlos Perez 4,Thailand,1,2015-10-09,2015-10-09
75a7a8a8553839d5212591e7cf3c24cc,Carol Lewis 10,Malaysia,1,2022-05-09,2022-05-09
fc8ae2f23ba79c2e8f39c6bf90971882,Christopher Baker 25,United Kingdom,1,2009-12-20,2009-12-20
8dba2756581a7dfe18efecedd2b966b7,Christopher Harris 13,United Kingdom,1,2019-09-28,2019-09-28
b52f6ffa25f6f543a7f873bfbb167455,Daniel Lee 16,Thailand,1,2013-07-07,2013-07-07
2f40c13e19567ea92f50c615b2573715,Daniel Mitchell 20,United Kingdom,1,2013-09-15,2013-09-15
2749375a23df5f38e393df17d3cb2561,David Rossi 24,Australia,1,2012-04-24,2012-04-24
adf0b20c9cfaa870e76fab8bf8d92868,Jason Davis 28,United Arab Emirates,3,2015-08-24,2016-08-05
e4d4b6811bb8afebf088496489ae75af,John King 25,United States,1,2019-06-30,2019-06-30
8b0b2a2faf30f73fea5fe805ca3b2f47,Michael Gonzalez 17,United States,1,2014-08-05,2014-08-05
19e49fa77b6318840f734781970d8e65,Nancy Petrov 31,South Korea,1,2017-12-30,2017-12-30
79206d77c26eadce040c82a66c5c01d2,Paul Ramirez 23,Australia,1,2011-01-28,2011-01-28
0c454203f1d1d85232cf833dde8569f1,Sharon Flores 26,United Kingdom,1,2015-02-22,2015-02-22
ac7dd5766cdca11a972982185506d06a,Amanda Nguyen 3,Bahrain,2,2016-07-24,2016-07-24
26aa86c98e3e6d528f08ca39259f2520,Carol Hill 3,Australia,1,2013-10-06,2013-10-06
28ae0d87fc711f3efafb5f5362b1b232,Elena Smith 27,India,1,2026-04-11,2026-04-11
dd3d646437859472e9f102bf8e6d60fa,Ingrid Mueller 24,United States,6,2017-04-25,2024-02-16
46e1b7d24ebc8651fdeb590eac020531,Jennifer Harris,Australia,1,2015-04-02,2015-04-02
7388b33c2aeb94adc16c3edd3f474700,Jennifer Wright 7,United Kingdom,4,2009-08-12,2010-01-12
af05fdf3e6291d4b6f99bf931328c2bd,John Tanaka 24,Japan,1,2013-11-15,2013-11-15
b15950c149f266bbcd8aac570e1e7d00,Kevin Davis,United Kingdom,3,2012-09-03,2012-09-17
b3aee4a492824f9d1701c5ff400d26f2,Lars Carter 30,Germany,1,2014-04-14,2014-04-14
43e119961344e5b814ba2679851abf8c,Mary Martinez 4,Australia,2,2015-09-26,2016-10-19
c58f31afafc889ac84d414653e8f1839,Matthew Roberts,Netherlands,1,2017-11-17,2017-11-17
a3e8d3e9b5fd56abac016a14e500099f,Mei Ivanov 18,United States,1,2025-03-16,2025-03-16
a2a1b50e08260e53a94ae7326534f71a,Paul Jackson 23,Australia,2,2015-06-11,2015-06-11
ac3cd7086c400e20c8d5736b79359e88,Priya Moore 29,Saudi Arabia,1,2018-02-13,2018-02-13
8955900fbc7dcc2b22b17e70ba1688e5,Raj Harris 21,United States,2,2016-07-17,2016-07-30
babc1f3d97cb931ca1e372dab48b8c95,Sarah Carter 8,Canada,1,2025-04-11,2025-04-11
2ae2561461180b37fe46269d60b253e2,Sharon Lewis 5,United States,2,2017-04-25,2017-04-25
295c984d4d74882e41888338a99ce13e,Sharon Martinez 25,United Kingdom,1,2018-01-28,2018-01-28
a2274639b334828ee51b0c0c3fbf80d5,Sofia Gonzalez 11,South Africa,1,2015-05-29,2015-05-29
7cd63004a3b249eb3a2bf9d808e0c373,Yuki Jackson 22,United States,1,2016-08-06,2016-08-06
29185ea40dca08924ec62b9426cd0eab,Yuki Robinson 22,United Kingdom,1,2014-07-19,2014-07-19
846f75e71bd05dffdb9bef005082c5bf,Yuki Williams 5,Malaysia,1,2019-11-25,2019-11-25
b66103b52beb0d6b9338eaff04bba00b,Amanda Patel 15,Australia,2,2015-08-25,2015-08-25
b37b5fab09067d7158321fe66eb2ba61,Brian Lee 29,United Kingdom,2,2007-12-07,2007-12-07
f7c3ea38c1a4a7ae05db256cc96e3dec,Brian Thomas 5,United States,1,2012-05-01,2012-05-01
9730b67d568e7960ce838036384b94b7,Carol Rossi 23,Singapore,1,2016-03-22,2016-03-22
a37cdd506385de956c21502bb0a30b9f,Elena Smith 7,United States,1,2023-10-16,2023-10-16
b22fc429a4cd35268477323514f25888,James White 7,United States,1,2012-07-25,2012-07-25
2ffea769098da89dc259acd3f0348300,Lars Jones 9,United Kingdom,1,2011-10-22,2011-10-22
4d599fef22038210feefe730050f1512,Laura Roberts 23,United Kingdom,2,2015-09-10,2015-09-10
afe04657d7717388bb3ad6c29a4419ff,Mary Robinson 9,Turkey,2,2018-03-02,2018-03-02
13891f6c9e3a796ad5dcfee6462a83eb,Matthew Rivera 13,Ethiopia,2,2021-01-11,2021-01-11
e0f4798d42648fe2aa62004b07cddfd8,Rebecca Smith 16,Australia,1,2017-11-04,2017-11-04
359f7f1da9e39d15e5daafb5202dd730,Sandra Martin 20,Singapore,2,2015-01-02,2015-01-02
2538fb4001e6549b2fa26026d6900181,Sarah Smith 17,Switzerland,1,2017-06-10,2017-06-10
25533b1b52339e6db4f6e782bcb1f9b3,Steven Young 29,Bahrain,1,2017-07-08,2017-07-08
382d9687d714d05ce7534e635976e2ce,Wei Tanaka 29,Switzerland,2,2014-10-04,2015-01-02
409e218d96bca27e8f0a6050af827921,Emily Rossi 11,Canada,2,2020-04-17,2020-04-17
58f07ecc7dcf9aa739e31dbf430bf31f,Jennifer Ivanov 5,Netherlands,1,2025-08-08,2025-08-08
cdcaca11ea0c22c6afdfabea68e1965a,Kevin Andersson 12,Vietnam,1,2019-12-26,2019-12-26
3d55303349eb9d8a81abf293d7bed899,Kimberly Jackson 2,China,2,2016-04-14,2016-04-16
ddd839f932897c38b42e4ce37c85bc4e,Mark Scott 27,Australia,1,2012-01-25,2012-01-25
316d72c224a6041c02f0e0d8de74bcf3,Matthew Rossi 2,United Kingdom,1,2013-08-05,2013-08-05
03a3d30b18995814910696cf6e6fe0b4,Matthew Tanaka 7,Australia,1,2020-04-17,2020-04-17
e7a22c00eec98c9006f096d5dbb2d773,Priya Rivera 10,Spain,2,2017-11-28,2017-11-28
37cd07a2fc6b720096213c86165e39fe,Rebecca Jackson 6,Italy,1,2016-11-19,2016-11-19
329c313feba35cf1a5a80314054dd77a,Ronald Baker 3,United States,1,2025-08-14,2025-08-14
0df347a5412f27b56afcd4157c87d559,Andrew Hill 13,United Arab Emirates,1,2020-01-29,2020-01-29
8b4b9e7e58d82da3e99fb0df85a8cd4e,Anthony Anderson 26,New Zealand,2,2013-09-15,2013-09-15
786f6a0464d4558cbfec69f6b9540e00,Kenneth Gonzalez 30,Italy,1,2018-08-13,2018-08-13
b4795c12aff76d97e092a4edf82ba997,Lars Green 24,United States,1,2012-09-10,2012-09-10
2d8e2e61f1274e638b54da08a4511a93,Lisa Brown 24,United States,1,2017-03-21,2017-03-21
e35a7cd00e36eb76744436aabc0ff53a,Mark Campbell 11,Saudi Arabia,1,2013-05-29,2013-05-29
2f4f1d67c5a2943a3a73b1f549cbb1c1,Raj Green 15,Colombia,2,2015-08-06,2015-08-06
0e3c1a3f3bfebcf56655dced0f956f9a,Rebecca Wright 5,United Kingdom,2,2008-09-29,2008-12-30
0ea8c11020595853a4dd5c79f57e48c7,Sandra Hall 7,Sri Lanka,1,2015-05-29,2015-05-29
dd21dac5bb869e07c50f957ded79ea98,Sandra Nelson 10,United States,2,2011-05-03,2013-02-19
440b613fcb856ad15d16e6c6857a5b50,Thomas Ivanov 27,United Kingdom,1,2015-01-27,2015-01-27
994a1b3e111f441808d03b2c9be3e566,Carlos Andersson 4,Sweden,1,2014-07-21,2014-07-21
84105d2fe272afbf65c0cd1595ffc5fc,Charles Jackson 22,Germany,1,2018-08-02,2018-08-02
05ad657f93e7672fd2af9dc4fd178b66,Christopher Sanchez 29,Austria,1,2019-03-31,2019-03-31
d67f5834a84100eb944ce4232df71934,George Mueller 20,United Kingdom,1,2013-02-04,2013-02-04
54b315db254544132f6cc844c3760f60,George White 3,Australia,1,2011-05-03,2011-05-03
84444ab6de5b3334eb9811c24a42d925,Helen Allen 16,Trinidad & Tobago,1,2014-10-22,2014-10-22
9b6e071aaa9605c1d80aba7f9f1a8a7b,Helen Miller 21,New Zealand,1,2012-02-27,2012-02-27
cab015a84f753ab0477f6e3c933f0f35,Jason Lopez 30,New Zealand,1,2016-10-08,2016-10-08
4fd9951a19fd7a5e67e32785bd341597,Joshua Davis 12,Spain,1,2020-02-04,2020-02-04
36dcbc523478a46cd554a1c64eacd6ba,Linda Rivera 2,United Kingdom,3,2015-09-07,2016-07-17
ee5f612f7c5235b9c54b68027d064b49,Mary White 27,Australia,1,2014-07-19,2014-07-19
2f0ef1ff08a2404422b354fad8a1e123,Matthew Hall 30,United Kingdom,1,2010-02-07,2010-02-07
f9a74f7d3fcb2287b10d3c95773b4370,Melissa Nguyen 21,Australia,1,2012-08-05,2012-08-05
a5a86b3b2c3bc20855579c913a13dd2d,Nancy Rodriguez 3,Canada,1,2016-02-19,2016-02-19
29da7295e9a944045cb14aba72e85518,Raj Garcia 12,Pakistan,1,2021-01-26,2021-01-26
883f5fc0198cb3f14f4b46122cd932f9,Sarah Miller 31,France,1,2011-09-13,2011-09-13
1deb4c4e53d7f04787cfef4ce4960e32,Sofia Gonzalez 13,Canada,1,2019-01-02,2019-01-02
634e0e2b6adec7af57525a43dbb505a4,Wei Scott 22,United Kingdom,1,2015-02-07,2015-02-07
b000122bbeffa7ee3ed57df0b13aaacb,Aisha Martinez 28,United Kingdom,1,2016-09-25,2016-09-25
7966746f18fde61735890583a400363f,Charles Allen 23,Austria,1,2014-07-19,2014-07-19
45697125503b4c0d4ae54175d98c1279,Diego Thompson 27,United Kingdom,2,2017-04-03,2017-04-03
1d61dae3985d258e9a0256539ba93afe,Donna Martinez 30,United Kingdom,1,2010-08-28,2010-08-28
abe1a04862e6a9ac882b307e2e1796c8,Fatima Thompson 2,Philippines,1,2016-07-24,2016-07-24
8a163ca3b07d036ab5bc280a29b2be41,Helen Wilson 23,United Kingdom,2,2021-03-28,2022-06-04
174dc979402eed2a2cce1fa18fd9cf24,Ingrid Brown 12,United Kingdom,2,2023-03-11,2025-12-15
4302f98d664263379555a1478e9908cb,Ingrid Hernandez 6,Canada,1,2015-09-27,2015-09-27
2318720e4aa069d8936aafe410fa7543,John Flores 19,Australia,1,2017-06-18,2017-06-18
6ae5be99337dd4723ca3731fc8b703a2,Lars Costa 28,Australia,1,2023-08-21,2023-08-21
fbcd9f8b91d115d3390e0afd4866b3d9,Linda Hill 25,United Kingdom,1,2018-08-11,2018-08-11
cacc32e019e0b474886712e9aab55c56,Mei Andersson 13,United Kingdom,2,2010-08-28,2016-03-03
2fbe86477583f1c0a3967f72c9d76506,Priya Singh 23,Netherlands,1,2011-11-28,2011-11-28
e8f4074e2c26b349efbfcf7312acf016,Raj Perez 19,Brazil,1,2012-08-05,2012-08-05
b380d6b0b7eea1814d48bb55520325bd,Ronald Hernandez 31,Singapore,1,2019-01-26,2019-01-26
3eb8d54266d74afc2b2923c657d3c149,Stephen Gonzalez 28,United Kingdom,3,2014-02-07,2018-01-05
893ccc59c424b2bfd25bf5e05d9ad911,Steven Mitchell 6,Australia,1,2019-07-23,2019-07-23
e2dc55b428780b7a3976b3a5b1b62ecb,Brian Wright 14,Czech Republic,2,2016-01-31,2016-01-31
a2f627af2f91f72823c7639cc5b6cbf7,Christopher Hill 13,United Kingdom,1,2007-04-27,2007-04-27
9f76bfcfdfd35fcf0a7f42c950268a6a,Daniel Allen 13,Netherlands,2,2022-11-30,2022-11-30
0584ce125ce5628f452042fe3e6855ec,Fatima Lewis 21,Belgium,2,2016-01-30,2016-01-30
2be52a4f924e01a65a128390a7a04070,Helen Thomas 16,Australia,1,2012-11-07,2012-11-07
3993b9a3799d0acad3a4db595fe584b5,Karen Allen 27,United States,1,2025-07-05,2025-07-05
3e1185bc028253f065b33105ab5f59f1,Linda Flores 22,Australia,1,2012-11-08,2012-11-08
125ce70147c9528cab3ecc93f5894b58,Michael Haddad 21,United States,2,2013-03-20,2013-03-20
dba2e5c3297ad443e94573ad03d661da,Nancy White 14,United States,2,2014-02-20,2014-02-20
00ae8ce265e0b612e2f6037411bc3817,Rebecca Mitchell 5,United Kingdom,1,2015-01-30,2015-01-30
6cd07ccb7ef63cbb8c7df155022eb4dc,Steven Haddad 22,Oman,1,2016-07-03,2016-07-03
6e1f7c7e2f5c9626f8a272aa663547ae,Cynthia Mitchell,Bahrain,1,2016-12-04,2016-12-04
e2db3ef72597d7639a8d9ff339126b7a,Daniel Flores 20,United Kingdom,1,2014-05-28,2014-05-28
d7a70d1269fae12b4279f035e29c6ff3,Henrik Patel 5,India,1,2017-05-30,2017-05-30
01caeef56528e0512867446fef9de4bf,Sarah Miller 13,United Kingdom,1,2014-04-16,2014-04-16
488e91d7ab64c17f57350f0d29e6e353,Thomas Miller 12,Germany,1,2015-11-03,2015-11-03
0e8e2162df2ddeaa4ca686a5d34feafb,Carol Lopez 2,United Kingdom,1,2010-01-12,2010-01-12
41ec2ee9eeb204a0e15a71d5b5573ae8,Elena Costa 25,United Kingdom,1,2016-02-07,2016-02-07
6ad639c81fe2b0e6beb6d0d2de2798ca,Henrik Mueller 4,United States,1,2011-05-01,2011-05-01
86e807fd9ebc7a8f0a4d268d737d34c8,Ingrid Nelson 14,United Kingdom,1,2016-01-18,2016-01-18
887875997d09154f60f52cfa4df9de5c,James Martinez 4,Australia,1,2013-08-05,2013-08-05
2f7288a1a97bcafd5e0d45662dff9ffc,Jason Wright 2,United Kingdom,1,2013-01-10,2013-01-10
12203ca56d018f86d57d035357e81a97,John Singh 8,United Kingdom,1,2009-05-28,2009-05-28
6fa080acbd31e2b695a965deeaaef5c9,Joshua Ramirez 16,United Kingdom,1,2008-10-30,2008-10-30
ca0aaf594db94e550151a027c096ac2e,Matthew Rossi 22,Australia,1,2015-11-23,2015-11-23
494cd6526ce215e667a7404948d7c19d,Mei Torres 20,Sweden,1,2017-10-09,2017-10-09
7708de5ab541e111f65587da972fd223,Sandra Scott 8,Italy,1,2023-04-22,2023-04-22
80880926e789c58f6b9d895bd09405d3,Anthony Clark 12,United Kingdom,2,2010-07-05,2010-07-05
317e4552f920beb82b08534b1a3348ce,Carol Flores 14,United Kingdom,1,2009-11-10,2009-11-10
eb9575e1b5df6b8297f6881bb25bbd12,David Ivanov 13,United States,1,2015-05-09,2015-05-09
2a442bfcf988d953c17cdbe630b17548,Elena Okafor,United Kingdom,1,2009-02-28,2009-02-28
f3d4438eb18715f175bbbcd27a0d6321,James Hernandez 11,United States,1,2019-11-22,2019-11-22
6a7a052ff5a8372cba32b249a41f440b,Joshua Wilson 19,Japan,2,2023-12-18,2024-01-28
87185be24439879cbc9e5d466d1c1ef7,Karen Harris 15,Peru,1,2016-01-06,2016-01-06
daec0130f6e56acd01c1dcd9c2b5546e,Mary Davis,Canada,1,2012-01-25,2012-01-25
ad70e14bc6fa9c97401e7471d5befe26,Sarah Brown 18,Australia,1,2016-06-01,2016-06-01
099a1f533a40ef151fa73394f68b64cc,Amanda Campbell 20,United Kingdom,1,2013-01-11,2013-01-11
31a46bff39c78174bae8efaa55f5eee6,Jennifer Martinez 10,United Kingdom,1,2017-11-21,2017-11-21
fe5369e2c0e88a28e1c6afee825f3bef,Kathleen Ivanov 7,Thailand,1,2013-07-07,2013-07-07
3f53c1da171567d7f68669983d9cc553,Michael Chen 26,Australia,1,2013-01-15,2013-01-15
230a32dcfdd06b8293dbf3191a212abe,Charles Perez 27,Ukraine,1,2015-07-01,2015-07-01
9fc1a4469b84b5f0586c60b6b941263c,Christopher Garcia,Russian Federation,1,2017-12-14,2017-12-14
815d633af598cc66a872c5b4e33e6a2d,Daniel Jackson 13,United Kingdom,1,2017-02-07,2017-02-07
096fe109d5a87843009691246ec57255,Donna Sanchez,United Kingdom,1,2015-05-31,2015-05-31
c88feac5dda0f337178ff2dc5a78f5ff,Ingrid Lewis 26,Portugal,1,2019-01-04,2019-01-04
94472838823e5c50632149fc222f320f,Jennifer Miller 24,Australia,1,2016-11-16,2016-11-16
45f440467f5d8003a5f46fedcc213517,Linda Williams 9,United Kingdom,1,2015-01-02,2015-01-02
dde55c2bee4774aeac3b8e5cc5843eb7,Mei Hall 25,United States,1,2013-12-23,2013-12-23
7a860074b95fd3d7b8dfa718c1974382,Michael Adams 5,Cyprus,1,2017-01-08,2017-01-08
e7f87589f9791feb7c3e7b7a700bd94d,Patricia Moore 12,Germany,1,2015-11-23,2015-11-23
0742456ea8762d05acbfe16e3877f0f0,Stephen Jones 5,Spain,1,2024-01-21,2024-01-21
67b5de0ccdbc82c141ffc599d2f82dbe,Diego Thompson 19,United Kingdom,1,2014-02-20,2014-02-20
5ab11fc16c5d0bf5bfc61d9f7d9a30f6,Henrik Lee 31,United Kingdom,1,2010-11-20,2010-11-20
a1c2531879719081a1eebb7310b6fd69,Kathleen Davis 17,Australia,1,2013-07-07,2013-07-07
6713cd266c967116a09f98d14f0cf696,Mary Green 18,United States,1,2013-07-31,2013-07-31
4bc275bba0ad76bfea84041510f785a9,Michelle Green 22,Australia,1,2013-03-20,2013-03-20
f1b83adf0e52e5c1bbe3bd39da3e9d0b,Sharon Hall 15,Singapore,1,2016-05-17,2016-05-17
3824b904f32df9e9a1b2896da5f37ccd,Thomas Singh 18,United Kingdom,1,2010-04-09,2010-04-09
